customer_id,Recency,Frequency,Monetary,Cluster,Segment,Churn
CUST00001,3,461,946669.84,4,Less-Recent Regulars,0
CUST00002,2,440,969764.01,1,High-Value Regulars,0
CUST00003,2,323,652800.98,5,Recent Medium-Value,0
CUST00004,1,475,1033529.62,1,High-Value Regulars,0
CUST00005,3,294,600792.95,2,Occasional Customers,0
CUST00006,5,470,1036530.84,4,Less-Recent Regulars,0
CUST00007,1,1072,2366659.76,0,VIP / Champions,0
CUST00008,1,491,1109755.53,1,High-Value Regulars,0
CUST00009,1,735,1558870.3699999999,7,Recent Loyal Customers,0
CUST00010,1,352,680728.41,5,Recent Medium-Value,0
CUST00011,1,717,1513482.2,7,Recent Loyal Customers,0
CUST00012,2,483,971420.87,1,High-Value Regulars,0
CUST00013,1,321,751195.88,5,Recent Medium-Value,0
CUST00014,1,466,997729.07,1,High-Value Regulars,0
CUST00015,2,328,701682.46,5,Recent Medium-Value,0
CUST00016,2,685,1499284.39,3,Loyal High-Frequency,0
CUST00017,2,691,1480295.16,3,Loyal High-Frequency,0
CUST00018,6,336,785078.11,2,Occasional Customers,0
CUST00019,7,453,966720.85,4,Less-Recent Regulars,0
CUST00020,2,326,651910.66,5,Recent Medium-Value,0
CUST00021,8,334,670974.19,6,At-Risk Customers,0
CUST00022,13,329,653787.24,6,At-Risk Customers,0
CUST00023,1,503,1111625.86,1,High-Value Regulars,0
CUST00024,1,661,1464640.35,7,Recent Loyal Customers,0
CUST00025,1,1108,2331633.5,0,VIP / Champions,0
CUST00026,1,446,910069.5,1,High-Value Regulars,0
CUST00027,3,309,667006.61,2,Occasional Customers,0
CUST00028,5,441,877731.16,4,Less-Recent Regulars,0
CUST00029,5,330,711942.05,2,Occasional Customers,0
CUST00030,3,456,1043652.85,4,Less-Recent Regulars,0
CUST00031,1,469,1076243.9,1,High-Value Regulars,0
CUST00032,4,319,655173.08,2,Occasional Customers,0
CUST00033,3,309,658074.17,2,Occasional Customers,0
CUST00034,1,318,657154.36,5,Recent Medium-Value,0
CUST00035,6,289,608829.36,2,Occasional Customers,0
CUST00036,1,684,1419982.69,7,Recent Loyal Customers,0
CUST00037,1,326,699846.93,5,Recent Medium-Value,0
CUST00038,2,712,1475588.46,3,Loyal High-Frequency,0
CUST00039,1,478,985196.28,1,High-Value Regulars,0
CUST00040,4,323,726541.05,2,Occasional Customers,0
CUST00041,2,323,684436.65,5,Recent Medium-Value,0
CUST00042,1,1030,2149889.25,0,VIP / Champions,0
CUST00043,1,470,981187.71,1,High-Value Regulars,0
CUST00044,3,331,684952.33,2,Occasional Customers,0
CUST00045,2,464,1005207.92,1,High-Value Regulars,0
CUST00046,6,319,738129.52,2,Occasional Customers,0
CUST00047,3,467,1053697.1199999999,4,Less-Recent Regulars,0
CUST00048,2,332,661921.45,5,Recent Medium-Value,0
CUST00049,7,326,657174.53,6,At-Risk Customers,0
CUST00050,1,472,1024034.86,1,High-Value Regulars,0
CUST00051,6,481,1040987.2,4,Less-Recent Regulars,0
CUST00052,1,474,980121.04,1,High-Value Regulars,0
CUST00053,2,1070,2274932.8,0,VIP / Champions,0
CUST00054,4,305,662938.99,2,Occasional Customers,0
CUST00055,1,498,987530.32,1,High-Value Regulars,0
CUST00056,5,699,1376911.88,3,Loyal High-Frequency,0
CUST00057,1,456,1038868.77,1,High-Value Regulars,0
CUST00058,2,676,1396176.65,3,Loyal High-Frequency,0
CUST00059,5,492,1014916.73,4,Less-Recent Regulars,0
CUST00060,1,293,638697.56,5,Recent Medium-Value,0
CUST00061,1,1134,2401265.0,0,VIP / Champions,0
CUST00062,2,333,707445.96,5,Recent Medium-Value,0
CUST00063,4,487,1040292.07,4,Less-Recent Regulars,0
CUST00064,3,501,959960.19,4,Less-Recent Regulars,0
CUST00065,3,446,1034734.03,4,Less-Recent Regulars,0
CUST00066,1,471,1025362.46,1,High-Value Regulars,0
CUST00067,2,492,1083171.56,1,High-Value Regulars,0
CUST00068,3,449,911648.77,4,Less-Recent Regulars,0
CUST00069,1,468,982807.24,1,High-Value Regulars,0
CUST00070,2,462,924859.27,1,High-Value Regulars,0
CUST00071,3,371,771629.3200000001,2,Occasional Customers,0
CUST00072,1,685,1474393.48,7,Recent Loyal Customers,0
CUST00073,2,1061,2342052.9,0,VIP / Champions,0
CUST00074,1,332,771705.82,5,Recent Medium-Value,0
CUST00075,1,324,726463.06,5,Recent Medium-Value,0
CUST00076,1,1052,2294420.37,0,VIP / Champions,0
CUST00077,3,430,838177.38,4,Less-Recent Regulars,0
CUST00078,1,455,920549.91,1,High-Value Regulars,0
CUST00079,2,461,934039.24,1,High-Value Regulars,0
CUST00080,2,466,929262.43,1,High-Value Regulars,0
CUST00081,3,365,770873.82,2,Occasional Customers,0
CUST00082,2,690,1473443.66,3,Loyal High-Frequency,0
CUST00083,6,477,1056249.32,4,Less-Recent Regulars,0
CUST00084,1,440,914718.01,1,High-Value Regulars,0
CUST00085,2,464,1004075.57,1,High-Value Regulars,0
CUST00086,2,1101,2288807.06,0,VIP / Champions,0
CUST00087,1,686,1473630.47,7,Recent Loyal Customers,0
CUST00088,1,303,662145.87,5,Recent Medium-Value,0
CUST00089,7,302,564870.09,6,At-Risk Customers,0
CUST00090,2,320,654711.83,5,Recent Medium-Value,0
CUST00091,3,1065,2329273.81,0,VIP / Champions,0
CUST00092,2,324,700563.97,5,Recent Medium-Value,0
CUST00093,2,687,1456793.55,3,Loyal High-Frequency,0
CUST00094,2,473,891527.91,1,High-Value Regulars,0
CUST00095,1,699,1413866.88,7,Recent Loyal Customers,0
CUST00096,2,452,997535.21,1,High-Value Regulars,0
CUST00097,5,311,674299.71,2,Occasional Customers,0
CUST00098,3,439,971861.71,4,Less-Recent Regulars,0
CUST00099,4,298,622436.27,2,Occasional Customers,0
CUST00100,2,343,716659.07,5,Recent Medium-Value,0
CUST00101,2,323,683513.21,5,Recent Medium-Value,0
CUST00102,2,691,1399021.73,3,Loyal High-Frequency,0
CUST00103,1,304,644324.04,5,Recent Medium-Value,0
CUST00104,2,353,729435.08,5,Recent Medium-Value,0
CUST00105,3,306,649071.14,2,Occasional Customers,0
CUST00106,1,351,707785.98,5,Recent Medium-Value,0
CUST00107,2,323,656775.28,5,Recent Medium-Value,0
CUST00108,1,473,975078.86,1,High-Value Regulars,0
CUST00109,1,482,1013963.59,1,High-Value Regulars,0
CUST00110,5,477,980876.05,4,Less-Recent Regulars,0
CUST00111,4,702,1423349.52,3,Loyal High-Frequency,0
CUST00112,1,332,740313.46,5,Recent Medium-Value,0
CUST00113,4,458,1014660.62,4,Less-Recent Regulars,0
CUST00114,2,460,976130.65,1,High-Value Regulars,0
CUST00115,2,697,1488183.17,3,Loyal High-Frequency,0
CUST00116,1,358,730461.86,5,Recent Medium-Value,0
CUST00117,2,437,803173.08,1,High-Value Regulars,0
CUST00118,3,295,621621.62,2,Occasional Customers,0
CUST00119,2,307,712290.97,5,Recent Medium-Value,0
CUST00120,1,462,903560.35,1,High-Value Regulars,0
CUST00121,1,334,681652.87,5,Recent Medium-Value,0
CUST00122,2,726,1443678.24,3,Loyal High-Frequency,0
CUST00123,3,1024,2129444.68,0,VIP / Champions,0
CUST00124,4,463,951681.45,4,Less-Recent Regulars,0
CUST00125,1,1097,2315266.0,0,VIP / Champions,0
CUST00126,4,466,1064270.58,4,Less-Recent Regulars,0
CUST00127,1,347,786844.79,5,Recent Medium-Value,0
CUST00128,1,1117,2310283.69,0,VIP / Champions,0
CUST00129,2,336,731513.98,5,Recent Medium-Value,0
CUST00130,2,323,635119.23,5,Recent Medium-Value,0
CUST00131,2,322,686287.34,5,Recent Medium-Value,0
CUST00132,1,678,1452345.88,7,Recent Loyal Customers,0
CUST00133,6,341,792099.42,2,Occasional Customers,0
CUST00134,6,645,1335157.65,3,Loyal High-Frequency,0
CUST00135,3,709,1414463.47,3,Loyal High-Frequency,0
CUST00136,1,993,2092442.78,0,VIP / Champions,0
CUST00137,1,1049,2190278.42,0,VIP / Champions,0
CUST00138,1,337,679747.82,5,Recent Medium-Value,0
CUST00139,2,481,1023639.66,1,High-Value Regulars,0
CUST00140,1,666,1302934.41,7,Recent Loyal Customers,0
CUST00141,2,323,620394.95,5,Recent Medium-Value,0
CUST00142,2,1087,2221142.45,0,VIP / Champions,0
CUST00143,3,685,1501430.56,3,Loyal High-Frequency,0
CUST00144,2,1078,2263795.63,0,VIP / Champions,0
CUST00145,4,324,704398.69,2,Occasional Customers,0
CUST00146,5,292,554242.65,2,Occasional Customers,0
CUST00147,2,1168,2430630.69,0,VIP / Champions,0
CUST00148,2,363,757287.64,5,Recent Medium-Value,0
CUST00149,1,1058,2290517.58,0,VIP / Champions,0
CUST00150,3,344,686776.14,2,Occasional Customers,0
CUST00151,2,288,560909.37,5,Recent Medium-Value,0
CUST00152,4,469,1017357.45,4,Less-Recent Regulars,0
CUST00153,3,1109,2338692.35,0,VIP / Champions,0
CUST00154,1,501,1014735.73,1,High-Value Regulars,0
CUST00155,4,456,974960.7,4,Less-Recent Regulars,0
CUST00156,2,327,689831.41,5,Recent Medium-Value,0
CUST00157,2,320,754078.15,5,Recent Medium-Value,0
CUST00158,3,642,1391779.64,3,Loyal High-Frequency,0
CUST00159,1,741,1665339.15,7,Recent Loyal Customers,0
CUST00160,4,699,1461934.2,3,Loyal High-Frequency,0
CUST00161,1,288,643345.47,5,Recent Medium-Value,0
CUST00162,1,363,778347.92,5,Recent Medium-Value,0
CUST00163,1,469,940170.18,1,High-Value Regulars,0
CUST00164,1,485,995887.71,1,High-Value Regulars,0
CUST00165,4,483,1034743.72,4,Less-Recent Regulars,0
CUST00166,4,347,694998.61,2,Occasional Customers,0
CUST00167,3,684,1380554.02,3,Loyal High-Frequency,0
CUST00168,1,497,1146820.3,1,High-Value Regulars,0
CUST00169,3,494,1022346.6,4,Less-Recent Regulars,0
CUST00170,2,311,731899.52,5,Recent Medium-Value,0
CUST00171,1,346,642543.98,5,Recent Medium-Value,0
CUST00172,1,333,734687.15,5,Recent Medium-Value,0
CUST00173,5,498,1052394.94,4,Less-Recent Regulars,0
CUST00174,1,435,960350.09,1,High-Value Regulars,0
CUST00175,2,306,684607.94,5,Recent Medium-Value,0
CUST00176,5,440,935972.75,4,Less-Recent Regulars,0
CUST00177,2,451,1022982.6900000001,1,High-Value Regulars,0
CUST00178,4,344,737622.45,2,Occasional Customers,0
CUST00179,9,330,635929.66,6,At-Risk Customers,0
CUST00180,3,473,1008883.79,4,Less-Recent Regulars,0
CUST00181,3,309,596198.11,2,Occasional Customers,0
CUST00182,1,339,677071.86,5,Recent Medium-Value,0
CUST00183,5,426,937826.75,4,Less-Recent Regulars,0
CUST00184,6,345,751561.91,2,Occasional Customers,0
CUST00185,1,668,1369564.52,7,Recent Loyal Customers,0
CUST00186,2,436,942501.71,1,High-Value Regulars,0
CUST00187,1,322,740099.18,5,Recent Medium-Value,0
CUST00188,9,331,721519.68,6,At-Risk Customers,0
CUST00189,4,329,711886.72,2,Occasional Customers,0
CUST00190,1,1043,2240403.1,0,VIP / Champions,0
CUST00191,7,316,673137.4,6,At-Risk Customers,0
CUST00192,11,338,716458.9,6,At-Risk Customers,0
CUST00193,4,719,1405908.08,3,Loyal High-Frequency,0
CUST00194,4,336,688223.18,2,Occasional Customers,0
CUST00195,11,301,706231.31,6,At-Risk Customers,0
CUST00196,2,783,1627553.31,3,Loyal High-Frequency,0
CUST00197,2,472,1004547.01,1,High-Value Regulars,0
CUST00198,1,317,607751.04,5,Recent Medium-Value,0
CUST00199,1,342,715095.59,5,Recent Medium-Value,0
CUST00200,3,701,1482451.09,3,Loyal High-Frequency,0
CUST00201,1,319,702292.55,5,Recent Medium-Value,0
CUST00202,4,490,1011286.83,4,Less-Recent Regulars,0
CUST00203,1,297,698186.18,5,Recent Medium-Value,0
CUST00204,1,323,630870.32,5,Recent Medium-Value,0
CUST00205,1,315,619488.64,5,Recent Medium-Value,0
CUST00206,4,352,780667.89,2,Occasional Customers,0
CUST00207,2,467,1065690.17,1,High-Value Regulars,0
CUST00208,4,478,1059286.97,4,Less-Recent Regulars,0
CUST00209,1,339,737907.1,5,Recent Medium-Value,0
CUST00210,7,313,626593.24,6,At-Risk Customers,0
CUST00211,2,708,1382818.74,3,Loyal High-Frequency,0
CUST00212,8,483,1064845.33,4,Less-Recent Regulars,0
CUST00213,8,485,1001295.92,4,Less-Recent Regulars,0
CUST00214,2,286,603014.18,5,Recent Medium-Value,0
CUST00215,5,492,1052874.54,4,Less-Recent Regulars,0
CUST00216,2,483,986531.69,1,High-Value Regulars,0
CUST00217,7,310,566165.37,6,At-Risk Customers,0
CUST00218,3,466,989592.8099999999,4,Less-Recent Regulars,0
CUST00219,6,296,607678.4299999999,2,Occasional Customers,0
CUST00220,5,352,784179.08,2,Occasional Customers,0
CUST00221,1,450,968564.4,1,High-Value Regulars,0
CUST00222,3,311,632429.6,2,Occasional Customers,0
CUST00223,1,711,1539430.98,7,Recent Loyal Customers,0
CUST00224,4,326,696540.13,2,Occasional Customers,0
CUST00225,1,327,541056.74,5,Recent Medium-Value,0
CUST00226,3,299,688910.86,2,Occasional Customers,0
CUST00227,3,686,1384404.44,3,Loyal High-Frequency,0
CUST00228,2,728,1593007.37,3,Loyal High-Frequency,0
CUST00229,1,975,2154906.38,0,VIP / Champions,0
CUST00230,1,735,1560098.81,7,Recent Loyal Customers,0
CUST00231,1,710,1459649.89,7,Recent Loyal Customers,0
CUST00232,1,1027,2112724.25,0,VIP / Champions,0
CUST00233,2,310,545496.23,5,Recent Medium-Value,0
CUST00234,2,449,994856.64,1,High-Value Regulars,0
CUST00235,1,322,759280.73,5,Recent Medium-Value,0
CUST00236,1,746,1490432.14,7,Recent Loyal Customers,0
CUST00237,2,336,718710.65,5,Recent Medium-Value,0
CUST00238,1,451,992423.46,1,High-Value Regulars,0
CUST00239,3,335,727557.55,2,Occasional Customers,0
CUST00240,1,460,931182.74,1,High-Value Regulars,0
CUST00241,2,772,1648137.21,3,Loyal High-Frequency,0
CUST00242,2,439,980811.01,1,High-Value Regulars,0
CUST00243,1,1023,2139707.99,0,VIP / Champions,0
CUST00244,1,350,761640.89,5,Recent Medium-Value,0
CUST00245,1,465,983404.51,1,High-Value Regulars,0
CUST00246,2,696,1497748.55,3,Loyal High-Frequency,0
CUST00247,1,454,957577.47,1,High-Value Regulars,0
CUST00248,4,540,1122928.01,4,Less-Recent Regulars,0
CUST00249,1,323,650750.74,5,Recent Medium-Value,0
CUST00250,1,681,1458806.98,7,Recent Loyal Customers,0
CUST00251,6,332,724560.11,2,Occasional Customers,0
CUST00252,2,340,681281.57,5,Recent Medium-Value,0
CUST00253,4,345,662537.14,2,Occasional Customers,0
CUST00254,8,465,1035886.44,4,Less-Recent Regulars,0
CUST00255,3,304,630909.09,2,Occasional Customers,0
CUST00256,1,1059,2240503.88,0,VIP / Champions,0
CUST00257,3,489,999466.54,4,Less-Recent Regulars,0
CUST00258,1,1070,2177328.79,0,VIP / Champions,0
CUST00259,1,448,949991.74,1,High-Value Regulars,0
CUST00260,1,683,1485230.39,7,Recent Loyal Customers,0
CUST00261,2,348,689804.14,5,Recent Medium-Value,0
CUST00262,2,497,955760.31,1,High-Value Regulars,0
CUST00263,2,316,692067.09,5,Recent Medium-Value,0
CUST00264,3,326,738005.7,2,Occasional Customers,0
CUST00265,6,333,670485.6,2,Occasional Customers,0
CUST00266,2,465,953401.8,1,High-Value Regulars,0
CUST00267,4,497,1032652.55,4,Less-Recent Regulars,0
CUST00268,8,297,630976.87,6,At-Risk Customers,0
CUST00269,2,728,1446543.03,3,Loyal High-Frequency,0
CUST00270,3,1087,2333769.36,0,VIP / Champions,0
CUST00271,1,698,1407295.54,7,Recent Loyal Customers,0
CUST00272,3,498,1094033.62,4,Less-Recent Regulars,0
CUST00273,2,504,1022189.5599999999,1,High-Value Regulars,0
CUST00274,2,350,683934.75,5,Recent Medium-Value,0
CUST00275,2,533,1148257.07,1,High-Value Regulars,0
CUST00276,8,335,693025.89,6,At-Risk Customers,0
CUST00277,1,1086,2406054.0,0,VIP / Champions,0
CUST00278,1,495,990005.33,1,High-Value Regulars,0
CUST00279,3,343,735256.21,2,Occasional Customers,0
CUST00280,1,340,792831.09,5,Recent Medium-Value,0
CUST00281,2,482,961549.77,1,High-Value Regulars,0
CUST00282,4,339,690987.72,2,Occasional Customers,0
CUST00283,2,687,1408237.72,3,Loyal High-Frequency,0
CUST00284,3,693,1586282.98,3,Loyal High-Frequency,0
CUST00285,6,720,1631615.15,3,Loyal High-Frequency,0
CUST00286,2,456,1001072.9,1,High-Value Regulars,0
CUST00287,1,704,1378034.52,7,Recent Loyal Customers,0
CUST00288,1,322,697618.99,5,Recent Medium-Value,0
CUST00289,2,450,960149.99,1,High-Value Regulars,0
CUST00290,1,472,979815.16,1,High-Value Regulars,0
CUST00291,1,1125,2502431.24,0,VIP / Champions,0
CUST00292,2,346,805188.69,5,Recent Medium-Value,0
CUST00293,3,304,663145.18,2,Occasional Customers,0
CUST00294,3,337,681895.16,2,Occasional Customers,0
CUST00295,1,1099,2313452.48,0,VIP / Champions,0
CUST00296,4,335,686998.26,2,Occasional Customers,0
CUST00297,1,342,697730.95,5,Recent Medium-Value,0
CUST00298,3,685,1461966.64,3,Loyal High-Frequency,0
CUST00299,1,1003,2205321.26,0,VIP / Champions,0
CUST00300,1,475,994566.39,1,High-Value Regulars,0
CUST00301,7,333,678302.74,6,At-Risk Customers,0
CUST00302,5,433,818468.99,4,Less-Recent Regulars,0
CUST00303,3,326,676654.47,2,Occasional Customers,0
CUST00304,11,335,657298.02,6,At-Risk Customers,0
CUST00305,1,448,1001723.8099999999,1,High-Value Regulars,0
CUST00306,1,666,1327522.84,7,Recent Loyal Customers,0
CUST00307,5,326,652959.54,2,Occasional Customers,0
CUST00308,4,444,801144.46,4,Less-Recent Regulars,0
CUST00309,1,338,660784.79,5,Recent Medium-Value,0
CUST00310,1,343,710601.34,5,Recent Medium-Value,0
CUST00311,3,317,751716.7,2,Occasional Customers,0
CUST00312,1,340,656375.77,5,Recent Medium-Value,0
CUST00313,2,318,686065.55,5,Recent Medium-Value,0
CUST00314,13,316,700403.34,6,At-Risk Customers,0
CUST00315,13,335,652459.16,6,At-Risk Customers,0
CUST00316,2,458,991932.11,1,High-Value Regulars,0
CUST00317,2,334,680501.6,5,Recent Medium-Value,0
CUST00318,6,320,603129.49,2,Occasional Customers,0
CUST00319,8,688,1437644.14,3,Loyal High-Frequency,0
CUST00320,1,653,1419503.45,7,Recent Loyal Customers,0
CUST00321,3,369,813175.43,2,Occasional Customers,0
CUST00322,1,1050,2215031.0,0,VIP / Champions,0
CUST00323,1,316,627393.42,5,Recent Medium-Value,0
CUST00324,3,674,1408047.69,3,Loyal High-Frequency,0
CUST00325,6,484,1093986.38,4,Less-Recent Regulars,0
CUST00326,6,344,742421.43,2,Occasional Customers,0
CUST00327,4,358,714627.4400000001,2,Occasional Customers,0
CUST00328,6,343,738967.41,2,Occasional Customers,0
CUST00329,1,473,964487.77,1,High-Value Regulars,0
CUST00330,5,317,732895.05,2,Occasional Customers,0
CUST00331,1,1084,2270978.15,0,VIP / Champions,0
CUST00332,3,323,703410.25,2,Occasional Customers,0
CUST00333,1,423,835634.85,1,High-Value Regulars,0
CUST00334,1,348,703180.75,5,Recent Medium-Value,0
CUST00335,1,1080,2274158.37,0,VIP / Champions,0
CUST00336,2,319,729469.26,5,Recent Medium-Value,0
CUST00337,2,340,699444.4,5,Recent Medium-Value,0
CUST00338,1,497,1010286.95,1,High-Value Regulars,0
CUST00339,1,351,693306.5,5,Recent Medium-Value,0
CUST00340,3,470,997132.74,4,Less-Recent Regulars,0
CUST00341,2,345,749213.8099999999,5,Recent Medium-Value,0
CUST00342,1,1148,2422087.29,0,VIP / Champions,0
CUST00343,2,707,1479626.3,3,Loyal High-Frequency,0
CUST00344,2,314,699681.01,5,Recent Medium-Value,0
CUST00345,3,674,1393720.16,3,Loyal High-Frequency,0
CUST00346,10,351,750869.52,6,At-Risk Customers,0
CUST00347,2,1063,2154227.78,0,VIP / Champions,0
CUST00348,3,300,659192.56,2,Occasional Customers,0
CUST00349,2,335,661846.5,5,Recent Medium-Value,0
CUST00350,2,704,1464659.31,3,Loyal High-Frequency,0
CUST00351,4,293,538671.96,2,Occasional Customers,0
CUST00352,2,1078,2215527.98,0,VIP / Champions,0
CUST00353,1,491,988230.76,1,High-Value Regulars,0
CUST00354,3,468,997242.62,4,Less-Recent Regulars,0
CUST00355,2,322,740907.08,5,Recent Medium-Value,0
CUST00356,3,471,951929.53,4,Less-Recent Regulars,0
CUST00357,1,494,1039890.86,1,High-Value Regulars,0
CUST00358,2,426,823371.72,1,High-Value Regulars,0
CUST00359,4,445,1025482.87,4,Less-Recent Regulars,0
CUST00360,1,457,1018296.97,1,High-Value Regulars,0
CUST00361,9,448,890925.21,6,At-Risk Customers,0
CUST00362,5,485,1032625.53,4,Less-Recent Regulars,0
CUST00363,4,479,965865.06,4,Less-Recent Regulars,0
CUST00364,1,1056,2195508.3,0,VIP / Champions,0
CUST00365,1,496,926047.45,1,High-Value Regulars,0
CUST00366,8,330,686618.13,6,At-Risk Customers,0
CUST00367,1,1089,2316961.66,0,VIP / Champions,0
CUST00368,1,1093,2293625.72,0,VIP / Champions,0
CUST00369,1,1125,2362329.73,0,VIP / Champions,0
CUST00370,11,314,516416.69,6,At-Risk Customers,0
CUST00371,2,318,698214.71,5,Recent Medium-Value,0
CUST00372,1,309,580415.31,5,Recent Medium-Value,0
CUST00373,3,712,1556529.01,3,Loyal High-Frequency,0
CUST00374,1,705,1601897.51,7,Recent Loyal Customers,0
CUST00375,2,336,717155.79,5,Recent Medium-Value,0
CUST00376,2,303,641249.17,5,Recent Medium-Value,0
CUST00377,1,686,1481310.48,7,Recent Loyal Customers,0
CUST00378,2,316,615506.07,5,Recent Medium-Value,0
CUST00379,3,481,1038281.84,4,Less-Recent Regulars,0
CUST00380,1,299,660638.47,5,Recent Medium-Value,0
CUST00381,4,354,708144.76,2,Occasional Customers,0
CUST00382,2,334,701367.13,5,Recent Medium-Value,0
CUST00383,4,354,664812.63,2,Occasional Customers,0
CUST00384,18,302,686904.95,6,At-Risk Customers,0
CUST00385,1,436,987038.59,1,High-Value Regulars,0
CUST00386,8,330,643848.18,6,At-Risk Customers,0
CUST00387,1,1094,2295107.12,0,VIP / Champions,0
CUST00388,3,449,954703.93,4,Less-Recent Regulars,0
CUST00389,5,327,814981.96,2,Occasional Customers,0
CUST00390,1,323,708980.91,5,Recent Medium-Value,0
CUST00391,1,451,913224.99,1,High-Value Regulars,0
CUST00392,1,451,954703.2,1,High-Value Regulars,0
CUST00393,3,470,984183.12,4,Less-Recent Regulars,0
CUST00394,1,707,1490696.7,7,Recent Loyal Customers,0
CUST00395,2,477,1004023.39,1,High-Value Regulars,0
CUST00396,4,342,695303.91,2,Occasional Customers,0
CUST00397,3,320,762719.29,2,Occasional Customers,0
CUST00398,3,327,708864.34,2,Occasional Customers,0
CUST00399,3,326,682718.05,2,Occasional Customers,0
CUST00400,2,413,897640.25,1,High-Value Regulars,0
CUST00401,7,313,652980.33,6,At-Risk Customers,0
CUST00402,1,328,742292.29,5,Recent Medium-Value,0
CUST00403,3,348,825886.76,2,Occasional Customers,0
CUST00404,3,673,1540904.54,3,Loyal High-Frequency,0
CUST00405,2,383,760743.45,5,Recent Medium-Value,0
CUST00406,1,480,959712.86,1,High-Value Regulars,0
CUST00407,1,711,1597340.38,7,Recent Loyal Customers,0
CUST00408,1,719,1527636.6,7,Recent Loyal Customers,0
CUST00409,4,678,1377195.09,3,Loyal High-Frequency,0
CUST00410,4,499,949027.76,4,Less-Recent Regulars,0
CUST00411,6,351,760371.28,2,Occasional Customers,0
CUST00412,3,460,922892.1900000001,4,Less-Recent Regulars,0
CUST00413,3,441,978990.5,4,Less-Recent Regulars,0
CUST00414,1,465,879768.3,1,High-Value Regulars,0
CUST00415,12,321,658957.01,6,At-Risk Customers,0
CUST00416,1,294,621502.73,5,Recent Medium-Value,0
CUST00417,7,296,602686.53,6,At-Risk Customers,0
CUST00418,9,469,946645.26,6,At-Risk Customers,0
CUST00419,1,715,1438081.15,7,Recent Loyal Customers,0
CUST00420,1,718,1485450.2,7,Recent Loyal Customers,0
CUST00421,2,315,703756.17,5,Recent Medium-Value,0
CUST00422,1,1051,2128010.39,0,VIP / Champions,0
CUST00423,2,457,898426.01,1,High-Value Regulars,0
CUST00424,1,681,1435273.15,7,Recent Loyal Customers,0
CUST00425,3,696,1504218.79,3,Loyal High-Frequency,0
CUST00426,8,433,896495.58,6,At-Risk Customers,0
CUST00427,2,1076,2245158.93,0,VIP / Champions,0
CUST00428,2,457,802583.79,1,High-Value Regulars,0
CUST00429,1,662,1332357.91,7,Recent Loyal Customers,0
CUST00430,3,332,711921.44,2,Occasional Customers,0
CUST00431,1,1024,2164101.38,0,VIP / Champions,0
CUST00432,1,705,1470207.89,7,Recent Loyal Customers,0
CUST00433,1,330,748696.06,5,Recent Medium-Value,0
CUST00434,2,440,1004522.8099999999,1,High-Value Regulars,0
CUST00435,12,328,730182.54,6,At-Risk Customers,0
CUST00436,1,435,925168.97,1,High-Value Regulars,0
CUST00437,1,679,1511574.62,7,Recent Loyal Customers,0
CUST00438,12,310,618675.12,6,At-Risk Customers,0
CUST00439,1,745,1505332.5,7,Recent Loyal Customers,0
CUST00440,1,719,1541676.17,7,Recent Loyal Customers,0
CUST00441,1,1065,2257740.6,0,VIP / Champions,0
CUST00442,1,1080,2187419.72,0,VIP / Champions,0
CUST00443,3,343,683364.25,2,Occasional Customers,0
CUST00444,1,321,729921.08,5,Recent Medium-Value,0
CUST00445,2,343,696072.31,5,Recent Medium-Value,0
CUST00446,7,331,775736.98,6,At-Risk Customers,0
CUST00447,1,337,689851.3099999999,5,Recent Medium-Value,0
CUST00448,5,449,962887.85,4,Less-Recent Regulars,0
CUST00449,1,717,1426855.91,7,Recent Loyal Customers,0
CUST00450,2,742,1635302.37,3,Loyal High-Frequency,0
CUST00451,1,453,918349.74,1,High-Value Regulars,0
CUST00452,1,284,634760.47,5,Recent Medium-Value,0
CUST00453,2,345,647312.84,5,Recent Medium-Value,0
CUST00454,4,298,581873.0,2,Occasional Customers,0
CUST00455,1,339,724478.35,5,Recent Medium-Value,0
CUST00456,4,659,1324349.24,3,Loyal High-Frequency,0
CUST00457,1,1062,2211190.53,0,VIP / Champions,0
CUST00458,1,716,1445851.66,7,Recent Loyal Customers,0
CUST00459,1,1062,2222708.6,0,VIP / Champions,0
CUST00460,1,307,701703.92,5,Recent Medium-Value,0
CUST00461,1,322,756924.33,5,Recent Medium-Value,0
CUST00462,2,356,831955.14,5,Recent Medium-Value,0
CUST00463,10,317,701029.11,6,At-Risk Customers,0
CUST00464,1,291,588326.09,5,Recent Medium-Value,0
CUST00465,4,469,963338.03,4,Less-Recent Regulars,0
CUST00466,1,500,1014952.6,1,High-Value Regulars,0
CUST00467,1,1091,2345904.25,0,VIP / Champions,0
CUST00468,1,325,686356.64,5,Recent Medium-Value,0
CUST00469,4,451,932490.34,4,Less-Recent Regulars,0
CUST00470,3,463,1001694.81,4,Less-Recent Regulars,0
CUST00471,2,722,1509532.42,3,Loyal High-Frequency,0
CUST00472,2,463,997256.51,1,High-Value Regulars,0
CUST00473,4,357,808902.21,2,Occasional Customers,0
CUST00474,2,338,680807.15,5,Recent Medium-Value,0
CUST00475,1,361,767775.66,5,Recent Medium-Value,0
CUST00476,4,341,770610.86,2,Occasional Customers,0
CUST00477,1,331,770090.2,5,Recent Medium-Value,0
CUST00478,5,474,994423.6,4,Less-Recent Regulars,0
CUST00479,3,1114,2330831.32,0,VIP / Champions,0
CUST00480,1,364,781632.36,5,Recent Medium-Value,0
CUST00481,1,309,624391.98,5,Recent Medium-Value,0
CUST00482,5,312,617062.56,2,Occasional Customers,0
CUST00483,2,308,623656.87,5,Recent Medium-Value,0
CUST00484,2,318,735503.81,5,Recent Medium-Value,0
CUST00485,6,760,1563300.97,3,Loyal High-Frequency,0
CUST00486,1,333,778776.96,5,Recent Medium-Value,0
CUST00487,1,337,755270.95,5,Recent Medium-Value,0
CUST00488,1,1101,2388391.73,0,VIP / Champions,0
CUST00489,2,444,901958.82,1,High-Value Regulars,0
CUST00490,2,313,664663.59,5,Recent Medium-Value,0
CUST00491,7,335,723012.17,6,At-Risk Customers,0
CUST00492,2,1084,2284522.46,0,VIP / Champions,0
CUST00493,4,1098,2442879.97,0,VIP / Champions,0
CUST00494,1,439,930365.16,1,High-Value Regulars,0
CUST00495,2,329,685254.0599999999,5,Recent Medium-Value,0
CUST00496,2,684,1357087.76,3,Loyal High-Frequency,0
CUST00497,3,475,1014939.25,4,Less-Recent Regulars,0
CUST00498,15,332,695873.81,6,At-Risk Customers,0
CUST00499,2,342,637653.73,5,Recent Medium-Value,0
CUST00500,6,375,790071.57,2,Occasional Customers,0
CUST00501,1,349,707900.7,5,Recent Medium-Value,0
CUST00502,11,496,1107871.77,6,At-Risk Customers,0
CUST00503,1,753,1662517.99,7,Recent Loyal Customers,0
CUST00504,1,1088,2355000.28,0,VIP / Champions,0
CUST00505,4,1030,2095599.63,3,Loyal High-Frequency,0
CUST00506,4,687,1422795.84,3,Loyal High-Frequency,0
CUST00507,4,311,587990.32,2,Occasional Customers,0
CUST00508,2,469,900295.5,1,High-Value Regulars,0
CUST00509,3,356,709179.85,2,Occasional Customers,0
CUST00510,2,468,1007312.73,1,High-Value Regulars,0
CUST00511,7,315,627568.33,6,At-Risk Customers,0
CUST00512,4,473,1016339.0,4,Less-Recent Regulars,0
CUST00513,3,272,566317.92,2,Occasional Customers,0
CUST00514,1,470,906744.87,1,High-Value Regulars,0
CUST00515,2,737,1540741.03,3,Loyal High-Frequency,0
CUST00516,5,336,706363.19,2,Occasional Customers,0
CUST00517,1,1108,2399639.09,0,VIP / Champions,0
CUST00518,1,333,710450.61,5,Recent Medium-Value,0
CUST00519,3,347,714936.86,2,Occasional Customers,0
CUST00520,1,456,860553.1,1,High-Value Regulars,0
CUST00521,1,461,1024465.7,1,High-Value Regulars,0
CUST00522,1,699,1495825.98,7,Recent Loyal Customers,0
CUST00523,2,517,1190777.2,1,High-Value Regulars,0
CUST00524,2,317,597138.64,5,Recent Medium-Value,0
CUST00525,1,472,1032632.51,1,High-Value Regulars,0
CUST00526,1,710,1598623.3,7,Recent Loyal Customers,0
CUST00527,2,353,707591.91,5,Recent Medium-Value,0
CUST00528,1,318,683812.22,5,Recent Medium-Value,0
CUST00529,2,703,1541429.09,3,Loyal High-Frequency,0
CUST00530,1,711,1463666.28,7,Recent Loyal Customers,0
CUST00531,4,697,1466010.77,3,Loyal High-Frequency,0
CUST00532,1,341,705611.3,5,Recent Medium-Value,0
CUST00533,4,685,1435931.84,3,Loyal High-Frequency,0
CUST00534,3,333,731464.74,2,Occasional Customers,0
CUST00535,4,495,1036771.56,4,Less-Recent Regulars,0
CUST00536,1,311,684602.5,5,Recent Medium-Value,0
CUST00537,3,473,1011679.47,4,Less-Recent Regulars,0
CUST00538,2,1036,2042078.7,0,VIP / Champions,0
CUST00539,2,321,619303.51,5,Recent Medium-Value,0
CUST00540,6,336,707720.8,2,Occasional Customers,0
CUST00541,2,478,1040721.06,1,High-Value Regulars,0
CUST00542,3,686,1472042.23,3,Loyal High-Frequency,0
CUST00543,5,476,922851.79,4,Less-Recent Regulars,0
CUST00544,8,642,1413880.8699999999,4,Less-Recent Regulars,0
CUST00545,3,1120,2439753.42,0,VIP / Champions,0
CUST00546,1,486,1007217.09,1,High-Value Regulars,0
CUST00547,1,454,968009.7,1,High-Value Regulars,0
CUST00548,1,451,841109.88,1,High-Value Regulars,0
CUST00549,1,297,590824.19,5,Recent Medium-Value,0
CUST00550,1,334,691749.94,5,Recent Medium-Value,0
CUST00551,3,359,703739.54,2,Occasional Customers,0
CUST00552,5,464,931218.88,4,Less-Recent Regulars,0
CUST00553,3,347,690867.19,2,Occasional Customers,0
CUST00554,1,334,696505.78,5,Recent Medium-Value,0
CUST00555,4,334,691919.67,2,Occasional Customers,0
CUST00556,2,718,1441652.75,3,Loyal High-Frequency,0
CUST00557,1,305,579762.33,5,Recent Medium-Value,0
CUST00558,2,1069,2217531.63,0,VIP / Champions,0
CUST00559,6,329,670262.57,2,Occasional Customers,0
CUST00560,1,440,957671.72,1,High-Value Regulars,0
CUST00561,2,686,1435857.6,3,Loyal High-Frequency,0
CUST00562,4,316,591786.56,2,Occasional Customers,0
CUST00563,5,460,961593.79,4,Less-Recent Regulars,0
CUST00564,1,679,1458624.84,7,Recent Loyal Customers,0
CUST00565,3,446,932691.19,4,Less-Recent Regulars,0
CUST00566,4,339,687996.21,2,Occasional Customers,0
CUST00567,1,463,916226.95,1,High-Value Regulars,0
CUST00568,2,318,714318.79,5,Recent Medium-Value,0
CUST00569,1,524,1076059.84,1,High-Value Regulars,0
CUST00570,7,320,729032.48,6,At-Risk Customers,0
CUST00571,3,688,1606095.22,3,Loyal High-Frequency,0
CUST00572,3,735,1569757.54,3,Loyal High-Frequency,0
CUST00573,6,311,676367.25,2,Occasional Customers,0
CUST00574,3,471,1091921.22,4,Less-Recent Regulars,0
CUST00575,1,692,1528890.19,7,Recent Loyal Customers,0
CUST00576,1,427,880178.25,1,High-Value Regulars,0
CUST00577,1,1065,2362083.74,0,VIP / Champions,0
CUST00578,1,313,624764.15,5,Recent Medium-Value,0
CUST00579,2,333,639358.65,5,Recent Medium-Value,0
CUST00580,2,287,582306.14,5,Recent Medium-Value,0
CUST00581,2,1058,2276542.88,0,VIP / Champions,0
CUST00582,5,460,1019453.87,4,Less-Recent Regulars,0
CUST00583,2,327,689579.92,5,Recent Medium-Value,0
CUST00584,11,362,654902.28,6,At-Risk Customers,0
CUST00585,1,343,736174.71,5,Recent Medium-Value,0
CUST00586,2,701,1447764.03,3,Loyal High-Frequency,0
CUST00587,1,288,521963.77,5,Recent Medium-Value,0
CUST00588,6,321,730763.29,2,Occasional Customers,0
CUST00589,7,331,674066.85,6,At-Risk Customers,0
CUST00590,1,474,1005694.69,1,High-Value Regulars,0
CUST00591,1,333,660701.52,5,Recent Medium-Value,0
CUST00592,2,1091,2301265.6,0,VIP / Champions,0
CUST00593,1,1118,2331437.36,0,VIP / Champions,0
CUST00594,1,486,1025147.95,1,High-Value Regulars,0
CUST00595,2,462,977578.51,1,High-Value Regulars,0
CUST00596,2,319,603382.04,5,Recent Medium-Value,0
CUST00597,1,336,738287.23,5,Recent Medium-Value,0
CUST00598,10,297,540051.08,6,At-Risk Customers,0
CUST00599,2,456,962100.73,1,High-Value Regulars,0
CUST00600,1,321,652829.85,5,Recent Medium-Value,0
CUST00601,1,733,1607343.47,7,Recent Loyal Customers,0
CUST00602,1,739,1506932.94,7,Recent Loyal Customers,0
CUST00603,1,1045,2171120.79,0,VIP / Champions,0
CUST00604,2,653,1383638.15,3,Loyal High-Frequency,0
CUST00605,6,452,1100873.78,4,Less-Recent Regulars,0
CUST00606,1,345,757187.19,5,Recent Medium-Value,0
CUST00607,2,1062,2195199.77,0,VIP / Champions,0
CUST00608,5,312,635744.42,2,Occasional Customers,0
CUST00609,1,342,791153.49,5,Recent Medium-Value,0
CUST00610,4,469,953236.13,4,Less-Recent Regulars,0
CUST00611,1,1042,2203309.98,0,VIP / Champions,0
CUST00612,7,320,649087.26,6,At-Risk Customers,0
CUST00613,1,1084,2166514.21,0,VIP / Champions,0
CUST00614,9,343,739809.79,6,At-Risk Customers,0
CUST00615,1,479,1042368.34,1,High-Value Regulars,0
CUST00616,6,495,986957.29,4,Less-Recent Regulars,0
CUST00617,3,453,849789.11,4,Less-Recent Regulars,0
CUST00618,1,1067,2312513.99,0,VIP / Champions,0
CUST00619,2,308,645160.48,5,Recent Medium-Value,0
CUST00620,3,677,1395066.9,3,Loyal High-Frequency,0
CUST00621,1,478,1025628.38,1,High-Value Regulars,0
CUST00622,1,731,1605484.17,7,Recent Loyal Customers,0
CUST00623,2,708,1533347.72,3,Loyal High-Frequency,0
CUST00624,6,312,649229.13,2,Occasional Customers,0
CUST00625,4,329,711872.77,2,Occasional Customers,0
CUST00626,1,726,1480088.59,7,Recent Loyal Customers,0
CUST00627,1,360,807736.6,5,Recent Medium-Value,0
CUST00628,5,294,592696.59,2,Occasional Customers,0
CUST00629,1,468,991444.24,1,High-Value Regulars,0
CUST00630,2,342,721659.45,5,Recent Medium-Value,0
CUST00631,4,730,1607584.22,3,Loyal High-Frequency,0
CUST00632,1,306,625779.7,5,Recent Medium-Value,0
CUST00633,10,344,791534.79,6,At-Risk Customers,0
CUST00634,1,739,1468380.01,7,Recent Loyal Customers,0
CUST00635,3,322,662151.38,2,Occasional Customers,0
CUST00636,1,415,851066.22,1,High-Value Regulars,0
CUST00637,6,305,698772.39,2,Occasional Customers,0
CUST00638,1,450,979937.97,1,High-Value Regulars,0
CUST00639,2,299,664997.21,5,Recent Medium-Value,0
CUST00640,2,708,1519935.68,3,Loyal High-Frequency,0
CUST00641,3,322,723819.65,2,Occasional Customers,0
CUST00642,2,1041,2161769.08,0,VIP / Champions,0
CUST00643,2,328,647289.05,5,Recent Medium-Value,0
CUST00644,2,339,820832.08,5,Recent Medium-Value,0
CUST00645,1,343,685589.53,5,Recent Medium-Value,0
CUST00646,1,319,684034.6,5,Recent Medium-Value,0
CUST00647,3,326,619583.81,2,Occasional Customers,0
CUST00648,10,329,718470.15,6,At-Risk Customers,0
CUST00649,2,459,964887.02,1,High-Value Regulars,0
CUST00650,1,690,1478727.34,7,Recent Loyal Customers,0
CUST00651,3,322,693226.77,2,Occasional Customers,0
CUST00652,6,342,671608.72,2,Occasional Customers,0
CUST00653,6,338,708891.77,2,Occasional Customers,0
CUST00654,13,448,964732.98,6,At-Risk Customers,0
CUST00655,1,331,723513.33,5,Recent Medium-Value,0
CUST00656,1,306,559599.14,5,Recent Medium-Value,0
CUST00657,2,463,912750.18,1,High-Value Regulars,0
CUST00658,2,469,1104293.82,1,High-Value Regulars,0
CUST00659,1,305,661450.26,5,Recent Medium-Value,0
CUST00660,1,718,1591627.94,7,Recent Loyal Customers,0
CUST00661,5,476,1010030.66,4,Less-Recent Regulars,0
CUST00662,1,698,1421260.67,7,Recent Loyal Customers,0
CUST00663,5,304,670099.75,2,Occasional Customers,0
CUST00664,5,341,654903.8099999999,2,Occasional Customers,0
CUST00665,1,1019,2106114.11,0,VIP / Champions,0
CUST00666,2,467,959869.11,1,High-Value Regulars,0
CUST00667,2,338,651924.47,5,Recent Medium-Value,0
CUST00668,2,685,1513825.51,3,Loyal High-Frequency,0
CUST00669,3,671,1370126.83,3,Loyal High-Frequency,0
CUST00670,2,1069,2261438.24,0,VIP / Champions,0
CUST00671,6,468,940052.21,4,Less-Recent Regulars,0
CUST00672,5,474,975656.01,4,Less-Recent Regulars,0
CUST00673,2,327,740780.33,5,Recent Medium-Value,0
CUST00674,1,491,1003987.57,1,High-Value Regulars,0
CUST00675,4,307,688301.21,2,Occasional Customers,0
CUST00676,2,711,1484157.44,3,Loyal High-Frequency,0
CUST00677,2,474,996316.26,1,High-Value Regulars,0
CUST00678,2,484,1030294.2,1,High-Value Regulars,0
CUST00679,5,472,1035229.63,4,Less-Recent Regulars,0
CUST00680,2,315,578141.42,5,Recent Medium-Value,0
CUST00681,2,329,764723.05,5,Recent Medium-Value,0
CUST00682,2,490,968765.81,1,High-Value Regulars,0
CUST00683,1,504,1067929.93,1,High-Value Regulars,0
CUST00684,1,674,1384370.85,7,Recent Loyal Customers,0
CUST00685,7,423,866941.5,6,At-Risk Customers,0
CUST00686,13,304,638382.6,6,At-Risk Customers,0
CUST00687,7,509,1005335.95,4,Less-Recent Regulars,0
CUST00688,1,474,1029558.59,1,High-Value Regulars,0
CUST00689,1,728,1521094.99,7,Recent Loyal Customers,0
CUST00690,1,696,1426499.01,7,Recent Loyal Customers,0
CUST00691,2,494,1042436.13,1,High-Value Regulars,0
CUST00692,1,757,1551356.21,7,Recent Loyal Customers,0
CUST00693,2,326,668397.03,5,Recent Medium-Value,0
CUST00694,1,709,1468470.41,7,Recent Loyal Customers,0
CUST00695,2,333,650565.01,5,Recent Medium-Value,0
CUST00696,1,688,1417674.61,7,Recent Loyal Customers,0
CUST00697,2,312,602057.37,5,Recent Medium-Value,0
CUST00698,1,457,984179.67,1,High-Value Regulars,0
CUST00699,2,679,1348845.46,3,Loyal High-Frequency,0
CUST00700,2,325,710415.33,5,Recent Medium-Value,0
CUST00701,2,337,743222.45,5,Recent Medium-Value,0
CUST00702,3,689,1393581.38,3,Loyal High-Frequency,0
CUST00703,2,307,586118.21,5,Recent Medium-Value,0
CUST00704,5,294,628240.1900000001,2,Occasional Customers,0
CUST00705,2,443,919943.66,1,High-Value Regulars,0
CUST00706,1,445,964470.42,1,High-Value Regulars,0
CUST00707,2,362,788781.42,5,Recent Medium-Value,0
CUST00708,1,487,1105488.67,1,High-Value Regulars,0
CUST00709,1,687,1530978.92,7,Recent Loyal Customers,0
CUST00710,2,439,936809.77,1,High-Value Regulars,0
CUST00711,3,359,745231.48,2,Occasional Customers,0
CUST00712,3,511,1078152.16,4,Less-Recent Regulars,0
CUST00713,3,312,637868.87,2,Occasional Customers,0
CUST00714,2,1099,2269244.53,0,VIP / Champions,0
CUST00715,1,322,602637.86,5,Recent Medium-Value,0
CUST00716,4,464,931480.1900000001,4,Less-Recent Regulars,0
CUST00717,1,452,925552.74,1,High-Value Regulars,0
CUST00718,1,737,1650967.3,7,Recent Loyal Customers,0
CUST00719,4,692,1399999.32,3,Loyal High-Frequency,0
CUST00720,4,468,928327.12,4,Less-Recent Regulars,0
CUST00721,3,1138,2311802.57,0,VIP / Champions,0
CUST00722,4,440,881421.19,4,Less-Recent Regulars,0
CUST00723,1,1072,2305200.27,0,VIP / Champions,0
CUST00724,2,285,617655.15,5,Recent Medium-Value,0
CUST00725,2,685,1421527.36,3,Loyal High-Frequency,0
CUST00726,2,479,1036558.67,1,High-Value Regulars,0
CUST00727,5,707,1413554.52,3,Loyal High-Frequency,0
CUST00728,4,337,689995.74,2,Occasional Customers,0
CUST00729,2,487,1024269.12,1,High-Value Regulars,0
CUST00730,6,477,980845.13,4,Less-Recent Regulars,0
CUST00731,3,737,1607604.25,3,Loyal High-Frequency,0
CUST00732,1,502,1004674.59,1,High-Value Regulars,0
CUST00733,1,742,1471845.89,7,Recent Loyal Customers,0
CUST00734,2,482,930345.2,1,High-Value Regulars,0
CUST00735,2,444,944066.91,1,High-Value Regulars,0
CUST00736,4,698,1446716.7,3,Loyal High-Frequency,0
CUST00737,1,485,1047546.23,1,High-Value Regulars,0
CUST00738,3,465,1078827.29,4,Less-Recent Regulars,0
CUST00739,4,461,978316.56,4,Less-Recent Regulars,0
CUST00740,1,700,1446758.52,7,Recent Loyal Customers,0
CUST00741,3,1013,2112769.16,0,VIP / Champions,0
CUST00742,2,316,655100.21,5,Recent Medium-Value,0
CUST00743,1,336,644244.7,5,Recent Medium-Value,0
CUST00744,2,333,674720.18,5,Recent Medium-Value,0
CUST00745,3,345,706120.6,2,Occasional Customers,0
CUST00746,5,318,704590.05,2,Occasional Customers,0
CUST00747,1,722,1470832.15,7,Recent Loyal Customers,0
CUST00748,3,335,715535.58,2,Occasional Customers,0
CUST00749,1,463,962609.21,1,High-Value Regulars,0
CUST00750,1,726,1527300.01,7,Recent Loyal Customers,0
CUST00751,2,1114,2300554.78,0,VIP / Champions,0
CUST00752,1,450,964428.99,1,High-Value Regulars,0
CUST00753,5,313,726517.36,2,Occasional Customers,0
CUST00754,4,480,1041576.59,4,Less-Recent Regulars,0
CUST00755,1,1062,2191411.85,0,VIP / Champions,0
CUST00756,2,1025,2183921.85,0,VIP / Champions,0
CUST00757,6,311,625611.72,2,Occasional Customers,0
CUST00758,2,1019,2175988.53,0,VIP / Champions,0
CUST00759,1,353,765997.09,5,Recent Medium-Value,0
CUST00760,1,782,1646877.8,7,Recent Loyal Customers,0
CUST00761,2,1038,2268243.97,0,VIP / Champions,0
CUST00762,1,308,584894.98,5,Recent Medium-Value,0
CUST00763,3,315,620092.8099999999,2,Occasional Customers,0
CUST00764,1,474,1049666.07,1,High-Value Regulars,0
CUST00765,1,324,624028.97,5,Recent Medium-Value,0
CUST00766,1,1048,2277516.62,0,VIP / Champions,0
CUST00767,2,441,991465.43,1,High-Value Regulars,0
CUST00768,4,682,1433128.39,3,Loyal High-Frequency,0
CUST00769,10,346,728902.0599999999,6,At-Risk Customers,0
CUST00770,1,1053,2270589.77,0,VIP / Champions,0
CUST00771,2,727,1544895.7,3,Loyal High-Frequency,0
CUST00772,3,359,744141.09,2,Occasional Customers,0
CUST00773,4,341,727315.57,2,Occasional Customers,0
CUST00774,6,318,681618.67,2,Occasional Customers,0
CUST00775,3,432,845113.62,4,Less-Recent Regulars,0
CUST00776,4,682,1382969.73,3,Loyal High-Frequency,0
CUST00777,1,766,1549575.97,7,Recent Loyal Customers,0
CUST00778,3,437,864424.94,4,Less-Recent Regulars,0
CUST00779,2,434,1015929.25,1,High-Value Regulars,0
CUST00780,1,1123,2366429.34,0,VIP / Champions,0
CUST00781,5,470,1026957.6,4,Less-Recent Regulars,0
CUST00782,2,667,1295355.61,3,Loyal High-Frequency,0
CUST00783,6,353,786598.11,2,Occasional Customers,0
CUST00784,4,311,647302.64,2,Occasional Customers,0
CUST00785,4,309,674666.65,2,Occasional Customers,0
CUST00786,2,1044,2139932.55,0,VIP / Champions,0
CUST00787,2,688,1515121.4,3,Loyal High-Frequency,0
CUST00788,1,1104,2428826.17,0,VIP / Champions,0
CUST00789,5,323,646068.3,2,Occasional Customers,0
CUST00790,1,306,581953.85,5,Recent Medium-Value,0
CUST00791,2,361,889742.1,5,Recent Medium-Value,0
CUST00792,1,453,884461.09,1,High-Value Regulars,0
CUST00793,1,1080,2268404.2,0,VIP / Champions,0
CUST00794,5,333,754442.4400000001,2,Occasional Customers,0
CUST00795,4,1073,2158187.25,0,VIP / Champions,0
CUST00796,2,362,738820.81,5,Recent Medium-Value,0
CUST00797,1,306,638473.12,5,Recent Medium-Value,0
CUST00798,5,346,706683.56,2,Occasional Customers,0
CUST00799,10,330,637524.12,6,At-Risk Customers,0
CUST00800,3,461,961028.18,4,Less-Recent Regulars,0
CUST00801,1,1099,2381036.41,0,VIP / Champions,0
CUST00802,1,1058,2315241.97,0,VIP / Champions,0
CUST00803,4,324,694465.03,2,Occasional Customers,0
CUST00804,3,453,1012275.1,4,Less-Recent Regulars,0
CUST00805,1,461,1024266.4,1,High-Value Regulars,0
CUST00806,1,350,757285.91,5,Recent Medium-Value,0
CUST00807,1,460,958620.93,1,High-Value Regulars,0
CUST00808,2,318,664439.49,5,Recent Medium-Value,0
CUST00809,1,301,553967.35,5,Recent Medium-Value,0
CUST00810,1,1065,2248206.04,0,VIP / Champions,0
CUST00811,1,693,1521159.23,7,Recent Loyal Customers,0
CUST00812,1,678,1407453.1,7,Recent Loyal Customers,0
CUST00813,2,507,1026107.73,1,High-Value Regulars,0
CUST00814,1,476,1017319.64,1,High-Value Regulars,0
CUST00815,4,356,823411.41,2,Occasional Customers,0
CUST00816,6,332,686933.06,2,Occasional Customers,0
CUST00817,2,1058,2043368.06,0,VIP / Champions,0
CUST00818,1,511,1085311.48,1,High-Value Regulars,0
CUST00819,1,472,999278.53,1,High-Value Regulars,0
CUST00820,1,459,906384.36,1,High-Value Regulars,0
CUST00821,1,1135,2365116.64,0,VIP / Champions,0
CUST00822,2,333,746482.15,5,Recent Medium-Value,0
CUST00823,2,722,1530944.58,3,Loyal High-Frequency,0
CUST00824,1,347,813940.5,5,Recent Medium-Value,0
CUST00825,3,351,721092.57,2,Occasional Customers,0
CUST00826,1,1045,2239214.96,0,VIP / Champions,0
CUST00827,2,335,746933.2,5,Recent Medium-Value,0
CUST00828,3,473,996820.09,4,Less-Recent Regulars,0
CUST00829,1,447,889650.69,1,High-Value Regulars,0
CUST00830,2,429,897937.19,1,High-Value Regulars,0
CUST00831,2,1099,2376486.94,0,VIP / Champions,0
CUST00832,7,293,691625.52,6,At-Risk Customers,0
CUST00833,2,326,713149.23,5,Recent Medium-Value,0
CUST00834,1,324,696964.96,5,Recent Medium-Value,0
CUST00835,2,1096,2323719.9,0,VIP / Champions,0
CUST00836,1,1089,2395558.09,0,VIP / Champions,0
CUST00837,8,323,606047.2,6,At-Risk Customers,0
CUST00838,7,444,971774.75,4,Less-Recent Regulars,0
CUST00839,3,423,929847.62,4,Less-Recent Regulars,0
CUST00840,2,1028,2237564.43,0,VIP / Champions,0
CUST00841,1,422,924145.13,1,High-Value Regulars,0
CUST00842,4,665,1405251.16,3,Loyal High-Frequency,0
CUST00843,9,348,750206.47,6,At-Risk Customers,0
CUST00844,1,458,973192.15,1,High-Value Regulars,0
CUST00845,1,724,1508432.94,7,Recent Loyal Customers,0
CUST00846,1,332,703865.88,5,Recent Medium-Value,0
CUST00847,4,489,934909.97,4,Less-Recent Regulars,0
CUST00848,1,1117,2369814.6,0,VIP / Champions,0
CUST00849,1,671,1539105.3699999999,7,Recent Loyal Customers,0
CUST00850,4,307,689189.88,2,Occasional Customers,0
CUST00851,2,447,925966.93,1,High-Value Regulars,0
CUST00852,4,490,1081340.98,4,Less-Recent Regulars,0
CUST00853,3,307,688069.14,2,Occasional Customers,0
CUST00854,1,313,621951.83,5,Recent Medium-Value,0
CUST00855,5,318,634862.77,2,Occasional Customers,0
CUST00856,1,1055,2284082.85,0,VIP / Champions,0
CUST00857,3,479,955900.44,4,Less-Recent Regulars,0
CUST00858,3,324,681039.22,2,Occasional Customers,0
CUST00859,9,426,898579.72,6,At-Risk Customers,0
CUST00860,1,328,705118.76,5,Recent Medium-Value,0
CUST00861,2,694,1451680.13,3,Loyal High-Frequency,0
CUST00862,2,471,1062576.14,1,High-Value Regulars,0
CUST00863,1,479,949779.81,1,High-Value Regulars,0
CUST00864,1,702,1471215.97,7,Recent Loyal Customers,0
CUST00865,1,322,716520.26,5,Recent Medium-Value,0
CUST00866,3,475,981090.07,4,Less-Recent Regulars,0
CUST00867,4,347,713019.95,2,Occasional Customers,0
CUST00868,8,328,737738.85,6,At-Risk Customers,0
CUST00869,3,314,673865.18,2,Occasional Customers,0
CUST00870,3,321,655136.25,2,Occasional Customers,0
CUST00871,1,457,926968.9,1,High-Value Regulars,0
CUST00872,1,348,745274.69,5,Recent Medium-Value,0
CUST00873,1,300,698973.46,5,Recent Medium-Value,0
CUST00874,1,293,635132.16,5,Recent Medium-Value,0
CUST00875,1,326,730100.33,5,Recent Medium-Value,0
CUST00876,3,332,647574.54,2,Occasional Customers,0
CUST00877,1,348,741157.06,5,Recent Medium-Value,0
CUST00878,1,1137,2490867.9,0,VIP / Champions,0
CUST00879,3,355,811821.86,2,Occasional Customers,0
CUST00880,6,425,918059.75,4,Less-Recent Regulars,0
CUST00881,1,711,1435441.32,7,Recent Loyal Customers,0
CUST00882,1,1080,2121017.75,0,VIP / Champions,0
CUST00883,4,351,779760.58,2,Occasional Customers,0
CUST00884,3,333,684864.4,2,Occasional Customers,0
CUST00885,4,421,838909.77,4,Less-Recent Regulars,0
CUST00886,1,476,998780.26,1,High-Value Regulars,0
CUST00887,4,456,990303.84,4,Less-Recent Regulars,0
CUST00888,3,373,780556.97,2,Occasional Customers,0
CUST00889,1,1030,2183997.84,0,VIP / Champions,0
CUST00890,4,421,766737.55,4,Less-Recent Regulars,0
CUST00891,10,341,693716.76,6,At-Risk Customers,0
CUST00892,1,1037,2192687.55,0,VIP / Champions,0
CUST00893,2,469,921246.23,1,High-Value Regulars,0
CUST00894,1,687,1453171.08,7,Recent Loyal Customers,0
CUST00895,3,325,677911.41,2,Occasional Customers,0
CUST00896,7,347,781025.5,6,At-Risk Customers,0
CUST00897,3,318,671760.06,2,Occasional Customers,0
CUST00898,1,716,1597886.68,7,Recent Loyal Customers,0
CUST00899,1,1079,2221762.23,0,VIP / Champions,0
CUST00900,2,1096,2352983.41,0,VIP / Champions,0
CUST00901,1,681,1342428.72,7,Recent Loyal Customers,0
CUST00902,2,733,1514357.53,3,Loyal High-Frequency,0
CUST00903,8,329,760558.73,6,At-Risk Customers,0
CUST00904,2,322,685377.54,5,Recent Medium-Value,0
CUST00905,4,295,572739.75,2,Occasional Customers,0
CUST00906,9,496,994594.12,4,Less-Recent Regulars,0
CUST00907,2,1074,2299097.51,0,VIP / Champions,0
CUST00908,2,427,881026.13,1,High-Value Regulars,0
CUST00909,1,446,1022299.64,1,High-Value Regulars,0
CUST00910,10,318,685453.58,6,At-Risk Customers,0
CUST00911,1,464,1011939.91,1,High-Value Regulars,0
CUST00912,7,316,612683.24,6,At-Risk Customers,0
CUST00913,1,1099,2365742.73,0,VIP / Champions,0
CUST00914,1,656,1493817.49,7,Recent Loyal Customers,0
CUST00915,3,327,709929.14,2,Occasional Customers,0
CUST00916,9,496,1083909.15,4,Less-Recent Regulars,0
CUST00917,23,293,591486.06,6,At-Risk Customers,0
CUST00918,6,317,617513.16,2,Occasional Customers,0
CUST00919,9,465,929867.12,6,At-Risk Customers,0
CUST00920,1,484,979501.99,1,High-Value Regulars,0
CUST00921,7,369,792994.49,6,At-Risk Customers,0
CUST00922,2,326,651682.35,5,Recent Medium-Value,0
CUST00923,5,307,610916.28,2,Occasional Customers,0
CUST00924,2,303,621381.11,5,Recent Medium-Value,0
CUST00925,1,382,770338.11,5,Recent Medium-Value,0
CUST00926,2,475,848352.13,1,High-Value Regulars,0
CUST00927,1,678,1396013.25,7,Recent Loyal Customers,0
CUST00928,3,324,642711.72,2,Occasional Customers,0
CUST00929,1,1029,2153165.11,0,VIP / Champions,0
CUST00930,2,482,971659.57,1,High-Value Regulars,0
CUST00931,1,500,994064.31,1,High-Value Regulars,0
CUST00932,1,462,1024450.64,1,High-Value Regulars,0
CUST00933,1,1117,2322573.6,0,VIP / Champions,0
CUST00934,4,468,955078.65,4,Less-Recent Regulars,0
CUST00935,1,729,1647283.77,7,Recent Loyal Customers,0
CUST00936,1,448,940302.0599999999,1,High-Value Regulars,0
CUST00937,1,667,1319609.62,7,Recent Loyal Customers,0
CUST00938,1,725,1458676.37,7,Recent Loyal Customers,0
CUST00939,4,681,1450753.61,3,Loyal High-Frequency,0
CUST00940,13,339,727592.32,6,At-Risk Customers,0
CUST00941,1,462,954214.78,1,High-Value Regulars,0
CUST00942,2,468,943602.09,1,High-Value Regulars,0
CUST00943,1,322,737277.73,5,Recent Medium-Value,0
CUST00944,1,339,806023.4,5,Recent Medium-Value,0
CUST00945,1,690,1373997.47,7,Recent Loyal Customers,0
CUST00946,1,326,647647.21,5,Recent Medium-Value,0
CUST00947,1,462,962629.33,1,High-Value Regulars,0
CUST00948,2,471,978409.84,1,High-Value Regulars,0
CUST00949,1,500,1090499.0,1,High-Value Regulars,0
CUST00950,2,1081,2360764.47,0,VIP / Champions,0
CUST00951,1,683,1488210.62,7,Recent Loyal Customers,0
CUST00952,3,449,965103.13,4,Less-Recent Regulars,0
CUST00953,7,324,635052.27,6,At-Risk Customers,0
CUST00954,1,299,626142.33,5,Recent Medium-Value,0
CUST00955,6,298,663620.3099999999,2,Occasional Customers,0
CUST00956,2,486,1020082.81,1,High-Value Regulars,0
CUST00957,3,333,687541.78,2,Occasional Customers,0
CUST00958,3,434,917561.65,4,Less-Recent Regulars,0
CUST00959,1,324,674681.53,5,Recent Medium-Value,0
CUST00960,1,319,705671.35,5,Recent Medium-Value,0
CUST00961,1,676,1453786.61,7,Recent Loyal Customers,0
CUST00962,1,1149,2549149.3,0,VIP / Champions,0
CUST00963,1,490,1107667.36,1,High-Value Regulars,0
CUST00964,1,308,639259.18,5,Recent Medium-Value,0
CUST00965,1,309,642745.42,5,Recent Medium-Value,0
CUST00966,1,329,638886.61,5,Recent Medium-Value,0
CUST00967,2,499,1123531.42,1,High-Value Regulars,0
CUST00968,1,454,976600.83,1,High-Value Regulars,0
CUST00969,1,736,1577470.88,7,Recent Loyal Customers,0
CUST00970,1,497,1081938.55,1,High-Value Regulars,0
CUST00971,1,320,739165.21,5,Recent Medium-Value,0
CUST00972,2,705,1545871.73,3,Loyal High-Frequency,0
CUST00973,2,708,1452022.53,3,Loyal High-Frequency,0
CUST00974,4,715,1463282.89,3,Loyal High-Frequency,0
CUST00975,1,1046,2239939.29,0,VIP / Champions,0
CUST00976,3,699,1513893.73,3,Loyal High-Frequency,0
CUST00977,3,479,1033401.7,4,Less-Recent Regulars,0
CUST00978,2,646,1379738.96,3,Loyal High-Frequency,0
CUST00979,2,686,1453828.88,3,Loyal High-Frequency,0
CUST00980,4,464,987483.12,4,Less-Recent Regulars,0
CUST00981,4,479,1012259.08,4,Less-Recent Regulars,0
CUST00982,1,472,1018243.84,1,High-Value Regulars,0
CUST00983,7,287,645196.02,6,At-Risk Customers,0
CUST00984,3,474,993895.42,4,Less-Recent Regulars,0
CUST00985,1,460,1014586.59,1,High-Value Regulars,0
CUST00986,2,338,700814.91,5,Recent Medium-Value,0
CUST00987,1,470,980000.0,1,High-Value Regulars,0
CUST00988,1,1087,2268300.37,0,VIP / Champions,0
CUST00989,1,1122,2395165.47,0,VIP / Champions,0
CUST00990,1,1026,2076177.44,0,VIP / Champions,0
CUST00991,2,425,860327.03,1,High-Value Regulars,0
CUST00992,1,691,1402454.44,7,Recent Loyal Customers,0
CUST00993,1,342,705230.92,5,Recent Medium-Value,0
CUST00994,5,450,950508.72,4,Less-Recent Regulars,0
CUST00995,4,348,722776.03,2,Occasional Customers,0
CUST00996,1,308,606827.8,5,Recent Medium-Value,0
CUST00997,2,720,1545348.57,3,Loyal High-Frequency,0
CUST00998,1,341,730023.84,5,Recent Medium-Value,0
CUST00999,3,718,1525649.58,3,Loyal High-Frequency,0
CUST01000,3,1053,2243480.62,0,VIP / Champions,0
CUST01001,2,367,762026.47,5,Recent Medium-Value,0
CUST01002,9,333,710702.74,6,At-Risk Customers,0
CUST01003,7,651,1270662.77,4,Less-Recent Regulars,0
CUST01004,2,726,1576037.08,3,Loyal High-Frequency,0
CUST01005,5,676,1566097.26,3,Loyal High-Frequency,0
CUST01006,4,703,1397174.35,3,Loyal High-Frequency,0
CUST01007,2,687,1432228.69,3,Loyal High-Frequency,0
CUST01008,4,748,1494866.44,3,Loyal High-Frequency,0
CUST01009,8,313,707683.35,6,At-Risk Customers,0
CUST01010,1,1025,2236106.24,0,VIP / Champions,0
CUST01011,3,695,1495815.75,3,Loyal High-Frequency,0
CUST01012,1,442,962426.72,1,High-Value Regulars,0
CUST01013,6,328,671719.38,2,Occasional Customers,0
CUST01014,2,1075,2242779.61,0,VIP / Champions,0
CUST01015,11,325,669579.09,6,At-Risk Customers,0
CUST01016,1,693,1500743.95,7,Recent Loyal Customers,0
CUST01017,1,359,714228.28,5,Recent Medium-Value,0
CUST01018,1,457,926256.94,1,High-Value Regulars,0
CUST01019,8,442,936440.94,6,At-Risk Customers,0
CUST01020,3,329,672590.15,2,Occasional Customers,0
CUST01021,1,310,736739.87,5,Recent Medium-Value,0
CUST01022,1,317,670631.72,5,Recent Medium-Value,0
CUST01023,3,320,679462.08,2,Occasional Customers,0
CUST01024,7,317,644802.6,6,At-Risk Customers,0
CUST01025,6,477,988050.15,4,Less-Recent Regulars,0
CUST01026,1,472,963726.67,1,High-Value Regulars,0
CUST01027,2,673,1502057.27,3,Loyal High-Frequency,0
CUST01028,1,320,678605.89,5,Recent Medium-Value,0
CUST01029,3,476,1078756.45,4,Less-Recent Regulars,0
CUST01030,3,504,1020365.69,4,Less-Recent Regulars,0
CUST01031,2,691,1417465.25,3,Loyal High-Frequency,0
CUST01032,1,1138,2456560.59,0,VIP / Champions,0
CUST01033,1,1097,2194556.74,0,VIP / Champions,0
CUST01034,3,729,1542725.62,3,Loyal High-Frequency,0
CUST01035,2,701,1492620.46,3,Loyal High-Frequency,0
CUST01036,2,328,698291.01,5,Recent Medium-Value,0
CUST01037,3,377,783796.8,2,Occasional Customers,0
CUST01038,7,493,1000002.34,4,Less-Recent Regulars,0
CUST01039,5,471,923893.0,4,Less-Recent Regulars,0
CUST01040,2,417,892425.11,1,High-Value Regulars,0
CUST01041,3,716,1470652.44,3,Loyal High-Frequency,0
CUST01042,2,478,973410.59,1,High-Value Regulars,0
CUST01043,2,308,644011.64,5,Recent Medium-Value,0
CUST01044,2,1103,2310271.62,0,VIP / Champions,0
CUST01045,1,713,1436582.66,7,Recent Loyal Customers,0
CUST01046,2,333,695596.65,5,Recent Medium-Value,0
CUST01047,3,484,1063418.08,4,Less-Recent Regulars,0
CUST01048,1,1062,2264448.72,0,VIP / Champions,0
CUST01049,3,489,1118820.07,4,Less-Recent Regulars,0
CUST01050,7,439,1011390.65,4,Less-Recent Regulars,0
CUST01051,1,1045,2085839.37,0,VIP / Champions,0
CUST01052,2,718,1447563.25,3,Loyal High-Frequency,0
CUST01053,2,465,911755.09,1,High-Value Regulars,0
CUST01054,3,455,992019.19,4,Less-Recent Regulars,0
CUST01055,1,738,1579566.35,7,Recent Loyal Customers,0
CUST01056,1,702,1462806.11,7,Recent Loyal Customers,0
CUST01057,5,349,765483.05,2,Occasional Customers,0
CUST01058,3,469,1077954.42,4,Less-Recent Regulars,0
CUST01059,8,454,1048251.43,4,Less-Recent Regulars,0
CUST01060,4,326,689068.34,2,Occasional Customers,0
CUST01061,2,712,1441227.59,3,Loyal High-Frequency,0
CUST01062,3,676,1371384.38,3,Loyal High-Frequency,0
CUST01063,11,332,791296.63,6,At-Risk Customers,0
CUST01064,1,743,1621723.92,7,Recent Loyal Customers,0
CUST01065,1,329,687286.73,5,Recent Medium-Value,0
CUST01066,3,311,639901.4,2,Occasional Customers,0
CUST01067,9,343,736862.29,6,At-Risk Customers,0
CUST01068,2,465,979606.91,1,High-Value Regulars,0
CUST01069,1,1109,2272426.23,0,VIP / Champions,0
CUST01070,1,480,1083866.77,1,High-Value Regulars,0
CUST01071,1,310,734475.18,5,Recent Medium-Value,0
CUST01072,1,314,629370.77,5,Recent Medium-Value,0
CUST01073,3,300,552530.5,2,Occasional Customers,0
CUST01074,1,323,628969.19,5,Recent Medium-Value,0
CUST01075,3,498,1091612.81,4,Less-Recent Regulars,0
CUST01076,2,1106,2284534.9899999998,0,VIP / Champions,0
CUST01077,1,1021,2134812.39,0,VIP / Champions,0
CUST01078,10,335,801860.86,6,At-Risk Customers,0
CUST01079,1,336,713668.55,5,Recent Medium-Value,0
CUST01080,1,470,931805.39,1,High-Value Regulars,0
CUST01081,5,506,1084115.16,4,Less-Recent Regulars,0
CUST01082,4,325,713358.5,2,Occasional Customers,0
CUST01083,1,1052,2278457.82,0,VIP / Champions,0
CUST01084,1,437,896578.01,1,High-Value Regulars,0
CUST01085,7,470,979015.68,4,Less-Recent Regulars,0
CUST01086,2,667,1441896.86,3,Loyal High-Frequency,0
CUST01087,1,297,675640.21,5,Recent Medium-Value,0
CUST01088,2,731,1625201.89,3,Loyal High-Frequency,0
CUST01089,1,1086,2208034.16,0,VIP / Champions,0
CUST01090,1,1093,2358392.11,0,VIP / Champions,0
CUST01091,5,325,723674.79,2,Occasional Customers,0
CUST01092,1,323,707067.46,5,Recent Medium-Value,0
CUST01093,1,681,1504172.81,7,Recent Loyal Customers,0
CUST01094,2,319,710013.52,5,Recent Medium-Value,0
CUST01095,1,522,1059188.08,1,High-Value Regulars,0
CUST01096,2,679,1523638.22,3,Loyal High-Frequency,0
CUST01097,3,325,692081.22,2,Occasional Customers,0
CUST01098,1,319,731316.95,5,Recent Medium-Value,0
CUST01099,1,448,944547.11,1,High-Value Regulars,0
CUST01100,1,1059,2303303.4,0,VIP / Champions,0
CUST01101,1,450,897691.16,1,High-Value Regulars,0
CUST01102,1,1122,2364963.04,0,VIP / Champions,0
CUST01103,2,659,1344060.96,3,Loyal High-Frequency,0
CUST01104,5,341,754329.85,2,Occasional Customers,0
CUST01105,2,353,744226.12,5,Recent Medium-Value,0
CUST01106,1,508,1093860.33,1,High-Value Regulars,0
CUST01107,1,332,701169.62,5,Recent Medium-Value,0
CUST01108,9,350,653890.98,6,At-Risk Customers,0
CUST01109,1,367,807623.82,5,Recent Medium-Value,0
CUST01110,2,510,1120883.22,1,High-Value Regulars,0
CUST01111,1,1065,2186876.51,0,VIP / Champions,0
CUST01112,1,1062,2202237.9,0,VIP / Champions,0
CUST01113,3,709,1546328.42,3,Loyal High-Frequency,0
CUST01114,7,351,838350.37,6,At-Risk Customers,0
CUST01115,2,448,996012.15,1,High-Value Regulars,0
CUST01116,4,331,650000.62,2,Occasional Customers,0
CUST01117,3,501,946589.6,4,Less-Recent Regulars,0
CUST01118,2,488,1074968.86,1,High-Value Regulars,0
CUST01119,7,297,730113.53,6,At-Risk Customers,0
CUST01120,3,343,756228.17,2,Occasional Customers,0
CUST01121,1,1095,2370601.1,0,VIP / Champions,0
CUST01122,6,336,619452.4,2,Occasional Customers,0
CUST01123,6,703,1350805.96,3,Loyal High-Frequency,0
CUST01124,2,447,951093.42,1,High-Value Regulars,0
CUST01125,3,462,997220.43,4,Less-Recent Regulars,0
CUST01126,1,371,876554.44,1,High-Value Regulars,0
CUST01127,1,685,1590722.16,7,Recent Loyal Customers,0
CUST01128,1,476,1023376.73,1,High-Value Regulars,0
CUST01129,1,437,961929.73,1,High-Value Regulars,0
CUST01130,2,684,1401150.59,3,Loyal High-Frequency,0
CUST01131,7,314,649108.35,6,At-Risk Customers,0
CUST01132,13,487,949034.25,6,At-Risk Customers,0
CUST01133,3,699,1490957.72,3,Loyal High-Frequency,0
CUST01134,10,351,725373.8,6,At-Risk Customers,0
CUST01135,1,700,1327801.37,7,Recent Loyal Customers,0
CUST01136,7,315,669584.58,6,At-Risk Customers,0
CUST01137,1,665,1377495.03,7,Recent Loyal Customers,0
CUST01138,3,720,1448356.09,3,Loyal High-Frequency,0
CUST01139,2,689,1454575.58,3,Loyal High-Frequency,0
CUST01140,1,484,972904.96,1,High-Value Regulars,0
CUST01141,1,483,1049108.2,1,High-Value Regulars,0
CUST01142,1,697,1555654.53,7,Recent Loyal Customers,0
CUST01143,6,326,676665.21,2,Occasional Customers,0
CUST01144,2,1060,2149962.36,0,VIP / Champions,0
CUST01145,1,712,1566715.3,7,Recent Loyal Customers,0
CUST01146,1,297,640383.77,5,Recent Medium-Value,0
CUST01147,1,315,745166.1,5,Recent Medium-Value,0
CUST01148,1,711,1604977.35,7,Recent Loyal Customers,0
CUST01149,1,323,609263.19,5,Recent Medium-Value,0
CUST01150,2,355,650254.33,5,Recent Medium-Value,0
CUST01151,1,333,692212.37,5,Recent Medium-Value,0
CUST01152,1,731,1484951.32,7,Recent Loyal Customers,0
CUST01153,8,328,738054.12,6,At-Risk Customers,0
CUST01154,3,338,624019.48,2,Occasional Customers,0
CUST01155,2,331,727120.75,5,Recent Medium-Value,0
CUST01156,2,456,876180.3,1,High-Value Regulars,0
CUST01157,2,487,1146983.49,1,High-Value Regulars,0
CUST01158,1,348,753403.11,5,Recent Medium-Value,0
CUST01159,5,467,969960.34,4,Less-Recent Regulars,0
CUST01160,1,470,950669.47,1,High-Value Regulars,0
CUST01161,4,299,610342.5,2,Occasional Customers,0
CUST01162,3,446,994615.02,4,Less-Recent Regulars,0
CUST01163,1,755,1462097.61,7,Recent Loyal Customers,0
CUST01164,2,456,1062249.19,1,High-Value Regulars,0
CUST01165,7,330,740365.51,6,At-Risk Customers,0
CUST01166,1,463,1026095.9400000001,1,High-Value Regulars,0
CUST01167,1,1046,2339827.27,0,VIP / Champions,0
CUST01168,7,302,655296.08,6,At-Risk Customers,0
CUST01169,1,725,1581152.72,7,Recent Loyal Customers,0
CUST01170,3,442,863835.19,4,Less-Recent Regulars,0
CUST01171,1,463,1028311.66,1,High-Value Regulars,0
CUST01172,2,322,635142.53,5,Recent Medium-Value,0
CUST01173,3,718,1461050.61,3,Loyal High-Frequency,0
CUST01174,3,325,730971.4,2,Occasional Customers,0
CUST01175,2,699,1454092.73,3,Loyal High-Frequency,0
CUST01176,2,338,641277.51,5,Recent Medium-Value,0
CUST01177,1,336,670792.64,5,Recent Medium-Value,0
CUST01178,1,345,715674.22,5,Recent Medium-Value,0
CUST01179,1,713,1461701.38,7,Recent Loyal Customers,0
CUST01180,1,710,1440261.46,7,Recent Loyal Customers,0
CUST01181,1,333,599567.76,5,Recent Medium-Value,0
CUST01182,2,307,618700.0,5,Recent Medium-Value,0
CUST01183,1,1067,2324663.1,0,VIP / Champions,0
CUST01184,2,338,713878.42,5,Recent Medium-Value,0
CUST01185,2,297,655805.02,5,Recent Medium-Value,0
CUST01186,1,307,620431.76,5,Recent Medium-Value,0
CUST01187,9,333,669245.92,6,At-Risk Customers,0
CUST01188,3,1087,2272017.57,0,VIP / Champions,0
CUST01189,6,449,960396.34,4,Less-Recent Regulars,0
CUST01190,1,342,664733.39,5,Recent Medium-Value,0
CUST01191,1,693,1602674.08,7,Recent Loyal Customers,0
CUST01192,2,702,1602834.28,3,Loyal High-Frequency,0
CUST01193,9,347,794989.14,6,At-Risk Customers,0
CUST01194,1,330,718376.84,5,Recent Medium-Value,0
CUST01195,1,351,792375.78,5,Recent Medium-Value,0
CUST01196,1,341,678321.05,5,Recent Medium-Value,0
CUST01197,5,319,615726.46,2,Occasional Customers,0
CUST01198,5,468,918919.31,4,Less-Recent Regulars,0
CUST01199,10,356,749541.45,6,At-Risk Customers,0
CUST01200,2,679,1298408.02,3,Loyal High-Frequency,0
CUST01201,5,328,711203.46,2,Occasional Customers,0
CUST01202,7,480,1037471.42,4,Less-Recent Regulars,0
CUST01203,1,462,926640.36,1,High-Value Regulars,0
CUST01204,1,669,1463875.62,7,Recent Loyal Customers,0
CUST01205,7,460,917333.58,4,Less-Recent Regulars,0
CUST01206,4,335,596399.47,2,Occasional Customers,0
CUST01207,2,320,721273.32,5,Recent Medium-Value,0
CUST01208,1,325,664616.46,5,Recent Medium-Value,0
CUST01209,4,304,694984.65,2,Occasional Customers,0
CUST01210,3,337,671481.13,2,Occasional Customers,0
CUST01211,5,424,908400.73,4,Less-Recent Regulars,0
CUST01212,1,680,1399711.36,7,Recent Loyal Customers,0
CUST01213,2,491,1054274.74,1,High-Value Regulars,0
CUST01214,2,692,1483951.05,3,Loyal High-Frequency,0
CUST01215,1,311,635378.62,5,Recent Medium-Value,0
CUST01216,9,455,986348.02,6,At-Risk Customers,0
CUST01217,7,457,1008771.45,4,Less-Recent Regulars,0
CUST01218,4,310,687007.03,2,Occasional Customers,0
CUST01219,6,467,1018276.73,4,Less-Recent Regulars,0
CUST01220,1,1084,2152057.12,0,VIP / Champions,0
CUST01221,1,280,645477.9,5,Recent Medium-Value,0
CUST01222,2,451,883608.03,1,High-Value Regulars,0
CUST01223,1,346,730526.64,5,Recent Medium-Value,0
CUST01224,1,704,1532282.59,7,Recent Loyal Customers,0
CUST01225,6,308,620296.39,2,Occasional Customers,0
CUST01226,3,462,953096.36,4,Less-Recent Regulars,0
CUST01227,3,341,654628.3,2,Occasional Customers,0
CUST01228,1,297,660858.93,5,Recent Medium-Value,0
CUST01229,1,431,1002840.47,1,High-Value Regulars,0
CUST01230,1,348,732438.54,5,Recent Medium-Value,0
CUST01231,5,447,958773.81,4,Less-Recent Regulars,0
CUST01232,1,341,741340.25,5,Recent Medium-Value,0
CUST01233,1,1038,2235664.1,0,VIP / Champions,0
CUST01234,1,486,1094092.98,1,High-Value Regulars,0
CUST01235,2,319,685406.27,5,Recent Medium-Value,0
CUST01236,4,317,584068.49,2,Occasional Customers,0
CUST01237,3,642,1298277.02,3,Loyal High-Frequency,0
CUST01238,4,338,755887.76,2,Occasional Customers,0
CUST01239,1,337,792547.35,5,Recent Medium-Value,0
CUST01240,3,1053,2241955.59,0,VIP / Champions,0
CUST01241,4,316,739594.21,2,Occasional Customers,0
CUST01242,1,1001,2073335.43,0,VIP / Champions,0
CUST01243,1,330,701779.25,5,Recent Medium-Value,0
CUST01244,6,337,752068.79,2,Occasional Customers,0
CUST01245,2,705,1498632.67,3,Loyal High-Frequency,0
CUST01246,3,465,1052582.04,4,Less-Recent Regulars,0
CUST01247,1,331,826228.57,5,Recent Medium-Value,0
CUST01248,1,425,892690.57,1,High-Value Regulars,0
CUST01249,1,680,1408781.41,7,Recent Loyal Customers,0
CUST01250,2,464,1060724.67,1,High-Value Regulars,0
CUST01251,1,652,1290769.44,7,Recent Loyal Customers,0
CUST01252,3,337,734549.74,2,Occasional Customers,0
CUST01253,9,303,643577.24,6,At-Risk Customers,0
CUST01254,4,328,689844.99,2,Occasional Customers,0
CUST01255,1,1061,2181607.0,0,VIP / Champions,0
CUST01256,2,304,603627.63,5,Recent Medium-Value,0
CUST01257,1,1048,2226182.82,0,VIP / Champions,0
CUST01258,1,312,632082.12,5,Recent Medium-Value,0
CUST01259,5,444,946412.43,4,Less-Recent Regulars,0
CUST01260,2,702,1410076.39,3,Loyal High-Frequency,0
CUST01261,11,331,627511.7,6,At-Risk Customers,0
CUST01262,6,308,712537.54,2,Occasional Customers,0
CUST01263,3,299,699704.45,2,Occasional Customers,0
CUST01264,2,512,1004934.12,1,High-Value Regulars,0
CUST01265,1,332,741717.0,5,Recent Medium-Value,0
CUST01266,5,331,796116.31,2,Occasional Customers,0
CUST01267,4,320,773520.6,2,Occasional Customers,0
CUST01268,2,705,1466169.87,3,Loyal High-Frequency,0
CUST01269,1,467,944831.97,1,High-Value Regulars,0
CUST01270,2,1099,2359474.08,0,VIP / Champions,0
CUST01271,14,281,575869.9400000001,6,At-Risk Customers,0
CUST01272,3,345,713920.11,2,Occasional Customers,0
CUST01273,2,467,995254.06,1,High-Value Regulars,0
CUST01274,1,331,704768.89,5,Recent Medium-Value,0
CUST01275,1,323,709680.13,5,Recent Medium-Value,0
CUST01276,5,337,717122.97,2,Occasional Customers,0
CUST01277,1,455,989863.67,1,High-Value Regulars,0
CUST01278,1,339,658922.33,5,Recent Medium-Value,0
CUST01279,4,657,1411374.86,3,Loyal High-Frequency,0
CUST01280,1,713,1647009.1,7,Recent Loyal Customers,0
CUST01281,7,474,1042283.83,4,Less-Recent Regulars,0
CUST01282,1,532,1146321.96,1,High-Value Regulars,0
CUST01283,1,447,933144.17,1,High-Value Regulars,0
CUST01284,3,307,660127.49,2,Occasional Customers,0
CUST01285,2,472,973260.49,1,High-Value Regulars,0
CUST01286,9,326,714395.11,6,At-Risk Customers,0
CUST01287,1,1094,2250224.67,0,VIP / Champions,0
CUST01288,1,475,989265.85,1,High-Value Regulars,0
CUST01289,1,431,943299.77,1,High-Value Regulars,0
CUST01290,1,685,1425676.84,7,Recent Loyal Customers,0
CUST01291,2,618,1343112.9,3,Loyal High-Frequency,0
CUST01292,1,310,629560.07,5,Recent Medium-Value,0
CUST01293,6,449,964873.64,4,Less-Recent Regulars,0
CUST01294,2,675,1452097.33,3,Loyal High-Frequency,0
CUST01295,1,426,910395.28,1,High-Value Regulars,0
CUST01296,1,334,647788.49,5,Recent Medium-Value,0
CUST01297,5,722,1445383.88,3,Loyal High-Frequency,0
CUST01298,1,731,1627086.73,7,Recent Loyal Customers,0
CUST01299,3,325,729788.59,2,Occasional Customers,0
CUST01300,2,333,708000.47,5,Recent Medium-Value,0
CUST01301,5,335,658580.41,2,Occasional Customers,0
CUST01302,2,725,1583040.92,3,Loyal High-Frequency,0
CUST01303,2,1044,2211880.81,0,VIP / Champions,0
CUST01304,14,332,712254.75,6,At-Risk Customers,0
CUST01305,1,996,2044115.22,0,VIP / Champions,0
CUST01306,2,341,727348.2,5,Recent Medium-Value,0
CUST01307,5,322,749603.16,2,Occasional Customers,0
CUST01308,4,313,635043.66,2,Occasional Customers,0
CUST01309,1,1067,2274867.0,0,VIP / Champions,0
CUST01310,4,323,683681.77,2,Occasional Customers,0
CUST01311,1,1099,2323537.12,0,VIP / Champions,0
CUST01312,2,699,1570855.84,3,Loyal High-Frequency,0
CUST01313,1,698,1509333.79,7,Recent Loyal Customers,0
CUST01314,1,467,956729.92,1,High-Value Regulars,0
CUST01315,1,500,988614.77,1,High-Value Regulars,0
CUST01316,12,337,714394.51,6,At-Risk Customers,0
CUST01317,3,337,791202.02,2,Occasional Customers,0
CUST01318,5,474,1027798.1,4,Less-Recent Regulars,0
CUST01319,2,327,723828.13,5,Recent Medium-Value,0
CUST01320,1,448,966855.82,1,High-Value Regulars,0
CUST01321,1,336,666787.56,5,Recent Medium-Value,0
CUST01322,1,453,922855.11,1,High-Value Regulars,0
CUST01323,1,333,740631.97,5,Recent Medium-Value,0
CUST01324,4,352,766500.49,2,Occasional Customers,0
CUST01325,2,322,703977.19,5,Recent Medium-Value,0
CUST01326,1,346,732088.86,5,Recent Medium-Value,0
CUST01327,1,495,1084943.83,1,High-Value Regulars,0
CUST01328,6,328,680457.34,2,Occasional Customers,0
CUST01329,1,435,1010344.86,1,High-Value Regulars,0
CUST01330,2,450,1003011.13,1,High-Value Regulars,0
CUST01331,17,320,615418.36,6,At-Risk Customers,0
CUST01332,3,429,924314.96,4,Less-Recent Regulars,0
CUST01333,1,322,703980.84,5,Recent Medium-Value,0
CUST01334,6,322,729482.1,2,Occasional Customers,0
CUST01335,3,670,1323663.16,3,Loyal High-Frequency,0
CUST01336,2,480,989369.2,1,High-Value Regulars,0
CUST01337,1,1073,2329745.7,0,VIP / Champions,0
CUST01338,2,1120,2522626.92,0,VIP / Champions,0
CUST01339,1,350,685418.56,5,Recent Medium-Value,0
CUST01340,1,668,1336645.44,7,Recent Loyal Customers,0
CUST01341,3,313,714455.12,2,Occasional Customers,0
CUST01342,1,371,848888.99,5,Recent Medium-Value,0
CUST01343,3,478,989733.0599999999,4,Less-Recent Regulars,0
CUST01344,4,433,953869.48,4,Less-Recent Regulars,0
CUST01345,1,1087,2332259.55,0,VIP / Champions,0
CUST01346,7,1087,2182956.61,3,Loyal High-Frequency,0
CUST01347,1,470,951867.31,1,High-Value Regulars,0
CUST01348,2,697,1426384.48,3,Loyal High-Frequency,0
CUST01349,1,1032,2120274.0,0,VIP / Champions,0
CUST01350,1,728,1574519.32,7,Recent Loyal Customers,0
CUST01351,2,471,995937.23,1,High-Value Regulars,0
CUST01352,2,487,1028879.93,1,High-Value Regulars,0
CUST01353,2,442,959689.05,1,High-Value Regulars,0
CUST01354,1,349,751866.2,5,Recent Medium-Value,0
CUST01355,1,348,770543.22,5,Recent Medium-Value,0
CUST01356,13,321,714482.05,6,At-Risk Customers,0
CUST01357,2,1087,2117508.6,0,VIP / Champions,0
CUST01358,1,325,708632.03,5,Recent Medium-Value,0
CUST01359,3,324,576166.95,2,Occasional Customers,0
CUST01360,3,525,1112726.13,4,Less-Recent Regulars,0
CUST01361,2,342,730398.84,5,Recent Medium-Value,0
CUST01362,1,1046,2183047.24,0,VIP / Champions,0
CUST01363,2,341,675950.64,5,Recent Medium-Value,0
CUST01364,2,472,1019076.55,1,High-Value Regulars,0
CUST01365,1,1062,2266061.77,0,VIP / Champions,0
CUST01366,3,715,1408845.43,3,Loyal High-Frequency,0
CUST01367,1,1049,2296876.15,0,VIP / Champions,0
CUST01368,2,639,1408747.87,3,Loyal High-Frequency,0
CUST01369,4,345,637466.46,2,Occasional Customers,0
CUST01370,3,655,1434783.24,3,Loyal High-Frequency,0
CUST01371,3,455,947567.63,4,Less-Recent Regulars,0
CUST01372,4,332,693103.46,2,Occasional Customers,0
CUST01373,4,471,983096.3,4,Less-Recent Regulars,0
CUST01374,1,707,1559377.18,7,Recent Loyal Customers,0
CUST01375,1,325,647993.43,5,Recent Medium-Value,0
CUST01376,5,687,1346821.59,3,Loyal High-Frequency,0
CUST01377,2,727,1534114.81,3,Loyal High-Frequency,0
CUST01378,3,336,770806.01,2,Occasional Customers,0
CUST01379,3,452,989834.17,4,Less-Recent Regulars,0
CUST01380,1,490,1065008.51,1,High-Value Regulars,0
CUST01381,1,453,946981.68,1,High-Value Regulars,0
CUST01382,2,317,628782.48,5,Recent Medium-Value,0
CUST01383,1,314,578705.21,5,Recent Medium-Value,0
CUST01384,1,464,880694.59,1,High-Value Regulars,0
CUST01385,1,326,624599.95,5,Recent Medium-Value,0
CUST01386,2,292,666032.43,5,Recent Medium-Value,0
CUST01387,1,1091,2280277.55,0,VIP / Champions,0
CUST01388,1,481,1058378.26,1,High-Value Regulars,0
CUST01389,1,1093,2274667.52,0,VIP / Champions,0
CUST01390,4,429,982350.16,4,Less-Recent Regulars,0
CUST01391,4,313,654882.53,2,Occasional Customers,0
CUST01392,2,685,1415690.35,3,Loyal High-Frequency,0
CUST01393,1,481,1064987.38,1,High-Value Regulars,0
CUST01394,3,458,1039754.52,4,Less-Recent Regulars,0
CUST01395,1,340,786539.03,5,Recent Medium-Value,0
CUST01396,3,322,645122.44,2,Occasional Customers,0
CUST01397,2,349,764098.21,5,Recent Medium-Value,0
CUST01398,7,329,718220.43,6,At-Risk Customers,0
CUST01399,2,702,1471714.41,3,Loyal High-Frequency,0
CUST01400,4,710,1561216.02,3,Loyal High-Frequency,0
CUST01401,9,361,742521.33,6,At-Risk Customers,0
CUST01402,4,351,786428.93,2,Occasional Customers,0
CUST01403,2,434,905402.47,1,High-Value Regulars,0
CUST01404,1,321,741772.02,5,Recent Medium-Value,0
CUST01405,2,468,964062.25,1,High-Value Regulars,0
CUST01406,4,295,628648.77,2,Occasional Customers,0
CUST01407,3,493,900726.27,4,Less-Recent Regulars,0
CUST01408,2,1045,2316343.17,0,VIP / Champions,0
CUST01409,3,445,863312.43,4,Less-Recent Regulars,0
CUST01410,1,765,1663624.93,7,Recent Loyal Customers,0
CUST01411,10,446,950439.95,6,At-Risk Customers,0
CUST01412,3,457,1045372.44,4,Less-Recent Regulars,0
CUST01413,4,484,1030751.26,4,Less-Recent Regulars,0
CUST01414,3,732,1598278.03,3,Loyal High-Frequency,0
CUST01415,2,1011,2159079.7,0,VIP / Champions,0
CUST01416,3,325,650556.18,2,Occasional Customers,0
CUST01417,1,450,1020228.1,1,High-Value Regulars,0
CUST01418,1,438,971409.04,1,High-Value Regulars,0
CUST01419,1,471,919040.03,1,High-Value Regulars,0
CUST01420,5,452,926529.07,4,Less-Recent Regulars,0
CUST01421,1,323,669893.02,5,Recent Medium-Value,0
CUST01422,2,291,643302.15,5,Recent Medium-Value,0
CUST01423,14,338,754577.71,6,At-Risk Customers,0
CUST01424,3,437,917821.61,4,Less-Recent Regulars,0
CUST01425,2,527,1190420.01,1,High-Value Regulars,0
CUST01426,3,1047,2191062.36,0,VIP / Champions,0
CUST01427,4,332,733539.39,2,Occasional Customers,0
CUST01428,6,512,1030936.11,4,Less-Recent Regulars,0
CUST01429,7,347,779024.91,6,At-Risk Customers,0
CUST01430,1,1066,2370081.27,0,VIP / Champions,0
CUST01431,1,741,1443749.82,7,Recent Loyal Customers,0
CUST01432,1,1104,2293135.33,0,VIP / Champions,0
CUST01433,1,475,971156.45,1,High-Value Regulars,0
CUST01434,2,473,987893.16,1,High-Value Regulars,0
CUST01435,3,716,1485889.81,3,Loyal High-Frequency,0
CUST01436,4,337,671827.72,2,Occasional Customers,0
CUST01437,3,1135,2539797.83,0,VIP / Champions,0
CUST01438,2,492,1014643.65,1,High-Value Regulars,0
CUST01439,3,1053,2323358.51,0,VIP / Champions,0
CUST01440,4,326,707471.3,2,Occasional Customers,0
CUST01441,1,309,656590.8099999999,5,Recent Medium-Value,0
CUST01442,3,343,702940.93,2,Occasional Customers,0
CUST01443,4,339,640290.43,2,Occasional Customers,0
CUST01444,4,350,666502.87,2,Occasional Customers,0
CUST01445,2,301,670348.91,5,Recent Medium-Value,0
CUST01446,7,326,675517.75,6,At-Risk Customers,0
CUST01447,1,320,712318.69,5,Recent Medium-Value,0
CUST01448,1,478,971411.87,1,High-Value Regulars,0
CUST01449,1,478,1022888.44,1,High-Value Regulars,0
CUST01450,1,324,789432.33,5,Recent Medium-Value,0
CUST01451,1,504,1101053.8699999999,1,High-Value Regulars,0
CUST01452,6,488,973344.71,4,Less-Recent Regulars,0
CUST01453,3,339,778266.52,2,Occasional Customers,0
CUST01454,11,281,587611.36,6,At-Risk Customers,0
CUST01455,3,463,1037876.8,4,Less-Recent Regulars,0
CUST01456,1,703,1381271.81,7,Recent Loyal Customers,0
CUST01457,2,331,763490.01,5,Recent Medium-Value,0
CUST01458,1,466,1033625.71,1,High-Value Regulars,0
CUST01459,9,354,696702.97,6,At-Risk Customers,0
CUST01460,1,683,1517077.1199999999,7,Recent Loyal Customers,0
CUST01461,3,496,1126160.05,4,Less-Recent Regulars,0
CUST01462,4,462,1002251.92,4,Less-Recent Regulars,0
CUST01463,1,476,1104718.67,1,High-Value Regulars,0
CUST01464,3,1048,2034122.34,0,VIP / Champions,0
CUST01465,1,498,1061641.58,1,High-Value Regulars,0
CUST01466,7,445,915743.82,4,Less-Recent Regulars,0
CUST01467,1,503,1066484.14,1,High-Value Regulars,0
CUST01468,5,347,694953.52,2,Occasional Customers,0
CUST01469,1,1094,2458983.0,0,VIP / Champions,0
CUST01470,4,429,888970.26,4,Less-Recent Regulars,0
CUST01471,1,302,660257.97,5,Recent Medium-Value,0
CUST01472,1,1073,2242089.02,0,VIP / Champions,0
CUST01473,2,477,1050516.19,1,High-Value Regulars,0
CUST01474,2,325,721998.84,5,Recent Medium-Value,0
CUST01475,1,469,913487.83,1,High-Value Regulars,0
CUST01476,4,1072,2158507.5100000002,0,VIP / Champions,0
CUST01477,1,667,1460399.49,7,Recent Loyal Customers,0
CUST01478,5,318,626540.77,2,Occasional Customers,0
CUST01479,6,692,1570021.41,3,Loyal High-Frequency,0
CUST01480,1,486,948142.92,1,High-Value Regulars,0
CUST01481,2,478,1050920.26,1,High-Value Regulars,0
CUST01482,4,470,1005853.9,4,Less-Recent Regulars,0
CUST01483,2,310,650396.8,5,Recent Medium-Value,0
CUST01484,13,338,673868.35,6,At-Risk Customers,0
CUST01485,3,472,1039940.61,4,Less-Recent Regulars,0
CUST01486,6,304,770820.63,2,Occasional Customers,0
CUST01487,1,441,949848.3,1,High-Value Regulars,0
CUST01488,4,701,1595276.1300000001,3,Loyal High-Frequency,0
CUST01489,1,700,1429482.04,7,Recent Loyal Customers,0
CUST01490,8,317,678087.62,6,At-Risk Customers,0
CUST01491,1,1081,2273545.26,0,VIP / Champions,0
CUST01492,3,444,879105.25,4,Less-Recent Regulars,0
CUST01493,5,321,662328.02,2,Occasional Customers,0
CUST01494,2,713,1529360.03,3,Loyal High-Frequency,0
CUST01495,1,292,653016.3,5,Recent Medium-Value,0
CUST01496,1,736,1475489.66,7,Recent Loyal Customers,0
CUST01497,4,463,1019047.36,4,Less-Recent Regulars,0
CUST01498,2,489,1054066.94,1,High-Value Regulars,0
CUST01499,1,671,1550670.63,7,Recent Loyal Customers,0
CUST01500,2,715,1512032.47,3,Loyal High-Frequency,0
CUST01501,5,412,943513.1,4,Less-Recent Regulars,0
CUST01502,1,495,980053.53,1,High-Value Regulars,0
CUST01503,1,482,968844.4,1,High-Value Regulars,0
CUST01504,2,426,887641.76,1,High-Value Regulars,0
CUST01505,4,490,1100572.77,4,Less-Recent Regulars,0
CUST01506,4,341,683806.92,2,Occasional Customers,0
CUST01507,7,443,951272.16,4,Less-Recent Regulars,0
CUST01508,2,500,1111964.82,1,High-Value Regulars,0
CUST01509,1,699,1524630.52,7,Recent Loyal Customers,0
CUST01510,6,291,565493.86,2,Occasional Customers,0
CUST01511,6,467,924866.62,4,Less-Recent Regulars,0
CUST01512,1,1084,2258119.51,0,VIP / Champions,0
CUST01513,1,452,921789.58,1,High-Value Regulars,0
CUST01514,9,337,709423.12,6,At-Risk Customers,0
CUST01515,2,693,1464353.49,3,Loyal High-Frequency,0
CUST01516,1,329,729563.84,5,Recent Medium-Value,0
CUST01517,3,502,1192851.74,4,Less-Recent Regulars,0
CUST01518,4,426,804550.85,4,Less-Recent Regulars,0
CUST01519,4,1062,2337751.71,0,VIP / Champions,0
CUST01520,3,670,1471632.12,3,Loyal High-Frequency,0
CUST01521,2,712,1474638.47,3,Loyal High-Frequency,0
CUST01522,1,496,987773.44,1,High-Value Regulars,0
CUST01523,9,317,643878.88,6,At-Risk Customers,0
CUST01524,1,365,702617.78,5,Recent Medium-Value,0
CUST01525,5,345,832565.35,2,Occasional Customers,0
CUST01526,5,486,1049482.3,4,Less-Recent Regulars,0
CUST01527,3,473,1066635.57,4,Less-Recent Regulars,0
CUST01528,5,316,705343.89,2,Occasional Customers,0
CUST01529,1,659,1485007.02,7,Recent Loyal Customers,0
CUST01530,2,305,643750.54,5,Recent Medium-Value,0
CUST01531,2,334,711797.73,5,Recent Medium-Value,0
CUST01532,2,709,1500853.36,3,Loyal High-Frequency,0
CUST01533,1,484,994823.02,1,High-Value Regulars,0
CUST01534,2,348,809627.47,5,Recent Medium-Value,0
CUST01535,2,721,1485182.97,3,Loyal High-Frequency,0
CUST01536,9,326,639573.38,6,At-Risk Customers,0
CUST01537,1,322,691449.29,5,Recent Medium-Value,0
CUST01538,3,662,1400992.09,3,Loyal High-Frequency,0
CUST01539,3,481,1039955.27,4,Less-Recent Regulars,0
CUST01540,1,505,1116804.08,1,High-Value Regulars,0
CUST01541,5,316,689219.3,2,Occasional Customers,0
CUST01542,1,339,819353.9299999999,5,Recent Medium-Value,0
CUST01543,3,430,953565.27,4,Less-Recent Regulars,0
CUST01544,1,1039,2238002.02,0,VIP / Champions,0
CUST01545,1,471,990369.16,1,High-Value Regulars,0
CUST01546,7,323,692725.37,6,At-Risk Customers,0
CUST01547,1,1019,2218924.12,0,VIP / Champions,0
CUST01548,1,1088,2270376.0,0,VIP / Champions,0
CUST01549,2,308,642657.73,5,Recent Medium-Value,0
CUST01550,1,344,826340.97,5,Recent Medium-Value,0
CUST01551,12,291,550735.81,6,At-Risk Customers,0
CUST01552,1,519,1151714.52,1,High-Value Regulars,0
CUST01553,8,309,618400.6,6,At-Risk Customers,0
CUST01554,1,718,1415397.34,7,Recent Loyal Customers,0
CUST01555,1,343,775527.2,5,Recent Medium-Value,0
CUST01556,1,459,941624.92,1,High-Value Regulars,0
CUST01557,2,320,704689.45,5,Recent Medium-Value,0
CUST01558,6,454,1019103.82,4,Less-Recent Regulars,0
CUST01559,1,461,943623.02,1,High-Value Regulars,0
CUST01560,1,1023,2118045.02,0,VIP / Champions,0
CUST01561,5,301,627390.29,2,Occasional Customers,0
CUST01562,2,721,1532693.78,3,Loyal High-Frequency,0
CUST01563,11,461,926375.05,6,At-Risk Customers,0
CUST01564,2,724,1545495.8699999999,3,Loyal High-Frequency,0
CUST01565,2,462,999551.18,1,High-Value Regulars,0
CUST01566,4,342,762756.8,2,Occasional Customers,0
CUST01567,1,351,806930.26,5,Recent Medium-Value,0
CUST01568,1,690,1409780.1,7,Recent Loyal Customers,0
CUST01569,2,697,1469764.07,3,Loyal High-Frequency,0
CUST01570,2,479,899910.7,1,High-Value Regulars,0
CUST01571,4,336,656356.83,2,Occasional Customers,0
CUST01572,11,328,679541.02,6,At-Risk Customers,0
CUST01573,1,695,1518695.31,7,Recent Loyal Customers,0
CUST01574,1,478,970334.79,1,High-Value Regulars,0
CUST01575,3,483,1044762.22,4,Less-Recent Regulars,0
CUST01576,3,329,692237.15,2,Occasional Customers,0
CUST01577,1,499,1057624.8,1,High-Value Regulars,0
CUST01578,3,633,1471657.05,3,Loyal High-Frequency,0
CUST01579,1,451,956541.3,1,High-Value Regulars,0
CUST01580,1,334,687877.09,5,Recent Medium-Value,0
CUST01581,5,307,572227.85,2,Occasional Customers,0
CUST01582,1,339,721163.23,5,Recent Medium-Value,0
CUST01583,6,466,976805.62,4,Less-Recent Regulars,0
CUST01584,1,336,684768.05,5,Recent Medium-Value,0
CUST01585,6,337,686443.09,2,Occasional Customers,0
CUST01586,4,734,1514860.24,3,Loyal High-Frequency,0
CUST01587,1,1112,2353191.75,0,VIP / Champions,0
CUST01588,2,727,1542841.54,3,Loyal High-Frequency,0
CUST01589,1,443,885661.4,1,High-Value Regulars,0
CUST01590,2,307,632495.57,5,Recent Medium-Value,0
CUST01591,1,327,682925.05,5,Recent Medium-Value,0
CUST01592,6,360,769554.79,2,Occasional Customers,0
CUST01593,4,317,683999.74,2,Occasional Customers,0
CUST01594,1,687,1410827.61,7,Recent Loyal Customers,0
CUST01595,3,717,1473408.65,3,Loyal High-Frequency,0
CUST01596,7,482,980380.37,4,Less-Recent Regulars,0
CUST01597,5,319,676134.2,2,Occasional Customers,0
CUST01598,2,445,868880.44,1,High-Value Regulars,0
CUST01599,5,464,926460.97,4,Less-Recent Regulars,0
CUST01600,8,447,1016034.91,4,Less-Recent Regulars,0
CUST01601,1,1099,2346978.6,0,VIP / Champions,0
CUST01602,5,320,682152.32,2,Occasional Customers,0
CUST01603,4,350,780252.97,2,Occasional Customers,0
CUST01604,5,302,658418.42,2,Occasional Customers,0
CUST01605,1,338,789484.76,5,Recent Medium-Value,0
CUST01606,3,443,827866.57,4,Less-Recent Regulars,0
CUST01607,1,675,1348015.26,7,Recent Loyal Customers,0
CUST01608,3,312,614944.8,2,Occasional Customers,0
CUST01609,2,501,1013467.85,1,High-Value Regulars,0
CUST01610,15,322,716403.67,6,At-Risk Customers,0
CUST01611,2,713,1386925.38,3,Loyal High-Frequency,0
CUST01612,1,480,951081.57,1,High-Value Regulars,0
CUST01613,8,306,579318.54,6,At-Risk Customers,0
CUST01614,2,309,718699.9400000001,5,Recent Medium-Value,0
CUST01615,3,703,1425871.5,3,Loyal High-Frequency,0
CUST01616,2,486,1111852.24,1,High-Value Regulars,0
CUST01617,2,334,797176.97,5,Recent Medium-Value,0
CUST01618,3,303,651725.44,2,Occasional Customers,0
CUST01619,2,298,545804.33,5,Recent Medium-Value,0
CUST01620,1,497,1050011.59,1,High-Value Regulars,0
CUST01621,1,319,664737.51,5,Recent Medium-Value,0
CUST01622,1,464,979628.36,1,High-Value Regulars,0
CUST01623,4,311,659919.45,2,Occasional Customers,0
CUST01624,1,701,1475151.62,7,Recent Loyal Customers,0
CUST01625,2,471,1043437.46,1,High-Value Regulars,0
CUST01626,1,645,1292541.98,7,Recent Loyal Customers,0
CUST01627,2,493,994242.24,1,High-Value Regulars,0
CUST01628,1,1064,2148528.69,0,VIP / Champions,0
CUST01629,1,1038,2291335.86,0,VIP / Champions,0
CUST01630,6,434,974344.16,4,Less-Recent Regulars,0
CUST01631,1,466,964125.39,1,High-Value Regulars,0
CUST01632,1,310,688633.11,5,Recent Medium-Value,0
CUST01633,1,1079,2384580.04,0,VIP / Champions,0
CUST01634,3,730,1552537.48,3,Loyal High-Frequency,0
CUST01635,4,350,731179.29,2,Occasional Customers,0
CUST01636,1,349,779342.81,5,Recent Medium-Value,0
CUST01637,4,714,1467146.86,3,Loyal High-Frequency,0
CUST01638,3,296,647929.55,2,Occasional Customers,0
CUST01639,4,741,1707397.41,3,Loyal High-Frequency,0
CUST01640,2,1118,2413633.12,0,VIP / Champions,0
CUST01641,2,331,762643.79,5,Recent Medium-Value,0
CUST01642,1,493,1070740.41,1,High-Value Regulars,0
CUST01643,1,701,1373564.05,7,Recent Loyal Customers,0
CUST01644,4,471,984223.24,4,Less-Recent Regulars,0
CUST01645,3,296,602247.55,2,Occasional Customers,0
CUST01646,1,718,1576009.67,7,Recent Loyal Customers,0
CUST01647,8,306,595204.69,6,At-Risk Customers,0
CUST01648,1,474,988811.05,1,High-Value Regulars,0
CUST01649,1,1082,2296838.47,0,VIP / Champions,0
CUST01650,1,700,1373297.76,7,Recent Loyal Customers,0
CUST01651,5,471,1043062.27,4,Less-Recent Regulars,0
CUST01652,4,341,724257.33,2,Occasional Customers,0
CUST01653,1,303,664066.98,5,Recent Medium-Value,0
CUST01654,1,330,721023.87,5,Recent Medium-Value,0
CUST01655,1,486,1024998.96,1,High-Value Regulars,0
CUST01656,2,693,1459966.41,3,Loyal High-Frequency,0
CUST01657,4,417,823292.08,4,Less-Recent Regulars,0
CUST01658,2,495,1059792.86,1,High-Value Regulars,0
CUST01659,1,327,633330.89,5,Recent Medium-Value,0
CUST01660,3,464,1025528.53,4,Less-Recent Regulars,0
CUST01661,1,1044,2216871.02,0,VIP / Champions,0
CUST01662,2,1146,2292822.08,0,VIP / Champions,0
CUST01663,3,733,1564085.25,3,Loyal High-Frequency,0
CUST01664,1,706,1602883.18,7,Recent Loyal Customers,0
CUST01665,4,704,1556487.7,3,Loyal High-Frequency,0
CUST01666,2,486,1019081.75,1,High-Value Regulars,0
CUST01667,1,740,1663575.35,7,Recent Loyal Customers,0
CUST01668,1,311,647561.29,5,Recent Medium-Value,0
CUST01669,2,1068,2268692.66,0,VIP / Champions,0
CUST01670,2,496,1041339.32,1,High-Value Regulars,0
CUST01671,3,335,734274.7,2,Occasional Customers,0
CUST01672,2,313,685855.63,5,Recent Medium-Value,0
CUST01673,3,473,1049344.18,4,Less-Recent Regulars,0
CUST01674,2,447,862385.84,1,High-Value Regulars,0
CUST01675,5,447,844137.94,4,Less-Recent Regulars,0
CUST01676,1,461,1002033.78,1,High-Value Regulars,0
CUST01677,3,492,1110091.37,4,Less-Recent Regulars,0
CUST01678,1,698,1471389.7,7,Recent Loyal Customers,0
CUST01679,1,316,694400.72,5,Recent Medium-Value,0
CUST01680,3,304,648766.85,2,Occasional Customers,0
CUST01681,2,311,768688.38,5,Recent Medium-Value,0
CUST01682,4,456,944885.07,4,Less-Recent Regulars,0
CUST01683,6,324,679532.73,2,Occasional Customers,0
CUST01684,2,1143,2384287.03,0,VIP / Champions,0
CUST01685,1,325,662914.51,5,Recent Medium-Value,0
CUST01686,1,490,1038613.87,1,High-Value Regulars,0
CUST01687,8,332,697009.51,6,At-Risk Customers,0
CUST01688,1,311,671597.81,5,Recent Medium-Value,0
CUST01689,8,298,648665.48,6,At-Risk Customers,0
CUST01690,1,475,985052.02,1,High-Value Regulars,0
CUST01691,10,327,597741.75,6,At-Risk Customers,0
CUST01692,7,305,671463.67,6,At-Risk Customers,0
CUST01693,9,333,705332.53,6,At-Risk Customers,0
CUST01694,3,457,995859.54,4,Less-Recent Regulars,0
CUST01695,1,497,1111720.82,1,High-Value Regulars,0
CUST01696,2,673,1481331.35,3,Loyal High-Frequency,0
CUST01697,6,289,628446.25,2,Occasional Customers,0
CUST01698,3,342,685240.0,2,Occasional Customers,0
CUST01699,1,470,895734.66,1,High-Value Regulars,0
CUST01700,14,502,1105046.18,6,At-Risk Customers,0
CUST01701,6,298,636632.63,2,Occasional Customers,0
CUST01702,1,289,585143.67,5,Recent Medium-Value,0
CUST01703,5,336,695120.06,2,Occasional Customers,0
CUST01704,3,1042,2081296.91,0,VIP / Champions,0
CUST01705,2,1074,2269875.46,0,VIP / Champions,0
CUST01706,2,1099,2384796.8,0,VIP / Champions,0
CUST01707,1,322,591593.64,5,Recent Medium-Value,0
CUST01708,2,455,924276.41,1,High-Value Regulars,0
CUST01709,1,491,1048029.41,1,High-Value Regulars,0
CUST01710,1,768,1584162.65,7,Recent Loyal Customers,0
CUST01711,15,336,701112.65,6,At-Risk Customers,0
CUST01712,4,330,701608.95,2,Occasional Customers,0
CUST01713,7,308,643031.87,6,At-Risk Customers,0
CUST01714,2,450,922591.42,1,High-Value Regulars,0
CUST01715,1,1107,2366981.68,0,VIP / Champions,0
CUST01716,7,349,753462.06,6,At-Risk Customers,0
CUST01717,3,469,1035742.98,4,Less-Recent Regulars,0
CUST01718,2,327,721796.06,5,Recent Medium-Value,0
CUST01719,6,315,678663.6,2,Occasional Customers,0
CUST01720,8,493,1056837.61,4,Less-Recent Regulars,0
CUST01721,1,307,673226.73,5,Recent Medium-Value,0
CUST01722,6,718,1512959.82,3,Loyal High-Frequency,0
CUST01723,2,309,649591.39,5,Recent Medium-Value,0
CUST01724,1,325,728451.91,5,Recent Medium-Value,0
CUST01725,4,716,1471706.91,3,Loyal High-Frequency,0
CUST01726,8,445,985469.17,4,Less-Recent Regulars,0
CUST01727,4,1053,2430867.82,0,VIP / Champions,0
CUST01728,1,457,978813.05,1,High-Value Regulars,0
CUST01729,1,335,686245.04,5,Recent Medium-Value,0
CUST01730,2,712,1469784.05,3,Loyal High-Frequency,0
CUST01731,1,427,900671.52,1,High-Value Regulars,0
CUST01732,9,321,727695.93,6,At-Risk Customers,0
CUST01733,2,708,1459534.83,3,Loyal High-Frequency,0
CUST01734,1,703,1522810.19,7,Recent Loyal Customers,0
CUST01735,1,1083,2378034.6,0,VIP / Champions,0
CUST01736,2,462,941227.16,1,High-Value Regulars,0
CUST01737,3,676,1463585.79,3,Loyal High-Frequency,0
CUST01738,1,689,1519652.32,7,Recent Loyal Customers,0
CUST01739,1,481,983556.76,1,High-Value Regulars,0
CUST01740,5,346,699583.63,2,Occasional Customers,0
CUST01741,2,498,1173695.58,1,High-Value Regulars,0
CUST01742,2,316,695931.64,5,Recent Medium-Value,0
CUST01743,2,334,693500.89,5,Recent Medium-Value,0
CUST01744,2,694,1480067.99,3,Loyal High-Frequency,0
CUST01745,1,311,604555.4,5,Recent Medium-Value,0
CUST01746,2,683,1408447.04,3,Loyal High-Frequency,0
CUST01747,6,305,632220.2,2,Occasional Customers,0
CUST01748,4,454,976201.19,4,Less-Recent Regulars,0
CUST01749,2,745,1526904.7,3,Loyal High-Frequency,0
CUST01750,2,657,1484414.73,3,Loyal High-Frequency,0
CUST01751,1,347,718091.97,5,Recent Medium-Value,0
CUST01752,1,738,1555697.88,7,Recent Loyal Customers,0
CUST01753,3,713,1514857.15,3,Loyal High-Frequency,0
CUST01754,11,305,642128.02,6,At-Risk Customers,0
CUST01755,1,336,718557.18,5,Recent Medium-Value,0
CUST01756,7,341,752036.98,6,At-Risk Customers,0
CUST01757,4,313,671502.83,2,Occasional Customers,0
CUST01758,5,325,726974.62,2,Occasional Customers,0
CUST01759,4,437,852533.6,4,Less-Recent Regulars,0
CUST01760,1,330,777120.28,5,Recent Medium-Value,0
CUST01761,1,661,1462503.42,7,Recent Loyal Customers,0
CUST01762,1,483,1129669.49,1,High-Value Regulars,0
CUST01763,6,481,952931.12,4,Less-Recent Regulars,0
CUST01764,1,716,1444666.88,7,Recent Loyal Customers,0
CUST01765,1,467,948168.89,1,High-Value Regulars,0
CUST01766,8,316,621210.58,6,At-Risk Customers,0
CUST01767,3,341,627563.67,2,Occasional Customers,0
CUST01768,1,474,1014484.64,1,High-Value Regulars,0
CUST01769,4,696,1484752.61,3,Loyal High-Frequency,0
CUST01770,2,454,894125.51,1,High-Value Regulars,0
CUST01771,1,710,1571710.75,7,Recent Loyal Customers,0
CUST01772,1,729,1544874.2,7,Recent Loyal Customers,0
CUST01773,1,502,1004134.83,1,High-Value Regulars,0
CUST01774,11,346,747890.84,6,At-Risk Customers,0
CUST01775,1,649,1439613.83,7,Recent Loyal Customers,0
CUST01776,2,476,1007190.66,1,High-Value Regulars,0
CUST01777,5,294,610668.11,2,Occasional Customers,0
CUST01778,2,682,1541038.96,3,Loyal High-Frequency,0
CUST01779,4,361,758625.57,2,Occasional Customers,0
CUST01780,2,341,796243.35,5,Recent Medium-Value,0
CUST01781,2,325,700127.07,5,Recent Medium-Value,0
CUST01782,1,326,675276.29,5,Recent Medium-Value,0
CUST01783,4,321,612924.79,2,Occasional Customers,0
CUST01784,2,463,961347.5,1,High-Value Regulars,0
CUST01785,9,309,652988.82,6,At-Risk Customers,0
CUST01786,2,694,1489991.51,3,Loyal High-Frequency,0
CUST01787,4,494,986219.81,4,Less-Recent Regulars,0
CUST01788,1,425,903631.43,1,High-Value Regulars,0
CUST01789,2,496,1105333.53,1,High-Value Regulars,0
CUST01790,4,346,677218.09,2,Occasional Customers,0
CUST01791,6,388,837780.74,4,Less-Recent Regulars,0
CUST01792,1,453,1014800.22,1,High-Value Regulars,0
CUST01793,3,359,816435.99,2,Occasional Customers,0
CUST01794,2,295,646750.7,5,Recent Medium-Value,0
CUST01795,5,463,961388.69,4,Less-Recent Regulars,0
CUST01796,2,343,711351.46,5,Recent Medium-Value,0
CUST01797,1,676,1435191.17,7,Recent Loyal Customers,0
CUST01798,1,332,612431.53,5,Recent Medium-Value,0
CUST01799,2,334,754225.03,5,Recent Medium-Value,0
CUST01800,5,434,925637.65,4,Less-Recent Regulars,0
CUST01801,3,330,706709.68,2,Occasional Customers,0
CUST01802,3,677,1461491.39,3,Loyal High-Frequency,0
CUST01803,2,346,818841.51,5,Recent Medium-Value,0
CUST01804,1,445,966912.17,1,High-Value Regulars,0
CUST01805,1,706,1554371.5,7,Recent Loyal Customers,0
CUST01806,5,306,629926.81,2,Occasional Customers,0
CUST01807,1,1066,2249002.1,0,VIP / Champions,0
CUST01808,1,721,1621950.11,7,Recent Loyal Customers,0
CUST01809,6,312,659869.37,2,Occasional Customers,0
CUST01810,7,441,1015035.27,4,Less-Recent Regulars,0
CUST01811,2,309,624057.67,5,Recent Medium-Value,0
CUST01812,7,344,763284.44,6,At-Risk Customers,0
CUST01813,10,335,662511.85,6,At-Risk Customers,0
CUST01814,2,323,645166.5,5,Recent Medium-Value,0
CUST01815,1,691,1551271.89,7,Recent Loyal Customers,0
CUST01816,1,663,1394354.67,7,Recent Loyal Customers,0
CUST01817,4,324,736114.52,2,Occasional Customers,0
CUST01818,4,312,637659.81,2,Occasional Customers,0
CUST01819,2,297,569529.98,5,Recent Medium-Value,0
CUST01820,1,1079,2322280.25,0,VIP / Champions,0
CUST01821,1,314,650510.9,5,Recent Medium-Value,0
CUST01822,3,483,1057651.38,4,Less-Recent Regulars,0
CUST01823,9,310,723111.13,6,At-Risk Customers,0
CUST01824,1,672,1390990.31,7,Recent Loyal Customers,0
CUST01825,1,307,657995.8,5,Recent Medium-Value,0
CUST01826,2,312,627262.91,5,Recent Medium-Value,0
CUST01827,9,331,688934.47,6,At-Risk Customers,0
CUST01828,1,1062,2375067.37,0,VIP / Champions,0
CUST01829,1,460,921681.8,1,High-Value Regulars,0
CUST01830,4,321,691309.25,2,Occasional Customers,0
CUST01831,6,298,603794.72,2,Occasional Customers,0
CUST01832,1,485,1068112.58,1,High-Value Regulars,0
CUST01833,3,357,752193.15,2,Occasional Customers,0
CUST01834,1,457,1068418.21,1,High-Value Regulars,0
CUST01835,5,317,693728.47,2,Occasional Customers,0
CUST01836,4,291,622370.14,2,Occasional Customers,0
CUST01837,1,652,1429990.54,7,Recent Loyal Customers,0
CUST01838,6,353,728095.73,2,Occasional Customers,0
CUST01839,1,324,699567.06,5,Recent Medium-Value,0
CUST01840,1,1092,2259360.76,0,VIP / Champions,0
CUST01841,9,466,993319.21,6,At-Risk Customers,0
CUST01842,3,721,1491380.0,3,Loyal High-Frequency,0
CUST01843,15,305,652299.94,6,At-Risk Customers,0
CUST01844,1,716,1484425.02,7,Recent Loyal Customers,0
CUST01845,3,708,1666408.1199999999,3,Loyal High-Frequency,0
CUST01846,2,349,668046.09,5,Recent Medium-Value,0
CUST01847,1,458,905665.21,1,High-Value Regulars,0
CUST01848,6,315,630850.64,2,Occasional Customers,0
CUST01849,2,696,1436473.68,3,Loyal High-Frequency,0
CUST01850,6,418,907646.81,4,Less-Recent Regulars,0
CUST01851,1,711,1615105.44,7,Recent Loyal Customers,0
CUST01852,1,1025,2124217.32,0,VIP / Champions,0
CUST01853,5,303,667615.48,2,Occasional Customers,0
CUST01854,1,325,642363.68,5,Recent Medium-Value,0
CUST01855,9,487,1056078.35,4,Less-Recent Regulars,0
CUST01856,1,1094,2377859.63,0,VIP / Champions,0
CUST01857,2,447,911041.66,1,High-Value Regulars,0
CUST01858,11,337,714829.39,6,At-Risk Customers,0
CUST01859,2,1089,2400452.7,0,VIP / Champions,0
CUST01860,1,468,942410.49,1,High-Value Regulars,0
CUST01861,2,319,655343.76,5,Recent Medium-Value,0
CUST01862,5,455,1007839.7,4,Less-Recent Regulars,0
CUST01863,3,480,984927.12,4,Less-Recent Regulars,0
CUST01864,2,1104,2284717.45,0,VIP / Champions,0
CUST01865,2,299,731305.09,5,Recent Medium-Value,0
CUST01866,9,469,1041809.98,4,Less-Recent Regulars,0
CUST01867,2,329,619451.99,5,Recent Medium-Value,0
CUST01868,10,474,1036183.02,6,At-Risk Customers,0
CUST01869,1,1066,2264697.08,0,VIP / Champions,0
CUST01870,1,692,1356607.72,7,Recent Loyal Customers,0
CUST01871,1,1069,2249405.17,0,VIP / Champions,0
CUST01872,2,352,762932.16,5,Recent Medium-Value,0
CUST01873,4,434,948803.1,4,Less-Recent Regulars,0
CUST01874,3,499,1068669.17,4,Less-Recent Regulars,0
CUST01875,5,359,724613.28,2,Occasional Customers,0
CUST01876,5,449,1012585.76,4,Less-Recent Regulars,0
CUST01877,1,330,682279.66,5,Recent Medium-Value,0
CUST01878,2,324,721606.02,5,Recent Medium-Value,0
CUST01879,8,300,644507.46,6,At-Risk Customers,0
CUST01880,5,491,1073707.48,4,Less-Recent Regulars,0
CUST01881,3,351,740153.64,2,Occasional Customers,0
CUST01882,3,335,696918.13,2,Occasional Customers,0
CUST01883,1,1133,2589816.18,0,VIP / Champions,0
CUST01884,2,469,985153.49,1,High-Value Regulars,0
CUST01885,2,441,968645.87,1,High-Value Regulars,0
CUST01886,2,464,946191.78,1,High-Value Regulars,0
CUST01887,2,331,709116.63,5,Recent Medium-Value,0
CUST01888,5,687,1373181.03,3,Loyal High-Frequency,0
CUST01889,2,731,1475222.4,3,Loyal High-Frequency,0
CUST01890,2,494,1072773.99,1,High-Value Regulars,0
CUST01891,5,325,627047.39,2,Occasional Customers,0
CUST01892,1,742,1411226.27,7,Recent Loyal Customers,0
CUST01893,1,314,669657.01,5,Recent Medium-Value,0
CUST01894,2,499,1209120.7,1,High-Value Regulars,0
CUST01895,5,349,734060.3,2,Occasional Customers,0
CUST01896,1,479,1068594.93,1,High-Value Regulars,0
CUST01897,1,1005,2067230.2,0,VIP / Champions,0
CUST01898,8,331,614524.22,6,At-Risk Customers,0
CUST01899,4,319,679094.1,2,Occasional Customers,0
CUST01900,1,453,925725.54,1,High-Value Regulars,0
CUST01901,1,307,683186.57,5,Recent Medium-Value,0
CUST01902,2,1097,2420108.03,0,VIP / Champions,0
CUST01903,1,330,705992.04,5,Recent Medium-Value,0
CUST01904,4,324,664634.83,2,Occasional Customers,0
CUST01905,4,468,1019821.86,4,Less-Recent Regulars,0
CUST01906,1,497,1047936.69,1,High-Value Regulars,0
CUST01907,2,329,709899.38,5,Recent Medium-Value,0
CUST01908,4,332,677711.3099999999,2,Occasional Customers,0
CUST01909,4,291,606376.75,2,Occasional Customers,0
CUST01910,3,326,673337.02,2,Occasional Customers,0
CUST01911,9,331,662537.41,6,At-Risk Customers,0
CUST01912,1,465,939388.55,1,High-Value Regulars,0
CUST01913,6,506,975797.57,4,Less-Recent Regulars,0
CUST01914,2,484,1026161.41,1,High-Value Regulars,0
CUST01915,4,347,777078.33,2,Occasional Customers,0
CUST01916,1,473,919320.2,1,High-Value Regulars,0
CUST01917,2,296,544237.14,5,Recent Medium-Value,0
CUST01918,3,485,980148.87,4,Less-Recent Regulars,0
CUST01919,1,307,624231.98,5,Recent Medium-Value,0
CUST01920,1,474,973063.73,1,High-Value Regulars,0
CUST01921,1,468,918187.11,1,High-Value Regulars,0
CUST01922,4,685,1374195.64,3,Loyal High-Frequency,0
CUST01923,3,346,706016.8,2,Occasional Customers,0
CUST01924,3,455,959306.27,4,Less-Recent Regulars,0
CUST01925,5,340,738297.12,2,Occasional Customers,0
CUST01926,1,312,656828.52,5,Recent Medium-Value,0
CUST01927,1,477,1075585.74,1,High-Value Regulars,0
CUST01928,3,695,1521395.19,3,Loyal High-Frequency,0
CUST01929,1,464,934625.67,1,High-Value Regulars,0
CUST01930,1,343,706590.04,5,Recent Medium-Value,0
CUST01931,1,479,1012362.31,1,High-Value Regulars,0
CUST01932,2,671,1436143.29,3,Loyal High-Frequency,0
CUST01933,1,355,712260.05,5,Recent Medium-Value,0
CUST01934,1,308,674650.41,5,Recent Medium-Value,0
CUST01935,7,334,689035.22,6,At-Risk Customers,0
CUST01936,1,709,1505957.4,7,Recent Loyal Customers,0
CUST01937,2,337,697330.83,5,Recent Medium-Value,0
CUST01938,9,325,647732.49,6,At-Risk Customers,0
CUST01939,4,457,1050967.55,4,Less-Recent Regulars,0
CUST01940,2,661,1288653.55,3,Loyal High-Frequency,0
CUST01941,14,320,705118.51,6,At-Risk Customers,0
CUST01942,1,667,1400428.2,7,Recent Loyal Customers,0
CUST01943,3,472,951718.35,4,Less-Recent Regulars,0
CUST01944,1,338,663934.83,5,Recent Medium-Value,0
CUST01945,1,1026,2232418.13,0,VIP / Champions,0
CUST01946,2,690,1471425.63,3,Loyal High-Frequency,0
CUST01947,5,356,768680.17,2,Occasional Customers,0
CUST01948,1,320,749673.98,5,Recent Medium-Value,0
CUST01949,5,469,1121469.62,4,Less-Recent Regulars,0
CUST01950,2,313,647605.65,5,Recent Medium-Value,0
CUST01951,2,701,1552801.74,3,Loyal High-Frequency,0
CUST01952,3,328,691261.96,2,Occasional Customers,0
CUST01953,3,342,712970.86,2,Occasional Customers,0
CUST01954,1,496,1067746.15,1,High-Value Regulars,0
CUST01955,4,736,1587904.29,3,Loyal High-Frequency,0
CUST01956,1,1041,2168713.42,0,VIP / Champions,0
CUST01957,7,294,606879.26,6,At-Risk Customers,0
CUST01958,2,324,671934.36,5,Recent Medium-Value,0
CUST01959,2,440,950259.84,1,High-Value Regulars,0
CUST01960,8,322,608230.0,6,At-Risk Customers,0
CUST01961,1,297,594570.31,5,Recent Medium-Value,0
CUST01962,2,333,667465.16,5,Recent Medium-Value,0
CUST01963,3,1059,2316802.08,0,VIP / Champions,0
CUST01964,1,712,1578091.6199999999,7,Recent Loyal Customers,0
CUST01965,4,326,691917.04,2,Occasional Customers,0
CUST01966,8,464,1087199.6,4,Less-Recent Regulars,0
CUST01967,3,698,1487718.89,3,Loyal High-Frequency,0
CUST01968,2,1087,2321434.84,0,VIP / Champions,0
CUST01969,1,462,978321.08,1,High-Value Regulars,0
CUST01970,1,1076,2341383.94,0,VIP / Champions,0
CUST01971,3,687,1447902.93,3,Loyal High-Frequency,0
CUST01972,10,461,929740.38,6,At-Risk Customers,0
CUST01973,1,297,671685.03,5,Recent Medium-Value,0
CUST01974,1,1027,2239253.46,0,VIP / Champions,0
CUST01975,6,334,718211.72,2,Occasional Customers,0
CUST01976,1,492,1027749.55,1,High-Value Regulars,0
CUST01977,1,323,690492.9,5,Recent Medium-Value,0
CUST01978,4,325,703215.74,2,Occasional Customers,0
CUST01979,2,356,738298.51,5,Recent Medium-Value,0
CUST01980,2,328,750049.76,5,Recent Medium-Value,0
CUST01981,3,653,1444906.41,3,Loyal High-Frequency,0
CUST01982,2,324,686372.34,5,Recent Medium-Value,0
CUST01983,1,658,1455122.92,7,Recent Loyal Customers,0
CUST01984,1,1026,2182657.53,0,VIP / Champions,0
CUST01985,1,452,946953.46,1,High-Value Regulars,0
CUST01986,2,714,1527298.88,3,Loyal High-Frequency,0
CUST01987,5,460,1048512.05,4,Less-Recent Regulars,0
CUST01988,2,478,1014251.16,1,High-Value Regulars,0
CUST01989,1,333,725768.09,5,Recent Medium-Value,0
CUST01990,1,465,1036576.49,1,High-Value Regulars,0
CUST01991,5,324,668456.72,2,Occasional Customers,0
CUST01992,1,313,719893.87,5,Recent Medium-Value,0
CUST01993,5,342,719597.43,2,Occasional Customers,0
CUST01994,4,466,1034434.99,4,Less-Recent Regulars,0
CUST01995,4,312,672312.12,2,Occasional Customers,0
CUST01996,3,719,1427116.05,3,Loyal High-Frequency,0
CUST01997,1,422,859235.43,1,High-Value Regulars,0
CUST01998,1,687,1328898.23,7,Recent Loyal Customers,0
CUST01999,2,448,948479.09,1,High-Value Regulars,0
CUST02000,1,761,1600763.01,7,Recent Loyal Customers,0
CUST02001,1,685,1466278.39,7,Recent Loyal Customers,0
CUST02002,3,464,966278.05,4,Less-Recent Regulars,0
CUST02003,10,324,728187.12,6,At-Risk Customers,0
CUST02004,2,714,1506436.82,3,Loyal High-Frequency,0
CUST02005,1,1103,2367237.51,0,VIP / Champions,0
CUST02006,4,354,792149.99,2,Occasional Customers,0
CUST02007,1,741,1608549.39,7,Recent Loyal Customers,0
CUST02008,2,343,719392.29,5,Recent Medium-Value,0
CUST02009,2,1101,2257295.67,0,VIP / Champions,0
CUST02010,2,727,1458105.67,3,Loyal High-Frequency,0
CUST02011,1,1098,2282015.17,0,VIP / Champions,0
CUST02012,6,317,680226.8,2,Occasional Customers,0
CUST02013,1,330,766117.19,5,Recent Medium-Value,0
CUST02014,1,450,914538.6,1,High-Value Regulars,0
CUST02015,4,319,661498.34,2,Occasional Customers,0
CUST02016,1,362,749482.26,5,Recent Medium-Value,0
CUST02017,2,337,731785.06,5,Recent Medium-Value,0
CUST02018,2,334,736841.85,5,Recent Medium-Value,0
CUST02019,2,314,700788.45,5,Recent Medium-Value,0
CUST02020,1,304,616981.04,5,Recent Medium-Value,0
CUST02021,6,425,897361.26,4,Less-Recent Regulars,0
CUST02022,8,291,594056.0,6,At-Risk Customers,0
CUST02023,1,467,950071.67,1,High-Value Regulars,0
CUST02024,1,462,902527.24,1,High-Value Regulars,0
CUST02025,3,289,561096.72,2,Occasional Customers,0
CUST02026,8,356,765186.47,6,At-Risk Customers,0
CUST02027,2,1086,2242923.0,0,VIP / Champions,0
CUST02028,1,313,689735.13,5,Recent Medium-Value,0
CUST02029,1,1001,2065534.7,0,VIP / Champions,0
CUST02030,2,331,754535.8,5,Recent Medium-Value,0
CUST02031,2,353,733752.58,5,Recent Medium-Value,0
CUST02032,2,730,1550621.8,3,Loyal High-Frequency,0
CUST02033,11,450,978138.55,6,At-Risk Customers,0
CUST02034,3,701,1503233.27,3,Loyal High-Frequency,0
CUST02035,2,496,1072400.58,1,High-Value Regulars,0
CUST02036,1,1049,2195650.81,0,VIP / Champions,0
CUST02037,4,346,587374.7,2,Occasional Customers,0
CUST02038,1,350,730319.27,5,Recent Medium-Value,0
CUST02039,1,308,717830.28,5,Recent Medium-Value,0
CUST02040,3,447,975780.85,4,Less-Recent Regulars,0
CUST02041,7,314,641962.23,6,At-Risk Customers,0
CUST02042,1,720,1464156.69,7,Recent Loyal Customers,0
CUST02043,1,314,641161.04,5,Recent Medium-Value,0
CUST02044,6,321,666231.65,2,Occasional Customers,0
CUST02045,2,306,583893.64,5,Recent Medium-Value,0
CUST02046,1,1121,2377170.24,0,VIP / Champions,0
CUST02047,3,701,1534423.66,3,Loyal High-Frequency,0
CUST02048,1,323,755574.45,5,Recent Medium-Value,0
CUST02049,4,466,960600.76,4,Less-Recent Regulars,0
CUST02050,1,476,1100433.84,1,High-Value Regulars,0
CUST02051,2,1071,2291843.39,0,VIP / Champions,0
CUST02052,5,348,704952.81,2,Occasional Customers,0
CUST02053,2,342,682423.68,5,Recent Medium-Value,0
CUST02054,2,374,770057.1,5,Recent Medium-Value,0
CUST02055,4,1026,2153546.26,0,VIP / Champions,0
CUST02056,2,1068,2195875.64,0,VIP / Champions,0
CUST02057,10,316,651490.79,6,At-Risk Customers,0
CUST02058,5,451,928395.99,4,Less-Recent Regulars,0
CUST02059,1,491,1088144.57,1,High-Value Regulars,0
CUST02060,3,316,641842.9,2,Occasional Customers,0
CUST02061,2,337,704783.14,5,Recent Medium-Value,0
CUST02062,9,324,629993.57,6,At-Risk Customers,0
CUST02063,1,693,1518587.35,7,Recent Loyal Customers,0
CUST02064,1,1016,2123455.92,0,VIP / Champions,0
CUST02065,1,314,660243.46,5,Recent Medium-Value,0
CUST02066,2,338,730920.97,5,Recent Medium-Value,0
CUST02067,1,471,981024.62,1,High-Value Regulars,0
CUST02068,3,472,886729.03,4,Less-Recent Regulars,0
CUST02069,2,320,615937.79,5,Recent Medium-Value,0
CUST02070,4,334,655133.8,2,Occasional Customers,0
CUST02071,3,340,685758.96,2,Occasional Customers,0
CUST02072,3,312,645975.25,2,Occasional Customers,0
CUST02073,1,684,1415274.3,7,Recent Loyal Customers,0
CUST02074,4,457,1029685.26,4,Less-Recent Regulars,0
CUST02075,2,1008,2137649.81,0,VIP / Champions,0
CUST02076,6,696,1495929.32,3,Loyal High-Frequency,0
CUST02077,3,481,982978.02,4,Less-Recent Regulars,0
CUST02078,1,702,1429206.8,7,Recent Loyal Customers,0
CUST02079,6,310,596250.26,2,Occasional Customers,0
CUST02080,6,449,986997.08,4,Less-Recent Regulars,0
CUST02081,2,1103,2332166.63,0,VIP / Champions,0
CUST02082,2,449,950775.6,1,High-Value Regulars,0
CUST02083,2,442,937186.39,1,High-Value Regulars,0
CUST02084,1,445,804033.25,1,High-Value Regulars,0
CUST02085,2,357,739408.1,5,Recent Medium-Value,0
CUST02086,1,298,647664.12,5,Recent Medium-Value,0
CUST02087,3,327,776036.44,2,Occasional Customers,0
CUST02088,3,312,608310.08,2,Occasional Customers,0
CUST02089,1,733,1402091.21,7,Recent Loyal Customers,0
CUST02090,2,465,992502.76,1,High-Value Regulars,0
CUST02091,1,673,1415250.26,7,Recent Loyal Customers,0
CUST02092,2,462,922870.15,1,High-Value Regulars,0
CUST02093,1,725,1350161.65,7,Recent Loyal Customers,0
CUST02094,3,297,580924.71,2,Occasional Customers,0
CUST02095,2,323,729083.04,5,Recent Medium-Value,0
CUST02096,7,328,641792.07,6,At-Risk Customers,0
CUST02097,1,312,676302.99,5,Recent Medium-Value,0
CUST02098,1,684,1470517.99,7,Recent Loyal Customers,0
CUST02099,2,492,883597.78,1,High-Value Regulars,0
CUST02100,2,1089,2396510.37,0,VIP / Champions,0
CUST02101,6,334,726390.45,2,Occasional Customers,0
CUST02102,2,1048,2153894.49,0,VIP / Champions,0
CUST02103,1,701,1513794.12,7,Recent Loyal Customers,0
CUST02104,1,653,1384248.8,7,Recent Loyal Customers,0
CUST02105,2,463,923990.59,1,High-Value Regulars,0
CUST02106,4,334,729732.14,2,Occasional Customers,0
CUST02107,1,690,1556449.72,7,Recent Loyal Customers,0
CUST02108,1,1000,2053912.52,0,VIP / Champions,0
CUST02109,2,351,701176.72,5,Recent Medium-Value,0
CUST02110,1,460,929560.88,1,High-Value Regulars,0
CUST02111,14,338,674105.16,6,At-Risk Customers,0
CUST02112,3,455,927125.47,4,Less-Recent Regulars,0
CUST02113,1,447,919137.65,1,High-Value Regulars,0
CUST02114,1,331,745617.4299999999,5,Recent Medium-Value,0
CUST02115,4,312,658975.7,2,Occasional Customers,0
CUST02116,1,329,547223.0,5,Recent Medium-Value,0
CUST02117,4,320,592611.64,2,Occasional Customers,0
CUST02118,7,330,709491.25,6,At-Risk Customers,0
CUST02119,6,340,687598.42,2,Occasional Customers,0
CUST02120,1,475,1032826.11,1,High-Value Regulars,0
CUST02121,1,471,1138835.68,1,High-Value Regulars,0
CUST02122,3,296,614790.0599999999,2,Occasional Customers,0
CUST02123,2,340,724857.11,5,Recent Medium-Value,0
CUST02124,2,338,672597.75,5,Recent Medium-Value,0
CUST02125,3,350,701514.96,2,Occasional Customers,0
CUST02126,6,326,689610.33,2,Occasional Customers,0
CUST02127,2,339,674834.36,5,Recent Medium-Value,0
CUST02128,4,356,740508.95,2,Occasional Customers,0
CUST02129,6,492,1009427.17,4,Less-Recent Regulars,0
CUST02130,2,346,786624.84,5,Recent Medium-Value,0
CUST02131,1,468,996199.92,1,High-Value Regulars,0
CUST02132,1,706,1431853.26,7,Recent Loyal Customers,0
CUST02133,3,333,674943.34,2,Occasional Customers,0
CUST02134,1,337,696311.97,5,Recent Medium-Value,0
CUST02135,1,483,1001431.33,1,High-Value Regulars,0
CUST02136,1,358,715409.28,5,Recent Medium-Value,0
CUST02137,1,490,1069312.38,1,High-Value Regulars,0
CUST02138,2,460,1017211.32,1,High-Value Regulars,0
CUST02139,2,1127,2143664.16,0,VIP / Champions,0
CUST02140,1,1120,2555328.98,0,VIP / Champions,0
CUST02141,4,288,675406.59,2,Occasional Customers,0
CUST02142,1,729,1579514.1,7,Recent Loyal Customers,0
CUST02143,4,347,738944.72,2,Occasional Customers,0
CUST02144,1,466,978147.2,1,High-Value Regulars,0
CUST02145,5,448,960076.75,4,Less-Recent Regulars,0
CUST02146,1,290,684987.13,5,Recent Medium-Value,0
CUST02147,1,313,620256.4,5,Recent Medium-Value,0
CUST02148,1,677,1438186.08,7,Recent Loyal Customers,0
CUST02149,4,333,682175.52,2,Occasional Customers,0
CUST02150,1,491,1100787.56,1,High-Value Regulars,0
CUST02151,1,1115,2380779.26,0,VIP / Champions,0
CUST02152,4,316,630553.76,2,Occasional Customers,0
CUST02153,1,303,628495.04,5,Recent Medium-Value,0
CUST02154,1,353,793389.48,5,Recent Medium-Value,0
CUST02155,1,352,848324.24,5,Recent Medium-Value,0
CUST02156,3,297,664956.02,2,Occasional Customers,0
CUST02157,1,466,1010960.74,1,High-Value Regulars,0
CUST02158,5,470,1019135.23,4,Less-Recent Regulars,0
CUST02159,2,761,1515722.58,3,Loyal High-Frequency,0
CUST02160,1,342,669407.3,5,Recent Medium-Value,0
CUST02161,1,478,1036343.95,1,High-Value Regulars,0
CUST02162,2,692,1450406.85,3,Loyal High-Frequency,0
CUST02163,1,462,1015441.34,1,High-Value Regulars,0
CUST02164,1,464,947239.35,1,High-Value Regulars,0
CUST02165,1,497,1024655.85,1,High-Value Regulars,0
CUST02166,1,700,1476967.47,7,Recent Loyal Customers,0
CUST02167,3,344,693597.2,2,Occasional Customers,0
CUST02168,2,346,762218.55,5,Recent Medium-Value,0
CUST02169,2,349,705182.67,5,Recent Medium-Value,0
CUST02170,4,468,996510.27,4,Less-Recent Regulars,0
CUST02171,3,479,1028415.23,4,Less-Recent Regulars,0
CUST02172,2,443,972074.97,1,High-Value Regulars,0
CUST02173,3,339,711502.7,2,Occasional Customers,0
CUST02174,1,1037,2128461.62,0,VIP / Champions,0
CUST02175,7,278,601065.68,6,At-Risk Customers,0
CUST02176,3,341,663176.44,2,Occasional Customers,0
CUST02177,4,441,951494.86,4,Less-Recent Regulars,0
CUST02178,3,312,640863.72,2,Occasional Customers,0
CUST02179,1,1025,2164657.06,0,VIP / Champions,0
CUST02180,1,443,885874.84,1,High-Value Regulars,0
CUST02181,4,331,689125.81,2,Occasional Customers,0
CUST02182,5,308,645248.15,2,Occasional Customers,0
CUST02183,5,325,697683.83,2,Occasional Customers,0
CUST02184,2,447,1000822.3,1,High-Value Regulars,0
CUST02185,4,485,969190.01,4,Less-Recent Regulars,0
CUST02186,1,329,650591.99,5,Recent Medium-Value,0
CUST02187,1,482,1063749.16,1,High-Value Regulars,0
CUST02188,2,333,680411.34,5,Recent Medium-Value,0
CUST02189,4,318,653017.51,2,Occasional Customers,0
CUST02190,3,307,621275.91,2,Occasional Customers,0
CUST02191,6,353,699354.5,2,Occasional Customers,0
CUST02192,1,1076,2172648.58,0,VIP / Champions,0
CUST02193,3,504,1093272.07,4,Less-Recent Regulars,0
CUST02194,1,1081,2381810.26,0,VIP / Champions,0
CUST02195,1,475,962688.27,1,High-Value Regulars,0
CUST02196,2,301,649941.88,5,Recent Medium-Value,0
CUST02197,4,327,694226.88,2,Occasional Customers,0
CUST02198,4,475,1029687.56,4,Less-Recent Regulars,0
CUST02199,3,328,675609.98,2,Occasional Customers,0
CUST02200,4,447,980039.56,4,Less-Recent Regulars,0
CUST02201,1,682,1435101.34,7,Recent Loyal Customers,0
CUST02202,1,329,708786.9,5,Recent Medium-Value,0
CUST02203,1,692,1521297.6,7,Recent Loyal Customers,0
CUST02204,2,1056,2362817.55,0,VIP / Champions,0
CUST02205,3,346,710790.08,2,Occasional Customers,0
CUST02206,5,507,1055761.1,4,Less-Recent Regulars,0
CUST02207,2,299,631938.06,5,Recent Medium-Value,0
CUST02208,3,315,676150.23,2,Occasional Customers,0
CUST02209,5,342,761972.58,2,Occasional Customers,0
CUST02210,1,328,790577.13,5,Recent Medium-Value,0
CUST02211,2,700,1405613.52,3,Loyal High-Frequency,0
CUST02212,1,684,1538750.1,7,Recent Loyal Customers,0
CUST02213,4,339,658392.67,2,Occasional Customers,0
CUST02214,7,307,599818.04,6,At-Risk Customers,0
CUST02215,1,741,1540805.37,7,Recent Loyal Customers,0
CUST02216,1,720,1521843.04,7,Recent Loyal Customers,0
CUST02217,1,339,776806.1,5,Recent Medium-Value,0
CUST02218,2,704,1380774.85,3,Loyal High-Frequency,0
CUST02219,1,709,1331621.32,7,Recent Loyal Customers,0
CUST02220,1,334,675408.26,5,Recent Medium-Value,0
CUST02221,2,452,929008.03,1,High-Value Regulars,0
CUST02222,4,319,644976.2,2,Occasional Customers,0
CUST02223,2,326,688177.62,5,Recent Medium-Value,0
CUST02224,1,306,678808.96,5,Recent Medium-Value,0
CUST02225,2,333,732537.3200000001,5,Recent Medium-Value,0
CUST02226,3,715,1490163.96,3,Loyal High-Frequency,0
CUST02227,2,492,984968.58,1,High-Value Regulars,0
CUST02228,1,694,1450345.9,7,Recent Loyal Customers,0
CUST02229,3,451,913548.12,4,Less-Recent Regulars,0
CUST02230,2,508,1048121.41,1,High-Value Regulars,0
CUST02231,2,468,1005911.57,1,High-Value Regulars,0
CUST02232,2,307,701151.71,5,Recent Medium-Value,0
CUST02233,4,330,665990.99,2,Occasional Customers,0
CUST02234,9,318,652440.62,6,At-Risk Customers,0
CUST02235,4,470,1038895.02,4,Less-Recent Regulars,0
CUST02236,1,713,1506996.96,7,Recent Loyal Customers,0
CUST02237,3,340,736940.62,2,Occasional Customers,0
CUST02238,4,327,683847.16,2,Occasional Customers,0
CUST02239,1,696,1406637.83,7,Recent Loyal Customers,0
CUST02240,4,321,727366.66,2,Occasional Customers,0
CUST02241,1,322,576148.94,5,Recent Medium-Value,0
CUST02242,4,318,636187.92,2,Occasional Customers,0
CUST02243,12,288,653031.05,6,At-Risk Customers,0
CUST02244,4,310,674325.03,2,Occasional Customers,0
CUST02245,4,476,976737.17,4,Less-Recent Regulars,0
CUST02246,11,299,693098.74,6,At-Risk Customers,0
CUST02247,1,680,1411510.78,7,Recent Loyal Customers,0
CUST02248,2,454,990878.53,1,High-Value Regulars,0
CUST02249,2,313,653009.98,5,Recent Medium-Value,0
CUST02250,3,1026,2285410.33,0,VIP / Champions,0
CUST02251,1,1050,2082791.29,0,VIP / Champions,0
CUST02252,2,1076,2212043.04,0,VIP / Champions,0
CUST02253,7,330,699464.49,6,At-Risk Customers,0
CUST02254,4,465,932372.59,4,Less-Recent Regulars,0
CUST02255,5,447,914110.38,4,Less-Recent Regulars,0
CUST02256,5,322,685425.68,2,Occasional Customers,0
CUST02257,1,507,1027284.42,1,High-Value Regulars,0
CUST02258,6,507,1052899.92,4,Less-Recent Regulars,0
CUST02259,1,332,742881.49,5,Recent Medium-Value,0
CUST02260,2,512,1070364.58,1,High-Value Regulars,0
CUST02261,1,1137,2431637.74,0,VIP / Champions,0
CUST02262,5,436,891896.94,4,Less-Recent Regulars,0
CUST02263,1,1061,2270455.2,0,VIP / Champions,0
CUST02264,6,330,675224.79,2,Occasional Customers,0
CUST02265,4,436,940592.56,4,Less-Recent Regulars,0
CUST02266,1,464,1040032.03,1,High-Value Regulars,0
CUST02267,1,341,722040.17,5,Recent Medium-Value,0
CUST02268,5,292,643687.46,2,Occasional Customers,0
CUST02269,14,314,674002.17,6,At-Risk Customers,0
CUST02270,1,453,890303.85,1,High-Value Regulars,0
CUST02271,4,325,701316.11,2,Occasional Customers,0
CUST02272,5,337,698681.58,2,Occasional Customers,0
CUST02273,2,698,1602896.58,3,Loyal High-Frequency,0
CUST02274,1,724,1530397.14,7,Recent Loyal Customers,0
CUST02275,1,668,1340192.52,7,Recent Loyal Customers,0
CUST02276,2,470,1084952.97,1,High-Value Regulars,0
CUST02277,1,493,1043451.23,1,High-Value Regulars,0
CUST02278,4,516,1131548.32,4,Less-Recent Regulars,0
CUST02279,2,732,1523230.5,3,Loyal High-Frequency,0
CUST02280,1,454,969497.73,1,High-Value Regulars,0
CUST02281,5,326,628300.3,2,Occasional Customers,0
CUST02282,3,330,692328.21,2,Occasional Customers,0
CUST02283,3,452,917648.55,4,Less-Recent Regulars,0
CUST02284,5,442,961570.25,4,Less-Recent Regulars,0
CUST02285,2,1055,2223435.97,0,VIP / Champions,0
CUST02286,1,315,591278.72,5,Recent Medium-Value,0
CUST02287,3,729,1532181.49,3,Loyal High-Frequency,0
CUST02288,1,754,1630640.42,7,Recent Loyal Customers,0
CUST02289,1,721,1556158.88,7,Recent Loyal Customers,0
CUST02290,5,471,987597.03,4,Less-Recent Regulars,0
CUST02291,1,717,1542633.11,7,Recent Loyal Customers,0
CUST02292,2,696,1500392.53,3,Loyal High-Frequency,0
CUST02293,1,686,1417200.9,7,Recent Loyal Customers,0
CUST02294,4,443,847996.73,4,Less-Recent Regulars,0
CUST02295,5,353,716952.27,2,Occasional Customers,0
CUST02296,1,437,929533.22,1,High-Value Regulars,0
CUST02297,2,483,1020513.74,1,High-Value Regulars,0
CUST02298,1,1056,2188664.39,0,VIP / Champions,0
CUST02299,1,458,1023455.65,1,High-Value Regulars,0
CUST02300,3,699,1501555.51,3,Loyal High-Frequency,0
CUST02301,2,491,1029630.64,1,High-Value Regulars,0
CUST02302,5,497,1135655.24,4,Less-Recent Regulars,0
CUST02303,1,1057,2181385.51,0,VIP / Champions,0
CUST02304,4,328,674780.72,2,Occasional Customers,0
CUST02305,2,701,1515666.63,3,Loyal High-Frequency,0
CUST02306,4,675,1431967.65,3,Loyal High-Frequency,0
CUST02307,1,1031,2200724.38,0,VIP / Champions,0
CUST02308,3,310,590884.15,2,Occasional Customers,0
CUST02309,5,701,1468139.62,3,Loyal High-Frequency,0
CUST02310,3,314,664920.31,2,Occasional Customers,0
CUST02311,6,332,696243.86,2,Occasional Customers,0
CUST02312,2,319,670789.17,5,Recent Medium-Value,0
CUST02313,2,317,672855.46,5,Recent Medium-Value,0
CUST02314,1,343,707141.77,5,Recent Medium-Value,0
CUST02315,1,1043,2259124.12,0,VIP / Champions,0
CUST02316,1,476,1023619.07,1,High-Value Regulars,0
CUST02317,3,466,944368.52,4,Less-Recent Regulars,0
CUST02318,1,717,1528378.31,7,Recent Loyal Customers,0
CUST02319,1,730,1527820.88,7,Recent Loyal Customers,0
CUST02320,3,1057,2042726.71,0,VIP / Champions,0
CUST02321,1,728,1588228.2,7,Recent Loyal Customers,0
CUST02322,2,684,1336159.08,3,Loyal High-Frequency,0
CUST02323,1,337,678266.97,5,Recent Medium-Value,0
CUST02324,1,485,1177467.83,1,High-Value Regulars,0
CUST02325,5,324,706553.25,2,Occasional Customers,0
CUST02326,1,297,683144.74,5,Recent Medium-Value,0
CUST02327,5,352,693939.08,2,Occasional Customers,0
CUST02328,1,473,1052110.15,1,High-Value Regulars,0
CUST02329,1,1161,2416212.31,0,VIP / Champions,0
CUST02330,4,512,1106129.37,4,Less-Recent Regulars,0
CUST02331,3,681,1452759.28,3,Loyal High-Frequency,0
CUST02332,3,366,708852.37,2,Occasional Customers,0
CUST02333,1,336,737489.24,5,Recent Medium-Value,0
CUST02334,2,706,1538705.8,3,Loyal High-Frequency,0
CUST02335,1,327,727211.2,5,Recent Medium-Value,0
CUST02336,7,488,1013237.32,4,Less-Recent Regulars,0
CUST02337,8,314,553326.56,6,At-Risk Customers,0
CUST02338,12,314,651807.1,6,At-Risk Customers,0
CUST02339,4,496,1100882.64,4,Less-Recent Regulars,0
CUST02340,6,442,1012848.49,4,Less-Recent Regulars,0
CUST02341,2,328,613087.6,5,Recent Medium-Value,0
CUST02342,1,699,1304155.6,7,Recent Loyal Customers,0
CUST02343,4,322,660106.11,2,Occasional Customers,0
CUST02344,7,505,1026529.53,4,Less-Recent Regulars,0
CUST02345,6,468,1002948.91,4,Less-Recent Regulars,0
CUST02346,1,477,952030.82,1,High-Value Regulars,0
CUST02347,1,472,962272.86,1,High-Value Regulars,0
CUST02348,2,328,659143.54,5,Recent Medium-Value,0
CUST02349,5,477,955277.93,4,Less-Recent Regulars,0
CUST02350,1,296,692308.49,5,Recent Medium-Value,0
CUST02351,3,300,603256.69,2,Occasional Customers,0
CUST02352,8,313,717874.21,6,At-Risk Customers,0
CUST02353,10,473,990960.73,6,At-Risk Customers,0
CUST02354,1,751,1509800.25,7,Recent Loyal Customers,0
CUST02355,3,331,711738.87,2,Occasional Customers,0
CUST02356,5,661,1309986.32,3,Loyal High-Frequency,0
CUST02357,1,453,893293.99,1,High-Value Regulars,0
CUST02358,1,311,735066.22,5,Recent Medium-Value,0
CUST02359,1,464,894111.8,1,High-Value Regulars,0
CUST02360,1,712,1489639.52,7,Recent Loyal Customers,0
CUST02361,1,1050,2142164.59,0,VIP / Champions,0
CUST02362,2,474,951349.8099999999,1,High-Value Regulars,0
CUST02363,2,441,992604.04,1,High-Value Regulars,0
CUST02364,1,335,709498.5,5,Recent Medium-Value,0
CUST02365,5,327,683749.46,2,Occasional Customers,0
CUST02366,5,484,1079658.54,4,Less-Recent Regulars,0
CUST02367,8,325,649451.82,6,At-Risk Customers,0
CUST02368,2,464,949778.07,1,High-Value Regulars,0
CUST02369,1,344,691603.61,5,Recent Medium-Value,0
CUST02370,1,458,967921.21,1,High-Value Regulars,0
CUST02371,1,459,944279.5,1,High-Value Regulars,0
CUST02372,6,708,1547705.55,3,Loyal High-Frequency,0
CUST02373,4,333,752801.79,2,Occasional Customers,0
CUST02374,2,1059,2133147.25,0,VIP / Champions,0
CUST02375,1,470,990646.12,1,High-Value Regulars,0
CUST02376,3,456,943128.72,4,Less-Recent Regulars,0
CUST02377,3,472,997485.63,4,Less-Recent Regulars,0
CUST02378,3,341,686276.9,2,Occasional Customers,0
CUST02379,4,342,739138.98,2,Occasional Customers,0
CUST02380,2,466,1014593.12,1,High-Value Regulars,0
CUST02381,1,1038,2191092.87,0,VIP / Champions,0
CUST02382,2,710,1456321.84,3,Loyal High-Frequency,0
CUST02383,2,323,729617.54,5,Recent Medium-Value,0
CUST02384,3,333,718752.04,2,Occasional Customers,0
CUST02385,2,478,1035485.46,1,High-Value Regulars,0
CUST02386,3,429,905866.94,4,Less-Recent Regulars,0
CUST02387,5,303,657909.62,2,Occasional Customers,0
CUST02388,3,454,967478.08,4,Less-Recent Regulars,0
CUST02389,1,462,970234.63,1,High-Value Regulars,0
CUST02390,9,666,1540782.01,3,Loyal High-Frequency,0
CUST02391,2,321,695179.11,5,Recent Medium-Value,0
CUST02392,1,1079,2375816.82,0,VIP / Champions,0
CUST02393,2,747,1567262.32,3,Loyal High-Frequency,0
CUST02394,2,449,874763.24,1,High-Value Regulars,0
CUST02395,2,689,1478061.3,3,Loyal High-Frequency,0
CUST02396,1,477,959196.93,1,High-Value Regulars,0
CUST02397,1,483,1091609.4,1,High-Value Regulars,0
CUST02398,1,486,958737.29,1,High-Value Regulars,0
CUST02399,1,451,1025718.32,1,High-Value Regulars,0
CUST02400,1,343,763680.63,5,Recent Medium-Value,0
CUST02401,7,328,664329.35,6,At-Risk Customers,0
CUST02402,1,710,1426056.48,7,Recent Loyal Customers,0
CUST02403,1,332,664011.32,5,Recent Medium-Value,0
CUST02404,5,425,900548.9,4,Less-Recent Regulars,0
CUST02405,1,712,1376745.69,7,Recent Loyal Customers,0
CUST02406,5,459,944438.33,4,Less-Recent Regulars,0
CUST02407,1,688,1472771.91,7,Recent Loyal Customers,0
CUST02408,2,703,1388106.57,3,Loyal High-Frequency,0
CUST02409,4,339,748701.78,2,Occasional Customers,0
CUST02410,2,338,657674.27,5,Recent Medium-Value,0
CUST02411,2,518,1116339.19,1,High-Value Regulars,0
CUST02412,2,1106,2273658.35,0,VIP / Champions,0
CUST02413,1,474,965172.92,1,High-Value Regulars,0
CUST02414,1,313,643017.03,5,Recent Medium-Value,0
CUST02415,1,481,1071185.82,1,High-Value Regulars,0
CUST02416,10,483,1020374.53,6,At-Risk Customers,0
CUST02417,2,320,697217.51,5,Recent Medium-Value,0
CUST02418,3,338,602764.52,2,Occasional Customers,0
CUST02419,1,695,1506155.45,7,Recent Loyal Customers,0
CUST02420,3,482,1023985.56,4,Less-Recent Regulars,0
CUST02421,6,687,1446591.21,3,Loyal High-Frequency,0
CUST02422,11,321,634230.82,6,At-Risk Customers,0
CUST02423,1,327,631426.53,5,Recent Medium-Value,0
CUST02424,1,322,726777.79,5,Recent Medium-Value,0
CUST02425,1,461,954548.53,1,High-Value Regulars,0
CUST02426,1,994,2122859.48,0,VIP / Champions,0
CUST02427,2,759,1492202.02,3,Loyal High-Frequency,0
CUST02428,1,344,712441.72,5,Recent Medium-Value,0
CUST02429,2,325,696975.86,5,Recent Medium-Value,0
CUST02430,5,436,925613.62,4,Less-Recent Regulars,0
CUST02431,7,341,746624.1,6,At-Risk Customers,0
CUST02432,2,432,904992.25,1,High-Value Regulars,0
CUST02433,1,331,698209.94,5,Recent Medium-Value,0
CUST02434,2,737,1572552.38,3,Loyal High-Frequency,0
CUST02435,1,475,1087973.89,1,High-Value Regulars,0
CUST02436,3,338,726878.74,2,Occasional Customers,0
CUST02437,1,671,1528302.31,7,Recent Loyal Customers,0
CUST02438,1,747,1518020.25,7,Recent Loyal Customers,0
CUST02439,1,685,1465108.97,7,Recent Loyal Customers,0
CUST02440,1,308,617900.49,5,Recent Medium-Value,0
CUST02441,6,477,1005370.8,4,Less-Recent Regulars,0
CUST02442,3,297,588112.17,2,Occasional Customers,0
CUST02443,1,1079,2186437.02,0,VIP / Champions,0
CUST02444,1,459,1076497.08,1,High-Value Regulars,0
CUST02445,1,670,1474787.26,7,Recent Loyal Customers,0
CUST02446,2,369,727599.44,5,Recent Medium-Value,0
CUST02447,2,358,679762.08,5,Recent Medium-Value,0
CUST02448,2,459,925814.09,1,High-Value Regulars,0
CUST02449,1,468,924342.37,1,High-Value Regulars,0
CUST02450,2,314,713463.9,5,Recent Medium-Value,0
CUST02451,8,331,773476.45,6,At-Risk Customers,0
CUST02452,1,423,831529.86,1,High-Value Regulars,0
CUST02453,20,339,772551.9,6,At-Risk Customers,0
CUST02454,2,334,686490.39,5,Recent Medium-Value,0
CUST02455,2,709,1471996.79,3,Loyal High-Frequency,0
CUST02456,1,728,1558932.57,7,Recent Loyal Customers,0
CUST02457,1,711,1492653.3,7,Recent Loyal Customers,0
CUST02458,1,340,741410.88,5,Recent Medium-Value,0
CUST02459,1,332,688017.56,5,Recent Medium-Value,0
CUST02460,4,306,557396.4,2,Occasional Customers,0
CUST02461,1,309,684638.71,5,Recent Medium-Value,0
CUST02462,5,340,707464.61,2,Occasional Customers,0
CUST02463,3,312,706349.21,2,Occasional Customers,0
CUST02464,4,458,892413.37,4,Less-Recent Regulars,0
CUST02465,5,443,857068.99,4,Less-Recent Regulars,0
CUST02466,1,324,641517.02,5,Recent Medium-Value,0
CUST02467,2,336,707269.8,5,Recent Medium-Value,0
CUST02468,2,361,706740.61,5,Recent Medium-Value,0
CUST02469,4,303,637950.85,2,Occasional Customers,0
CUST02470,1,1087,2357380.29,0,VIP / Champions,0
CUST02471,1,1051,2194792.76,0,VIP / Champions,0
CUST02472,1,339,741940.14,5,Recent Medium-Value,0
CUST02473,6,326,653563.36,2,Occasional Customers,0
CUST02474,3,324,731893.17,2,Occasional Customers,0
CUST02475,1,686,1396469.2,7,Recent Loyal Customers,0
CUST02476,2,434,975537.44,1,High-Value Regulars,0
CUST02477,2,1102,2315963.05,0,VIP / Champions,0
CUST02478,4,508,1067000.32,4,Less-Recent Regulars,0
CUST02479,10,306,688231.21,6,At-Risk Customers,0
CUST02480,1,688,1376936.75,7,Recent Loyal Customers,0
CUST02481,1,779,1553111.22,7,Recent Loyal Customers,0
CUST02482,4,322,611436.98,2,Occasional Customers,0
CUST02483,2,309,614308.97,5,Recent Medium-Value,0
CUST02484,1,1094,2362469.8,0,VIP / Champions,0
CUST02485,1,1073,2277915.0,0,VIP / Champions,0
CUST02486,1,766,1552983.49,7,Recent Loyal Customers,0
CUST02487,1,353,765561.03,5,Recent Medium-Value,0
CUST02488,6,341,633735.55,2,Occasional Customers,0
CUST02489,4,438,940761.65,4,Less-Recent Regulars,0
CUST02490,4,323,795453.79,2,Occasional Customers,0
CUST02491,1,371,790620.9,5,Recent Medium-Value,0
CUST02492,2,330,714837.88,5,Recent Medium-Value,0
CUST02493,1,472,1043840.61,1,High-Value Regulars,0
CUST02494,3,489,982059.28,4,Less-Recent Regulars,0
CUST02495,1,1039,2149756.32,0,VIP / Champions,0
CUST02496,6,323,646999.49,2,Occasional Customers,0
CUST02497,1,1055,2301776.7,0,VIP / Champions,0
CUST02498,2,312,632898.53,5,Recent Medium-Value,0
CUST02499,1,686,1398798.46,7,Recent Loyal Customers,0
CUST02500,3,499,1038023.77,4,Less-Recent Regulars,0
CUST02501,3,315,626201.79,2,Occasional Customers,0
CUST02502,3,675,1422686.01,3,Loyal High-Frequency,0
CUST02503,6,448,889145.7,4,Less-Recent Regulars,0
CUST02504,1,453,935439.29,1,High-Value Regulars,0
CUST02505,2,701,1424752.95,3,Loyal High-Frequency,0
CUST02506,1,490,1016423.94,1,High-Value Regulars,0
CUST02507,5,349,754569.88,2,Occasional Customers,0
CUST02508,3,300,670929.8,2,Occasional Customers,0
CUST02509,3,325,719038.84,2,Occasional Customers,0
CUST02510,1,654,1300051.19,7,Recent Loyal Customers,0
CUST02511,1,1052,2253833.6,0,VIP / Champions,0
CUST02512,1,462,1004561.65,1,High-Value Regulars,0
CUST02513,3,462,1054044.28,4,Less-Recent Regulars,0
CUST02514,12,317,638204.16,6,At-Risk Customers,0
CUST02515,1,697,1461722.63,7,Recent Loyal Customers,0
CUST02516,2,356,724087.36,5,Recent Medium-Value,0
CUST02517,1,490,906330.09,1,High-Value Regulars,0
CUST02518,1,1168,2382460.78,0,VIP / Champions,0
CUST02519,1,724,1615756.42,7,Recent Loyal Customers,0
CUST02520,2,712,1487262.32,3,Loyal High-Frequency,0
CUST02521,1,492,1030270.97,1,High-Value Regulars,0
CUST02522,4,350,757729.91,2,Occasional Customers,0
CUST02523,2,311,687898.84,5,Recent Medium-Value,0
CUST02524,4,472,950989.2,4,Less-Recent Regulars,0
CUST02525,1,720,1476883.66,7,Recent Loyal Customers,0
CUST02526,1,728,1521004.59,7,Recent Loyal Customers,0
CUST02527,1,1086,2317578.36,0,VIP / Champions,0
CUST02528,1,324,626067.64,5,Recent Medium-Value,0
CUST02529,4,455,853839.7,4,Less-Recent Regulars,0
CUST02530,3,717,1494746.33,3,Loyal High-Frequency,0
CUST02531,1,436,903135.99,1,High-Value Regulars,0
CUST02532,3,348,796975.1,2,Occasional Customers,0
CUST02533,2,681,1402360.09,3,Loyal High-Frequency,0
CUST02534,2,333,590565.09,5,Recent Medium-Value,0
CUST02535,1,319,653870.55,5,Recent Medium-Value,0
CUST02536,4,418,847064.06,4,Less-Recent Regulars,0
CUST02537,1,317,661847.18,5,Recent Medium-Value,0
CUST02538,1,690,1477733.6,7,Recent Loyal Customers,0
CUST02539,8,337,636707.65,6,At-Risk Customers,0
CUST02540,3,345,773494.02,2,Occasional Customers,0
CUST02541,4,1076,2397315.41,0,VIP / Champions,0
CUST02542,3,346,656091.18,2,Occasional Customers,0
CUST02543,2,474,1039357.19,1,High-Value Regulars,0
CUST02544,1,476,1000196.16,1,High-Value Regulars,0
CUST02545,2,354,814752.41,5,Recent Medium-Value,0
CUST02546,15,301,666732.93,6,At-Risk Customers,0
CUST02547,3,434,1000994.22,4,Less-Recent Regulars,0
CUST02548,1,1077,2275117.19,0,VIP / Champions,0
CUST02549,1,499,1150881.05,1,High-Value Regulars,0
CUST02550,3,428,832197.2,4,Less-Recent Regulars,0
CUST02551,5,456,907303.87,4,Less-Recent Regulars,0
CUST02552,2,364,791322.73,5,Recent Medium-Value,0
CUST02553,2,316,627150.42,5,Recent Medium-Value,0
CUST02554,2,485,1056204.7,1,High-Value Regulars,0
CUST02555,4,440,948698.57,4,Less-Recent Regulars,0
CUST02556,3,338,740924.75,2,Occasional Customers,0
CUST02557,4,326,709847.11,2,Occasional Customers,0
CUST02558,2,697,1476814.95,3,Loyal High-Frequency,0
CUST02559,6,486,1123123.34,4,Less-Recent Regulars,0
CUST02560,2,1071,2308171.69,0,VIP / Champions,0
CUST02561,2,734,1619219.24,3,Loyal High-Frequency,0
CUST02562,4,699,1392436.54,3,Loyal High-Frequency,0
CUST02563,1,474,1008555.2,1,High-Value Regulars,0
CUST02564,1,1066,2214951.4,0,VIP / Champions,0
CUST02565,1,486,1026964.36,1,High-Value Regulars,0
CUST02566,2,352,764258.95,5,Recent Medium-Value,0
CUST02567,1,686,1509511.76,7,Recent Loyal Customers,0
CUST02568,9,360,754762.05,6,At-Risk Customers,0
CUST02569,2,706,1476824.97,3,Loyal High-Frequency,0
CUST02570,3,1055,2170167.23,0,VIP / Champions,0
CUST02571,8,294,633195.89,6,At-Risk Customers,0
CUST02572,2,337,720259.99,5,Recent Medium-Value,0
CUST02573,2,715,1557965.06,3,Loyal High-Frequency,0
CUST02574,1,690,1468778.93,7,Recent Loyal Customers,0
CUST02575,1,460,991472.98,1,High-Value Regulars,0
CUST02576,3,434,895685.41,4,Less-Recent Regulars,0
CUST02577,1,710,1524693.7,7,Recent Loyal Customers,0
CUST02578,5,451,1009717.01,4,Less-Recent Regulars,0
CUST02579,2,715,1574646.44,3,Loyal High-Frequency,0
CUST02580,1,369,679214.26,5,Recent Medium-Value,0
CUST02581,1,344,754705.8,5,Recent Medium-Value,0
CUST02582,5,445,924155.81,4,Less-Recent Regulars,0
CUST02583,1,452,970660.29,1,High-Value Regulars,0
CUST02584,4,308,667202.22,2,Occasional Customers,0
CUST02585,1,323,730441.94,5,Recent Medium-Value,0
CUST02586,1,625,1317257.4,7,Recent Loyal Customers,0
CUST02587,2,452,1058021.9,1,High-Value Regulars,0
CUST02588,3,349,806075.99,2,Occasional Customers,0
CUST02589,3,347,723043.66,2,Occasional Customers,0
CUST02590,2,709,1507571.51,3,Loyal High-Frequency,0
CUST02591,2,332,631763.71,5,Recent Medium-Value,0
CUST02592,1,470,987382.39,1,High-Value Regulars,0
CUST02593,4,481,1178230.04,4,Less-Recent Regulars,0
CUST02594,1,1058,2382935.53,0,VIP / Champions,0
CUST02595,1,697,1407226.81,7,Recent Loyal Customers,0
CUST02596,2,724,1552595.4,3,Loyal High-Frequency,0
CUST02597,1,724,1512250.43,7,Recent Loyal Customers,0
CUST02598,3,1075,2374676.72,0,VIP / Champions,0
CUST02599,1,326,649785.95,5,Recent Medium-Value,0
CUST02600,6,304,634730.94,2,Occasional Customers,0
CUST02601,1,348,737417.8,5,Recent Medium-Value,0
CUST02602,1,1082,2081402.3699999999,0,VIP / Champions,0
CUST02603,1,448,895432.95,1,High-Value Regulars,0
CUST02604,3,324,669350.35,2,Occasional Customers,0
CUST02605,2,321,709832.07,5,Recent Medium-Value,0
CUST02606,3,439,903528.83,4,Less-Recent Regulars,0
CUST02607,2,328,653075.31,5,Recent Medium-Value,0
CUST02608,5,489,1128186.56,4,Less-Recent Regulars,0
CUST02609,2,310,600220.67,5,Recent Medium-Value,0
CUST02610,1,692,1387953.87,7,Recent Loyal Customers,0
CUST02611,1,287,486507.43,5,Recent Medium-Value,0
CUST02612,3,460,985373.05,4,Less-Recent Regulars,0
CUST02613,4,319,654467.88,2,Occasional Customers,0
CUST02614,3,485,1033804.57,4,Less-Recent Regulars,0
CUST02615,2,486,1144749.71,1,High-Value Regulars,0
CUST02616,2,704,1464705.51,3,Loyal High-Frequency,0
CUST02617,1,723,1432410.3699999999,7,Recent Loyal Customers,0
CUST02618,1,448,1009797.12,1,High-Value Regulars,0
CUST02619,4,448,846621.8099999999,4,Less-Recent Regulars,0
CUST02620,1,322,711425.29,5,Recent Medium-Value,0
CUST02621,1,429,900948.22,1,High-Value Regulars,0
CUST02622,6,290,616012.2,2,Occasional Customers,0
CUST02623,5,426,944007.22,4,Less-Recent Regulars,0
CUST02624,1,324,699556.0,5,Recent Medium-Value,0
CUST02625,5,327,670251.73,2,Occasional Customers,0
CUST02626,2,471,993990.71,1,High-Value Regulars,0
CUST02627,1,1073,2239145.66,0,VIP / Champions,0
CUST02628,2,717,1479823.4,3,Loyal High-Frequency,0
CUST02629,2,707,1608520.73,3,Loyal High-Frequency,0
CUST02630,1,678,1409746.22,7,Recent Loyal Customers,0
CUST02631,4,466,1010376.54,4,Less-Recent Regulars,0
CUST02632,2,723,1400376.17,3,Loyal High-Frequency,0
CUST02633,6,446,899846.5,4,Less-Recent Regulars,0
CUST02634,1,1085,2169926.52,0,VIP / Champions,0
CUST02635,3,702,1581549.43,3,Loyal High-Frequency,0
CUST02636,1,326,668860.35,5,Recent Medium-Value,0
CUST02637,2,307,651343.51,5,Recent Medium-Value,0
CUST02638,3,506,1096127.39,4,Less-Recent Regulars,0
CUST02639,3,411,865584.54,4,Less-Recent Regulars,0
CUST02640,1,367,755175.79,5,Recent Medium-Value,0
CUST02641,2,505,1052749.34,1,High-Value Regulars,0
CUST02642,1,452,921029.9,1,High-Value Regulars,0
CUST02643,4,335,763716.75,2,Occasional Customers,0
CUST02644,8,316,766911.7,6,At-Risk Customers,0
CUST02645,2,701,1483348.8,3,Loyal High-Frequency,0
CUST02646,5,343,722164.48,2,Occasional Customers,0
CUST02647,1,633,1235614.29,7,Recent Loyal Customers,0
CUST02648,1,458,922692.12,1,High-Value Regulars,0
CUST02649,1,448,985026.39,1,High-Value Regulars,0
CUST02650,1,1050,2131064.68,0,VIP / Champions,0
CUST02651,1,468,1107321.74,1,High-Value Regulars,0
CUST02652,2,1047,2201285.76,0,VIP / Champions,0
CUST02653,1,1103,2317117.43,0,VIP / Champions,0
CUST02654,1,457,985791.25,1,High-Value Regulars,0
CUST02655,6,304,693794.45,2,Occasional Customers,0
CUST02656,3,668,1459980.7,3,Loyal High-Frequency,0
CUST02657,3,340,687846.66,2,Occasional Customers,0
CUST02658,3,471,1017337.47,4,Less-Recent Regulars,0
CUST02659,2,472,977181.77,1,High-Value Regulars,0
CUST02660,4,700,1522136.79,3,Loyal High-Frequency,0
CUST02661,1,433,972730.95,1,High-Value Regulars,0
CUST02662,3,305,656694.95,2,Occasional Customers,0
CUST02663,1,462,991637.69,1,High-Value Regulars,0
CUST02664,1,493,1004067.0599999999,1,High-Value Regulars,0
CUST02665,3,322,670369.75,2,Occasional Customers,0
CUST02666,3,324,671009.21,2,Occasional Customers,0
CUST02667,2,476,958321.13,1,High-Value Regulars,0
CUST02668,1,443,980919.68,1,High-Value Regulars,0
CUST02669,2,463,954386.02,1,High-Value Regulars,0
CUST02670,2,496,1078643.02,1,High-Value Regulars,0
CUST02671,1,1036,2166373.77,0,VIP / Champions,0
CUST02672,1,433,984741.52,1,High-Value Regulars,0
CUST02673,4,356,772170.08,2,Occasional Customers,0
CUST02674,6,676,1413404.38,3,Loyal High-Frequency,0
CUST02675,1,356,876035.95,5,Recent Medium-Value,0
CUST02676,4,339,753307.04,2,Occasional Customers,0
CUST02677,5,430,872017.87,4,Less-Recent Regulars,0
CUST02678,4,479,1080800.95,4,Less-Recent Regulars,0
CUST02679,1,1061,2223821.26,0,VIP / Champions,0
CUST02680,2,491,1062731.11,1,High-Value Regulars,0
CUST02681,1,479,871832.53,1,High-Value Regulars,0
CUST02682,2,308,703476.03,5,Recent Medium-Value,0
CUST02683,1,743,1566469.89,7,Recent Loyal Customers,0
CUST02684,2,336,751214.7,5,Recent Medium-Value,0
CUST02685,2,428,883685.26,1,High-Value Regulars,0
CUST02686,4,495,1068342.51,4,Less-Recent Regulars,0
CUST02687,1,1104,2250273.93,0,VIP / Champions,0
CUST02688,1,338,713115.16,5,Recent Medium-Value,0
CUST02689,2,450,878148.44,1,High-Value Regulars,0
CUST02690,3,678,1459849.18,3,Loyal High-Frequency,0
CUST02691,5,309,591894.2,2,Occasional Customers,0
CUST02692,7,327,662566.35,6,At-Risk Customers,0
CUST02693,1,331,683011.14,5,Recent Medium-Value,0
CUST02694,7,314,717340.01,6,At-Risk Customers,0
CUST02695,5,348,768849.46,2,Occasional Customers,0
CUST02696,2,332,718323.64,5,Recent Medium-Value,0
CUST02697,6,476,1094237.56,4,Less-Recent Regulars,0
CUST02698,4,346,727986.66,2,Occasional Customers,0
CUST02699,3,338,737437.52,2,Occasional Customers,0
CUST02700,4,482,927407.12,4,Less-Recent Regulars,0
CUST02701,1,304,657919.47,5,Recent Medium-Value,0
CUST02702,2,343,741244.97,5,Recent Medium-Value,0
CUST02703,1,497,1038378.6,1,High-Value Regulars,0
CUST02704,4,514,1070976.7,4,Less-Recent Regulars,0
CUST02705,1,468,1049153.71,1,High-Value Regulars,0
CUST02706,3,315,602763.76,2,Occasional Customers,0
CUST02707,1,703,1514977.06,7,Recent Loyal Customers,0
CUST02708,1,692,1269716.09,7,Recent Loyal Customers,0
CUST02709,2,343,729206.21,5,Recent Medium-Value,0
CUST02710,5,678,1328484.19,3,Loyal High-Frequency,0
CUST02711,1,463,1026756.95,1,High-Value Regulars,0
CUST02712,9,317,626801.9,6,At-Risk Customers,0
CUST02713,3,342,703015.72,2,Occasional Customers,0
CUST02714,1,352,701653.51,5,Recent Medium-Value,0
CUST02715,12,332,703531.47,6,At-Risk Customers,0
CUST02716,1,350,641667.81,5,Recent Medium-Value,0
CUST02717,6,298,608574.2,2,Occasional Customers,0
CUST02718,2,450,905500.76,1,High-Value Regulars,0
CUST02719,2,732,1528933.25,3,Loyal High-Frequency,0
CUST02720,3,477,1028595.65,4,Less-Recent Regulars,0
CUST02721,1,479,1069707.06,1,High-Value Regulars,0
CUST02722,4,310,641748.21,2,Occasional Customers,0
CUST02723,1,470,952489.49,1,High-Value Regulars,0
CUST02724,1,356,797610.69,5,Recent Medium-Value,0
CUST02725,1,326,664237.76,5,Recent Medium-Value,0
CUST02726,1,1157,2466661.9899999998,0,VIP / Champions,0
CUST02727,1,511,1065956.71,1,High-Value Regulars,0
CUST02728,4,469,1047560.28,4,Less-Recent Regulars,0
CUST02729,6,332,632055.49,2,Occasional Customers,0
CUST02730,2,1060,2247650.63,0,VIP / Champions,0
CUST02731,3,345,776236.99,2,Occasional Customers,0
CUST02732,3,463,1027286.03,4,Less-Recent Regulars,0
CUST02733,1,502,1066253.19,1,High-Value Regulars,0
CUST02734,6,652,1444880.07,3,Loyal High-Frequency,0
CUST02735,1,719,1579177.5,7,Recent Loyal Customers,0
CUST02736,5,320,736004.62,2,Occasional Customers,0
CUST02737,9,326,682827.91,6,At-Risk Customers,0
CUST02738,2,682,1417067.81,3,Loyal High-Frequency,0
CUST02739,1,331,749189.42,5,Recent Medium-Value,0
CUST02740,2,705,1543611.74,3,Loyal High-Frequency,0
CUST02741,2,498,1057950.5,1,High-Value Regulars,0
CUST02742,2,287,635752.34,5,Recent Medium-Value,0
CUST02743,7,305,605573.66,6,At-Risk Customers,0
CUST02744,1,1086,2240935.05,0,VIP / Champions,0
CUST02745,1,323,645244.01,5,Recent Medium-Value,0
CUST02746,2,462,951979.02,1,High-Value Regulars,0
CUST02747,2,680,1405218.37,3,Loyal High-Frequency,0
CUST02748,1,475,967869.01,1,High-Value Regulars,0
CUST02749,1,312,638861.67,5,Recent Medium-Value,0
CUST02750,1,326,705130.24,5,Recent Medium-Value,0
CUST02751,6,334,734805.32,2,Occasional Customers,0
CUST02752,3,1101,2334337.18,0,VIP / Champions,0
CUST02753,4,431,845581.34,4,Less-Recent Regulars,0
CUST02754,4,316,618018.41,2,Occasional Customers,0
CUST02755,1,338,739467.41,5,Recent Medium-Value,0
CUST02756,2,465,950980.11,1,High-Value Regulars,0
CUST02757,9,447,1042924.1,6,At-Risk Customers,0
CUST02758,2,320,651056.66,5,Recent Medium-Value,0
CUST02759,3,316,726735.93,2,Occasional Customers,0
CUST02760,2,694,1457390.76,3,Loyal High-Frequency,0
CUST02761,2,1024,2166251.1,0,VIP / Champions,0
CUST02762,2,492,1094073.58,1,High-Value Regulars,0
CUST02763,1,336,766824.63,5,Recent Medium-Value,0
CUST02764,1,705,1472287.43,7,Recent Loyal Customers,0
CUST02765,2,485,899772.54,1,High-Value Regulars,0
CUST02766,1,675,1386647.73,7,Recent Loyal Customers,0
CUST02767,3,338,747713.33,2,Occasional Customers,0
CUST02768,2,686,1427284.78,3,Loyal High-Frequency,0
CUST02769,2,331,738263.53,5,Recent Medium-Value,0
CUST02770,1,479,966692.8,1,High-Value Regulars,0
CUST02771,1,431,909324.63,1,High-Value Regulars,0
CUST02772,3,318,737657.21,2,Occasional Customers,0
CUST02773,9,350,739652.08,6,At-Risk Customers,0
CUST02774,1,716,1609799.5,7,Recent Loyal Customers,0
CUST02775,1,442,831248.15,1,High-Value Regulars,0
CUST02776,2,429,946980.26,1,High-Value Regulars,0
CUST02777,4,344,695586.2,2,Occasional Customers,0
CUST02778,6,303,626918.12,2,Occasional Customers,0
CUST02779,5,326,699747.9,2,Occasional Customers,0
CUST02780,1,296,651335.12,5,Recent Medium-Value,0
CUST02781,1,429,870153.8,1,High-Value Regulars,0
CUST02782,4,330,673341.33,2,Occasional Customers,0
CUST02783,2,758,1734673.1,3,Loyal High-Frequency,0
CUST02784,2,470,984434.08,1,High-Value Regulars,0
CUST02785,1,479,999306.04,1,High-Value Regulars,0
CUST02786,2,333,708211.09,5,Recent Medium-Value,0
CUST02787,1,679,1505489.93,7,Recent Loyal Customers,0
CUST02788,2,1074,2402848.37,0,VIP / Champions,0
CUST02789,2,695,1401417.92,3,Loyal High-Frequency,0
CUST02790,8,680,1373991.83,4,Less-Recent Regulars,0
CUST02791,1,314,687161.76,5,Recent Medium-Value,0
CUST02792,1,430,868649.98,1,High-Value Regulars,0
CUST02793,9,289,617329.78,6,At-Risk Customers,0
CUST02794,5,325,641660.9,2,Occasional Customers,0
CUST02795,3,458,935495.75,4,Less-Recent Regulars,0
CUST02796,2,362,713122.08,5,Recent Medium-Value,0
CUST02797,2,486,1071613.57,1,High-Value Regulars,0
CUST02798,1,1062,2219243.94,0,VIP / Champions,0
CUST02799,2,479,1070829.72,1,High-Value Regulars,0
CUST02800,3,343,686970.68,2,Occasional Customers,0
CUST02801,1,330,744272.38,5,Recent Medium-Value,0
CUST02802,1,451,907484.98,1,High-Value Regulars,0
CUST02803,3,459,971495.9,4,Less-Recent Regulars,0
CUST02804,1,443,971451.11,1,High-Value Regulars,0
CUST02805,2,1077,2309488.22,0,VIP / Champions,0
CUST02806,1,1039,2372430.64,0,VIP / Champions,0
CUST02807,1,459,952808.79,1,High-Value Regulars,0
CUST02808,6,337,719351.77,2,Occasional Customers,0
CUST02809,2,326,715879.98,5,Recent Medium-Value,0
CUST02810,5,335,739214.33,2,Occasional Customers,0
CUST02811,3,720,1468619.68,3,Loyal High-Frequency,0
CUST02812,1,685,1383189.82,7,Recent Loyal Customers,0
CUST02813,1,449,870109.28,1,High-Value Regulars,0
CUST02814,1,657,1412531.77,7,Recent Loyal Customers,0
CUST02815,2,340,770683.09,5,Recent Medium-Value,0
CUST02816,1,474,965660.46,1,High-Value Regulars,0
CUST02817,3,357,750892.17,2,Occasional Customers,0
CUST02818,2,507,1129155.03,1,High-Value Regulars,0
CUST02819,5,304,608169.18,2,Occasional Customers,0
CUST02820,1,465,941781.63,1,High-Value Regulars,0
CUST02821,1,675,1427447.27,7,Recent Loyal Customers,0
CUST02822,5,311,659034.91,2,Occasional Customers,0
CUST02823,1,673,1264660.06,7,Recent Loyal Customers,0
CUST02824,10,322,698706.15,6,At-Risk Customers,0
CUST02825,1,441,983266.35,1,High-Value Regulars,0
CUST02826,5,499,1050971.87,4,Less-Recent Regulars,0
CUST02827,5,351,712075.25,2,Occasional Customers,0
CUST02828,3,493,971111.67,4,Less-Recent Regulars,0
CUST02829,4,318,661397.68,2,Occasional Customers,0
CUST02830,4,495,1074232.31,4,Less-Recent Regulars,0
CUST02831,1,334,785859.87,5,Recent Medium-Value,0
CUST02832,4,316,637999.73,2,Occasional Customers,0
CUST02833,5,297,577375.86,2,Occasional Customers,0
CUST02834,1,466,1063384.53,1,High-Value Regulars,0
CUST02835,2,334,717393.72,5,Recent Medium-Value,0
CUST02836,1,312,602391.92,5,Recent Medium-Value,0
CUST02837,7,331,746419.06,6,At-Risk Customers,0
CUST02838,5,342,686852.51,2,Occasional Customers,0
CUST02839,9,329,764319.54,6,At-Risk Customers,0
CUST02840,2,499,1062062.69,1,High-Value Regulars,0
CUST02841,7,656,1285605.24,4,Less-Recent Regulars,0
CUST02842,6,326,676257.95,2,Occasional Customers,0
CUST02843,3,303,726211.86,2,Occasional Customers,0
CUST02844,1,677,1424042.59,7,Recent Loyal Customers,0
CUST02845,1,1089,2257872.19,0,VIP / Champions,0
CUST02846,1,1055,2333942.38,0,VIP / Champions,0
CUST02847,3,473,1004539.92,4,Less-Recent Regulars,0
CUST02848,3,331,662725.76,2,Occasional Customers,0
CUST02849,2,333,636325.08,5,Recent Medium-Value,0
CUST02850,6,354,799384.72,2,Occasional Customers,0
CUST02851,3,323,703969.87,2,Occasional Customers,0
CUST02852,6,330,716204.99,2,Occasional Customers,0
CUST02853,7,311,605678.31,6,At-Risk Customers,0
CUST02854,6,319,707345.54,2,Occasional Customers,0
CUST02855,2,1074,2362217.35,0,VIP / Champions,0
CUST02856,1,318,669002.1,5,Recent Medium-Value,0
CUST02857,2,339,669128.36,5,Recent Medium-Value,0
CUST02858,1,312,677019.77,5,Recent Medium-Value,0
CUST02859,2,492,1049598.69,1,High-Value Regulars,0
CUST02860,4,311,607839.76,2,Occasional Customers,0
CUST02861,1,468,1012634.82,1,High-Value Regulars,0
CUST02862,1,486,1081102.43,1,High-Value Regulars,0
CUST02863,1,1096,2235876.89,0,VIP / Champions,0
CUST02864,11,311,689966.08,6,At-Risk Customers,0
CUST02865,2,312,639270.89,5,Recent Medium-Value,0
CUST02866,3,460,943764.03,4,Less-Recent Regulars,0
CUST02867,1,467,977119.74,1,High-Value Regulars,0
CUST02868,3,467,914568.47,4,Less-Recent Regulars,0
CUST02869,4,473,1052166.88,4,Less-Recent Regulars,0
CUST02870,1,717,1473606.38,7,Recent Loyal Customers,0
CUST02871,5,323,735485.67,2,Occasional Customers,0
CUST02872,2,1074,2262014.37,0,VIP / Champions,0
CUST02873,3,368,789936.97,2,Occasional Customers,0
CUST02874,4,305,589599.81,2,Occasional Customers,0
CUST02875,10,306,677292.53,6,At-Risk Customers,0
CUST02876,2,666,1429036.83,3,Loyal High-Frequency,0
CUST02877,6,487,1005550.67,4,Less-Recent Regulars,0
CUST02878,4,311,670253.72,2,Occasional Customers,0
CUST02879,1,708,1568105.08,7,Recent Loyal Customers,0
CUST02880,1,1070,2133692.3,0,VIP / Champions,0
CUST02881,5,426,799749.16,4,Less-Recent Regulars,0
CUST02882,1,315,602173.94,5,Recent Medium-Value,0
CUST02883,2,487,1046026.18,1,High-Value Regulars,0
CUST02884,1,487,996881.12,1,High-Value Regulars,0
CUST02885,5,356,696067.46,2,Occasional Customers,0
CUST02886,2,315,722946.47,5,Recent Medium-Value,0
CUST02887,1,460,968491.73,1,High-Value Regulars,0
CUST02888,2,687,1412834.31,3,Loyal High-Frequency,0
CUST02889,8,325,742383.03,6,At-Risk Customers,0
CUST02890,2,351,776354.02,5,Recent Medium-Value,0
CUST02891,3,1101,2331303.58,0,VIP / Champions,0
CUST02892,7,464,894579.83,4,Less-Recent Regulars,0
CUST02893,3,486,958038.63,4,Less-Recent Regulars,0
CUST02894,10,310,532937.92,6,At-Risk Customers,0
CUST02895,2,1064,2216702.99,0,VIP / Champions,0
CUST02896,1,475,932152.68,1,High-Value Regulars,0
CUST02897,4,338,749471.29,2,Occasional Customers,0
CUST02898,1,304,623261.11,5,Recent Medium-Value,0
CUST02899,3,446,909754.27,4,Less-Recent Regulars,0
CUST02900,1,347,724183.56,5,Recent Medium-Value,0
CUST02901,1,323,649647.37,5,Recent Medium-Value,0
CUST02902,1,698,1504022.04,7,Recent Loyal Customers,0
CUST02903,1,732,1465234.49,7,Recent Loyal Customers,0
CUST02904,3,468,956738.9,4,Less-Recent Regulars,0
CUST02905,2,315,693023.51,5,Recent Medium-Value,0
CUST02906,3,325,609032.56,2,Occasional Customers,0
CUST02907,1,442,898950.09,1,High-Value Regulars,0
CUST02908,4,316,622858.96,2,Occasional Customers,0
CUST02909,2,477,994121.89,1,High-Value Regulars,0
CUST02910,1,1083,2301278.28,0,VIP / Champions,0
CUST02911,5,298,670206.48,2,Occasional Customers,0
CUST02912,1,707,1441219.32,7,Recent Loyal Customers,0
CUST02913,1,369,862005.59,5,Recent Medium-Value,0
CUST02914,5,322,616379.34,2,Occasional Customers,0
CUST02915,1,443,907312.25,1,High-Value Regulars,0
CUST02916,2,547,1091987.93,1,High-Value Regulars,0
CUST02917,3,359,740386.73,2,Occasional Customers,0
CUST02918,1,467,1056552.01,1,High-Value Regulars,0
CUST02919,1,701,1515790.35,7,Recent Loyal Customers,0
CUST02920,5,351,706503.56,2,Occasional Customers,0
CUST02921,1,717,1502787.92,7,Recent Loyal Customers,0
CUST02922,4,464,957409.52,4,Less-Recent Regulars,0
CUST02923,1,1098,2224022.85,0,VIP / Champions,0
CUST02924,2,679,1458340.5,3,Loyal High-Frequency,0
CUST02925,2,699,1540857.64,3,Loyal High-Frequency,0
CUST02926,2,327,679449.72,5,Recent Medium-Value,0
CUST02927,1,472,1020876.73,1,High-Value Regulars,0
CUST02928,1,343,702543.84,5,Recent Medium-Value,0
CUST02929,5,687,1427796.6,3,Loyal High-Frequency,0
CUST02930,1,453,956566.95,1,High-Value Regulars,0
CUST02931,1,459,869431.65,1,High-Value Regulars,0
CUST02932,3,342,736991.65,2,Occasional Customers,0
CUST02933,1,351,722910.83,5,Recent Medium-Value,0
CUST02934,5,346,694253.49,2,Occasional Customers,0
CUST02935,7,441,962418.95,4,Less-Recent Regulars,0
CUST02936,3,321,629809.66,2,Occasional Customers,0
CUST02937,4,309,712380.4,2,Occasional Customers,0
CUST02938,5,311,683950.04,2,Occasional Customers,0
CUST02939,3,1052,2159901.44,0,VIP / Champions,0
CUST02940,8,326,661894.51,6,At-Risk Customers,0
CUST02941,2,1057,2248544.62,0,VIP / Champions,0
CUST02942,7,351,721081.83,6,At-Risk Customers,0
CUST02943,1,493,1101065.65,1,High-Value Regulars,0
CUST02944,2,496,1026700.33,1,High-Value Regulars,0
CUST02945,1,343,668877.28,5,Recent Medium-Value,0
CUST02946,5,350,765918.91,2,Occasional Customers,0
CUST02947,1,656,1439918.57,7,Recent Loyal Customers,0
CUST02948,3,1094,2211552.69,0,VIP / Champions,0
CUST02949,1,677,1404507.21,7,Recent Loyal Customers,0
CUST02950,1,353,686513.52,5,Recent Medium-Value,0
CUST02951,31,328,625523.27,6,At-Risk Customers,1
CUST02952,5,310,628200.46,2,Occasional Customers,0
CUST02953,1,1095,2216394.23,0,VIP / Champions,0
CUST02954,1,664,1326759.27,7,Recent Loyal Customers,0
CUST02955,2,461,932390.0,1,High-Value Regulars,0
CUST02956,5,449,907616.11,4,Less-Recent Regulars,0
CUST02957,2,711,1506787.73,3,Loyal High-Frequency,0
CUST02958,2,320,787524.54,5,Recent Medium-Value,0
CUST02959,5,339,664444.56,2,Occasional Customers,0
CUST02960,2,367,738310.15,5,Recent Medium-Value,0
CUST02961,2,1083,2348724.93,0,VIP / Champions,0
CUST02962,1,481,932414.05,1,High-Value Regulars,0
CUST02963,4,312,677328.92,2,Occasional Customers,0
CUST02964,1,1115,2241817.9,0,VIP / Champions,0
CUST02965,1,726,1578411.9,7,Recent Loyal Customers,0
CUST02966,1,470,1056619.36,1,High-Value Regulars,0
CUST02967,1,1091,2355147.2,0,VIP / Champions,0
CUST02968,6,327,674394.79,2,Occasional Customers,0
CUST02969,1,696,1505656.22,7,Recent Loyal Customers,0
CUST02970,3,742,1518579.0,3,Loyal High-Frequency,0
CUST02971,2,468,1005908.15,1,High-Value Regulars,0
CUST02972,4,311,680248.12,2,Occasional Customers,0
CUST02973,2,370,733422.09,5,Recent Medium-Value,0
CUST02974,1,462,955660.34,1,High-Value Regulars,0
CUST02975,5,334,677400.66,2,Occasional Customers,0
CUST02976,2,328,708660.58,5,Recent Medium-Value,0
CUST02977,4,715,1535592.11,3,Loyal High-Frequency,0
CUST02978,2,684,1422453.54,3,Loyal High-Frequency,0
CUST02979,6,339,693656.27,2,Occasional Customers,0
CUST02980,3,334,712583.62,2,Occasional Customers,0
CUST02981,2,321,631793.36,5,Recent Medium-Value,0
CUST02982,3,476,1013636.14,4,Less-Recent Regulars,0
CUST02983,2,446,984345.7,1,High-Value Regulars,0
CUST02984,1,428,991657.0,1,High-Value Regulars,0
CUST02985,1,671,1432433.52,7,Recent Loyal Customers,0
CUST02986,8,357,810216.03,6,At-Risk Customers,0
CUST02987,1,1026,2102464.9,0,VIP / Champions,0
CUST02988,4,472,988058.1,4,Less-Recent Regulars,0
CUST02989,2,720,1509809.75,3,Loyal High-Frequency,0
CUST02990,1,470,911086.98,1,High-Value Regulars,0
CUST02991,2,1026,2293567.66,0,VIP / Champions,0
CUST02992,5,255,556874.45,2,Occasional Customers,0
CUST02993,1,441,936814.58,1,High-Value Regulars,0
CUST02994,6,323,758284.37,2,Occasional Customers,0
CUST02995,4,326,676809.17,2,Occasional Customers,0
CUST02996,1,736,1594713.89,7,Recent Loyal Customers,0
CUST02997,1,483,1081338.68,1,High-Value Regulars,0
CUST02998,7,365,724422.24,6,At-Risk Customers,0
CUST02999,1,1057,2151879.8,0,VIP / Champions,0
CUST03000,2,317,711776.24,5,Recent Medium-Value,0
CUST03001,6,678,1570216.58,3,Loyal High-Frequency,0
CUST03002,1,470,1034381.77,1,High-Value Regulars,0
CUST03003,1,716,1534433.8,7,Recent Loyal Customers,0
CUST03004,5,497,1059529.29,4,Less-Recent Regulars,0
CUST03005,8,310,679955.76,6,At-Risk Customers,0
CUST03006,1,344,774717.18,5,Recent Medium-Value,0
CUST03007,3,457,962802.86,4,Less-Recent Regulars,0
CUST03008,6,357,743166.7,2,Occasional Customers,0
CUST03009,2,454,910683.1799999999,1,High-Value Regulars,0
CUST03010,11,329,772842.09,6,At-Risk Customers,0
CUST03011,3,471,956139.41,4,Less-Recent Regulars,0
CUST03012,1,460,1023997.11,1,High-Value Regulars,0
CUST03013,5,753,1580785.91,3,Loyal High-Frequency,0
CUST03014,1,455,993687.55,1,High-Value Regulars,0
CUST03015,1,451,954566.35,1,High-Value Regulars,0
CUST03016,1,462,1055065.26,1,High-Value Regulars,0
CUST03017,3,307,576571.7,2,Occasional Customers,0
CUST03018,1,1039,2170709.7,0,VIP / Champions,0
CUST03019,2,342,792166.93,5,Recent Medium-Value,0
CUST03020,6,314,654846.61,2,Occasional Customers,0
CUST03021,1,331,734872.21,5,Recent Medium-Value,0
CUST03022,2,447,907150.38,1,High-Value Regulars,0
CUST03023,6,314,717584.68,2,Occasional Customers,0
CUST03024,7,312,674977.7,6,At-Risk Customers,0
CUST03025,8,454,1000297.58,4,Less-Recent Regulars,0
CUST03026,1,1086,2270569.0,0,VIP / Champions,0
CUST03027,3,342,767279.74,2,Occasional Customers,0
CUST03028,4,343,757047.09,2,Occasional Customers,0
CUST03029,3,324,736649.48,2,Occasional Customers,0
CUST03030,1,464,979559.49,1,High-Value Regulars,0
CUST03031,7,345,760451.53,6,At-Risk Customers,0
CUST03032,2,687,1455807.57,3,Loyal High-Frequency,0
CUST03033,3,434,893423.0,4,Less-Recent Regulars,0
CUST03034,2,345,652185.64,5,Recent Medium-Value,0
CUST03035,3,320,671453.04,2,Occasional Customers,0
CUST03036,2,350,671120.41,5,Recent Medium-Value,0
CUST03037,2,453,983941.14,1,High-Value Regulars,0
CUST03038,1,430,820509.48,1,High-Value Regulars,0
CUST03039,3,489,1087469.95,4,Less-Recent Regulars,0
CUST03040,2,322,673274.98,5,Recent Medium-Value,0
CUST03041,7,330,780467.78,6,At-Risk Customers,0
CUST03042,1,478,967269.48,1,High-Value Regulars,0
CUST03043,1,455,955171.25,1,High-Value Regulars,0
CUST03044,1,490,1011413.0,1,High-Value Regulars,0
CUST03045,2,437,968796.63,1,High-Value Regulars,0
CUST03046,4,356,772219.25,2,Occasional Customers,0
CUST03047,4,441,1012101.08,4,Less-Recent Regulars,0
CUST03048,3,301,709940.16,2,Occasional Customers,0
CUST03049,3,330,793208.46,2,Occasional Customers,0
CUST03050,6,473,1048587.45,4,Less-Recent Regulars,0
CUST03051,3,469,920839.39,4,Less-Recent Regulars,0
CUST03052,4,446,936652.28,4,Less-Recent Regulars,0
CUST03053,1,492,1022998.42,1,High-Value Regulars,0
CUST03054,5,716,1556307.58,3,Loyal High-Frequency,0
CUST03055,3,460,1076655.41,4,Less-Recent Regulars,0
CUST03056,3,473,959074.15,4,Less-Recent Regulars,0
CUST03057,4,342,686863.06,2,Occasional Customers,0
CUST03058,2,449,1001395.59,1,High-Value Regulars,0
CUST03059,2,320,718341.8,5,Recent Medium-Value,0
CUST03060,1,694,1518633.45,7,Recent Loyal Customers,0
CUST03061,2,329,703071.18,5,Recent Medium-Value,0
CUST03062,2,681,1451842.8800000001,3,Loyal High-Frequency,0
CUST03063,6,483,1065089.2,4,Less-Recent Regulars,0
CUST03064,3,723,1602048.02,3,Loyal High-Frequency,0
CUST03065,5,353,787715.22,2,Occasional Customers,0
CUST03066,5,449,966317.67,4,Less-Recent Regulars,0
CUST03067,5,730,1514128.7,3,Loyal High-Frequency,0
CUST03068,1,344,769620.61,5,Recent Medium-Value,0
CUST03069,6,338,729666.94,2,Occasional Customers,0
CUST03070,3,715,1433557.95,3,Loyal High-Frequency,0
CUST03071,1,695,1516595.79,7,Recent Loyal Customers,0
CUST03072,2,330,673496.4,5,Recent Medium-Value,0
CUST03073,1,314,628409.22,5,Recent Medium-Value,0
CUST03074,6,466,920124.91,4,Less-Recent Regulars,0
CUST03075,10,334,679107.79,6,At-Risk Customers,0
CUST03076,3,340,738729.5,2,Occasional Customers,0
CUST03077,7,330,695748.43,6,At-Risk Customers,0
CUST03078,1,1167,2475245.14,0,VIP / Champions,0
CUST03079,1,1041,2376814.46,0,VIP / Champions,0
CUST03080,3,493,1100755.27,4,Less-Recent Regulars,0
CUST03081,1,467,946405.45,1,High-Value Regulars,0
CUST03082,1,1088,2287151.02,0,VIP / Champions,0
CUST03083,2,421,819921.24,1,High-Value Regulars,0
CUST03084,1,342,685577.66,5,Recent Medium-Value,0
CUST03085,6,315,668304.45,2,Occasional Customers,0
CUST03086,7,457,988879.77,4,Less-Recent Regulars,0
CUST03087,1,1083,2194922.05,0,VIP / Champions,0
CUST03088,1,318,657059.51,5,Recent Medium-Value,0
CUST03089,1,344,787946.21,5,Recent Medium-Value,0
CUST03090,5,714,1538744.64,3,Loyal High-Frequency,0
CUST03091,10,326,699735.38,6,At-Risk Customers,0
CUST03092,1,314,642839.48,5,Recent Medium-Value,0
CUST03093,2,489,1017157.95,1,High-Value Regulars,0
CUST03094,1,489,1055122.57,1,High-Value Regulars,0
CUST03095,8,503,982306.62,4,Less-Recent Regulars,0
CUST03096,2,312,697287.73,5,Recent Medium-Value,0
CUST03097,1,322,681355.83,5,Recent Medium-Value,0
CUST03098,8,428,868911.8,6,At-Risk Customers,0
CUST03099,1,470,1014245.89,1,High-Value Regulars,0
CUST03100,4,706,1563131.16,3,Loyal High-Frequency,0
CUST03101,2,447,1006676.85,1,High-Value Regulars,0
CUST03102,3,461,964407.95,4,Less-Recent Regulars,0
CUST03103,1,339,732000.79,5,Recent Medium-Value,0
CUST03104,3,318,712881.17,2,Occasional Customers,0
CUST03105,1,499,1045659.94,1,High-Value Regulars,0
CUST03106,6,340,737102.76,2,Occasional Customers,0
CUST03107,4,345,685037.52,2,Occasional Customers,0
CUST03108,2,328,702750.5,5,Recent Medium-Value,0
CUST03109,1,660,1317823.72,7,Recent Loyal Customers,0
CUST03110,7,321,633886.4400000001,6,At-Risk Customers,0
CUST03111,2,319,671100.44,5,Recent Medium-Value,0
CUST03112,6,458,1010910.04,4,Less-Recent Regulars,0
CUST03113,4,476,958332.69,4,Less-Recent Regulars,0
CUST03114,2,319,707682.48,5,Recent Medium-Value,0
CUST03115,6,465,1069859.31,4,Less-Recent Regulars,0
CUST03116,1,481,1046703.69,1,High-Value Regulars,0
CUST03117,5,324,704502.88,2,Occasional Customers,0
CUST03118,1,748,1430398.98,7,Recent Loyal Customers,0
CUST03119,1,312,605444.62,5,Recent Medium-Value,0
CUST03120,2,693,1429866.64,3,Loyal High-Frequency,0
CUST03121,2,318,667982.98,5,Recent Medium-Value,0
CUST03122,4,316,650545.01,2,Occasional Customers,0
CUST03123,2,495,1051780.83,1,High-Value Regulars,0
CUST03124,1,491,1033322.35,1,High-Value Regulars,0
CUST03125,10,330,667055.49,6,At-Risk Customers,0
CUST03126,1,1101,2182780.15,0,VIP / Champions,0
CUST03127,3,376,758780.16,2,Occasional Customers,0
CUST03128,1,488,932210.3,1,High-Value Regulars,0
CUST03129,2,316,725506.65,5,Recent Medium-Value,0
CUST03130,5,307,647687.22,2,Occasional Customers,0
CUST03131,3,679,1399322.93,3,Loyal High-Frequency,0
CUST03132,4,361,822945.08,2,Occasional Customers,0
CUST03133,4,502,1071637.33,4,Less-Recent Regulars,0
CUST03134,2,724,1590102.89,3,Loyal High-Frequency,0
CUST03135,1,336,747302.15,5,Recent Medium-Value,0
CUST03136,2,459,1045374.74,1,High-Value Regulars,0
CUST03137,13,322,661458.2,6,At-Risk Customers,0
CUST03138,3,726,1587282.68,3,Loyal High-Frequency,0
CUST03139,2,327,650710.54,5,Recent Medium-Value,0
CUST03140,1,1088,2336151.99,0,VIP / Champions,0
CUST03141,7,307,664425.42,6,At-Risk Customers,0
CUST03142,2,325,644538.66,5,Recent Medium-Value,0
CUST03143,1,471,1008689.51,1,High-Value Regulars,0
CUST03144,8,334,692229.83,6,At-Risk Customers,0
CUST03145,2,347,784109.15,5,Recent Medium-Value,0
CUST03146,4,488,1053989.16,4,Less-Recent Regulars,0
CUST03147,1,310,640845.02,5,Recent Medium-Value,0
CUST03148,1,469,1027273.27,1,High-Value Regulars,0
CUST03149,2,489,1043644.91,1,High-Value Regulars,0
CUST03150,1,1094,2297943.94,0,VIP / Champions,0
CUST03151,3,311,698923.88,2,Occasional Customers,0
CUST03152,1,466,937002.15,1,High-Value Regulars,0
CUST03153,1,656,1451387.5,7,Recent Loyal Customers,0
CUST03154,12,437,936570.22,6,At-Risk Customers,0
CUST03155,8,321,632542.1900000001,6,At-Risk Customers,0
CUST03156,1,323,612266.69,5,Recent Medium-Value,0
CUST03157,1,321,725331.44,5,Recent Medium-Value,0
CUST03158,2,327,757583.96,5,Recent Medium-Value,0
CUST03159,5,497,1045088.26,4,Less-Recent Regulars,0
CUST03160,5,447,1032449.74,4,Less-Recent Regulars,0
CUST03161,5,323,757379.75,2,Occasional Customers,0
CUST03162,1,1030,2193836.76,0,VIP / Champions,0
CUST03163,4,447,967737.55,4,Less-Recent Regulars,0
CUST03164,2,1059,2137388.42,0,VIP / Champions,0
CUST03165,2,325,669944.05,5,Recent Medium-Value,0
CUST03166,1,444,1000853.01,1,High-Value Regulars,0
CUST03167,1,329,740833.84,5,Recent Medium-Value,0
CUST03168,2,1095,2378008.53,0,VIP / Champions,0
CUST03169,1,314,668551.07,5,Recent Medium-Value,0
CUST03170,1,371,800105.75,5,Recent Medium-Value,0
CUST03171,5,431,889765.01,4,Less-Recent Regulars,0
CUST03172,5,321,653552.05,2,Occasional Customers,0
CUST03173,1,725,1589101.46,7,Recent Loyal Customers,0
CUST03174,5,320,706933.68,2,Occasional Customers,0
CUST03175,2,318,669779.98,5,Recent Medium-Value,0
CUST03176,1,349,694655.19,5,Recent Medium-Value,0
CUST03177,5,316,593550.45,2,Occasional Customers,0
CUST03178,1,670,1420887.77,7,Recent Loyal Customers,0
CUST03179,2,1077,2220958.25,0,VIP / Champions,0
CUST03180,1,1096,2266761.23,0,VIP / Champions,0
CUST03181,1,1085,2288077.63,0,VIP / Champions,0
CUST03182,6,313,627847.96,2,Occasional Customers,0
CUST03183,1,480,1143468.77,1,High-Value Regulars,0
CUST03184,2,318,643874.63,5,Recent Medium-Value,0
CUST03185,5,687,1408894.17,3,Loyal High-Frequency,0
CUST03186,1,1077,2174810.59,0,VIP / Champions,0
CUST03187,2,337,688417.77,5,Recent Medium-Value,0
CUST03188,8,467,978891.13,4,Less-Recent Regulars,0
CUST03189,2,454,977819.15,1,High-Value Regulars,0
CUST03190,1,1090,2337680.49,0,VIP / Champions,0
CUST03191,5,662,1391400.9,3,Loyal High-Frequency,0
CUST03192,1,723,1459993.24,7,Recent Loyal Customers,0
CUST03193,2,704,1588942.43,3,Loyal High-Frequency,0
CUST03194,1,1108,2413753.4,0,VIP / Champions,0
CUST03195,2,1089,2316465.0,0,VIP / Champions,0
CUST03196,2,343,695420.17,5,Recent Medium-Value,0
CUST03197,1,1026,2070490.83,0,VIP / Champions,0
CUST03198,2,482,1011730.79,1,High-Value Regulars,0
CUST03199,4,315,642297.4,2,Occasional Customers,0
CUST03200,2,454,956822.46,1,High-Value Regulars,0
CUST03201,2,462,1059247.21,1,High-Value Regulars,0
CUST03202,6,455,995906.6900000001,4,Less-Recent Regulars,0
CUST03203,1,315,651381.96,5,Recent Medium-Value,0
CUST03204,4,488,1076588.05,4,Less-Recent Regulars,0
CUST03205,2,494,1008656.52,1,High-Value Regulars,0
CUST03206,1,323,672908.35,5,Recent Medium-Value,0
CUST03207,1,703,1449284.53,7,Recent Loyal Customers,0
CUST03208,1,460,933779.89,1,High-Value Regulars,0
CUST03209,2,688,1390149.47,3,Loyal High-Frequency,0
CUST03210,5,475,1058865.05,4,Less-Recent Regulars,0
CUST03211,1,1063,2261922.26,0,VIP / Champions,0
CUST03212,4,664,1411429.34,3,Loyal High-Frequency,0
CUST03213,1,517,1132821.74,1,High-Value Regulars,0
CUST03214,1,334,693065.24,5,Recent Medium-Value,0
CUST03215,4,438,925055.16,4,Less-Recent Regulars,0
CUST03216,6,469,1010114.69,4,Less-Recent Regulars,0
CUST03217,3,428,843690.25,4,Less-Recent Regulars,0
CUST03218,3,720,1513514.58,3,Loyal High-Frequency,0
CUST03219,1,1083,2271616.79,0,VIP / Champions,0
CUST03220,2,508,1030095.38,1,High-Value Regulars,0
CUST03221,2,313,621507.4,5,Recent Medium-Value,0
CUST03222,2,682,1452971.89,3,Loyal High-Frequency,0
CUST03223,7,358,757598.18,6,At-Risk Customers,0
CUST03224,3,453,1048984.36,4,Less-Recent Regulars,0
CUST03225,2,317,646640.2,5,Recent Medium-Value,0
CUST03226,15,309,689810.44,6,At-Risk Customers,0
CUST03227,5,495,1032207.9,4,Less-Recent Regulars,0
CUST03228,1,669,1398540.83,7,Recent Loyal Customers,0
CUST03229,3,723,1476628.52,3,Loyal High-Frequency,0
CUST03230,5,470,1031344.49,4,Less-Recent Regulars,0
CUST03231,1,692,1398436.34,7,Recent Loyal Customers,0
CUST03232,1,448,969355.07,1,High-Value Regulars,0
CUST03233,3,452,847878.06,4,Less-Recent Regulars,0
CUST03234,2,304,734477.71,5,Recent Medium-Value,0
CUST03235,3,468,971220.33,4,Less-Recent Regulars,0
CUST03236,4,742,1669263.13,3,Loyal High-Frequency,0
CUST03237,1,478,1016454.59,1,High-Value Regulars,0
CUST03238,2,694,1367461.03,3,Loyal High-Frequency,0
CUST03239,1,1082,2310947.48,0,VIP / Champions,0
CUST03240,5,1055,2155636.63,3,Loyal High-Frequency,0
CUST03241,1,1108,2282350.61,0,VIP / Champions,0
CUST03242,1,722,1418109.4,7,Recent Loyal Customers,0
CUST03243,5,1095,2215279.43,3,Loyal High-Frequency,0
CUST03244,1,460,923743.49,1,High-Value Regulars,0
CUST03245,2,341,717994.07,5,Recent Medium-Value,0
CUST03246,5,680,1388969.52,3,Loyal High-Frequency,0
CUST03247,1,324,629810.53,5,Recent Medium-Value,0
CUST03248,3,455,920550.5,4,Less-Recent Regulars,0
CUST03249,1,1077,2360265.32,0,VIP / Champions,0
CUST03250,2,735,1530844.26,3,Loyal High-Frequency,0
CUST03251,3,339,748149.06,2,Occasional Customers,0
CUST03252,1,290,577250.49,5,Recent Medium-Value,0
CUST03253,1,494,1062381.24,1,High-Value Regulars,0
CUST03254,1,741,1401451.45,7,Recent Loyal Customers,0
CUST03255,3,710,1472562.23,3,Loyal High-Frequency,0
CUST03256,1,687,1403112.83,7,Recent Loyal Customers,0
CUST03257,1,353,837399.86,5,Recent Medium-Value,0
CUST03258,1,728,1450573.88,7,Recent Loyal Customers,0
CUST03259,2,485,858407.72,1,High-Value Regulars,0
CUST03260,2,488,1095703.48,1,High-Value Regulars,0
CUST03261,2,1061,2191978.09,0,VIP / Champions,0
CUST03262,3,487,999594.44,4,Less-Recent Regulars,0
CUST03263,2,323,624723.37,5,Recent Medium-Value,0
CUST03264,2,348,686392.57,5,Recent Medium-Value,0
CUST03265,3,485,946330.02,4,Less-Recent Regulars,0
CUST03266,1,503,1035517.91,1,High-Value Regulars,0
CUST03267,1,1057,2275640.09,0,VIP / Champions,0
CUST03268,7,459,950333.95,4,Less-Recent Regulars,0
CUST03269,1,466,1018984.11,1,High-Value Regulars,0
CUST03270,3,635,1364566.31,3,Loyal High-Frequency,0
CUST03271,1,684,1509864.14,7,Recent Loyal Customers,0
CUST03272,2,1121,2329030.04,0,VIP / Champions,0
CUST03273,2,448,974708.82,1,High-Value Regulars,0
CUST03274,2,1068,2266853.56,0,VIP / Champions,0
CUST03275,1,459,960492.41,1,High-Value Regulars,0
CUST03276,6,346,682578.57,2,Occasional Customers,0
CUST03277,1,357,777054.29,5,Recent Medium-Value,0
CUST03278,3,502,1069173.21,4,Less-Recent Regulars,0
CUST03279,1,701,1425661.41,7,Recent Loyal Customers,0
CUST03280,4,336,780917.83,2,Occasional Customers,0
CUST03281,2,459,911466.1,1,High-Value Regulars,0
CUST03282,6,322,683873.17,2,Occasional Customers,0
CUST03283,3,355,721645.35,2,Occasional Customers,0
CUST03284,6,314,663537.14,2,Occasional Customers,0
CUST03285,1,1022,2056335.5,0,VIP / Champions,0
CUST03286,1,1055,2287114.64,0,VIP / Champions,0
CUST03287,2,666,1473466.87,3,Loyal High-Frequency,0
CUST03288,6,331,699484.96,2,Occasional Customers,0
CUST03289,1,1067,2200281.53,0,VIP / Champions,0
CUST03290,4,345,714096.72,2,Occasional Customers,0
CUST03291,1,305,643744.1,5,Recent Medium-Value,0
CUST03292,5,330,740822.6,2,Occasional Customers,0
CUST03293,9,319,723144.37,6,At-Risk Customers,0
CUST03294,1,336,732822.44,5,Recent Medium-Value,0
CUST03295,2,326,725773.89,5,Recent Medium-Value,0
CUST03296,2,356,759078.72,5,Recent Medium-Value,0
CUST03297,1,674,1411868.65,7,Recent Loyal Customers,0
CUST03298,2,1079,2270472.52,0,VIP / Champions,0
CUST03299,1,1092,2262018.89,0,VIP / Champions,0
CUST03300,1,705,1557200.1,7,Recent Loyal Customers,0
CUST03301,2,458,987525.14,1,High-Value Regulars,0
CUST03302,3,454,931710.3,4,Less-Recent Regulars,0
CUST03303,2,1105,2234998.59,0,VIP / Champions,0
CUST03304,3,331,697976.07,2,Occasional Customers,0
CUST03305,4,696,1458943.12,3,Loyal High-Frequency,0
CUST03306,3,321,673171.43,2,Occasional Customers,0
CUST03307,5,335,644249.74,2,Occasional Customers,0
CUST03308,2,465,895157.79,1,High-Value Regulars,0
CUST03309,2,647,1345771.34,3,Loyal High-Frequency,0
CUST03310,3,1098,2349902.34,0,VIP / Champions,0
CUST03311,1,311,681229.31,5,Recent Medium-Value,0
CUST03312,2,328,639808.77,5,Recent Medium-Value,0
CUST03313,1,699,1548188.23,7,Recent Loyal Customers,0
CUST03314,1,451,1042414.42,1,High-Value Regulars,0
CUST03315,1,338,723227.94,5,Recent Medium-Value,0
CUST03316,1,437,982776.02,1,High-Value Regulars,0
CUST03317,1,679,1468817.44,7,Recent Loyal Customers,0
CUST03318,1,713,1496114.1,7,Recent Loyal Customers,0
CUST03319,1,689,1480077.02,7,Recent Loyal Customers,0
CUST03320,4,286,595175.56,2,Occasional Customers,0
CUST03321,1,359,743490.25,5,Recent Medium-Value,0
CUST03322,5,361,718189.33,2,Occasional Customers,0
CUST03323,1,312,607770.67,5,Recent Medium-Value,0
CUST03324,1,483,996934.45,1,High-Value Regulars,0
CUST03325,3,474,1056686.22,4,Less-Recent Regulars,0
CUST03326,3,342,720800.08,2,Occasional Customers,0
CUST03327,9,486,1044327.27,4,Less-Recent Regulars,0
CUST03328,1,308,593464.66,5,Recent Medium-Value,0
CUST03329,1,1032,2141995.01,0,VIP / Champions,0
CUST03330,3,469,977405.29,4,Less-Recent Regulars,0
CUST03331,3,470,1043863.07,4,Less-Recent Regulars,0
CUST03332,3,348,768676.19,2,Occasional Customers,0
CUST03333,8,302,684892.65,6,At-Risk Customers,0
CUST03334,3,679,1453096.71,3,Loyal High-Frequency,0
CUST03335,2,503,1126766.43,1,High-Value Regulars,0
CUST03336,9,362,818895.43,6,At-Risk Customers,0
CUST03337,1,321,702950.35,5,Recent Medium-Value,0
CUST03338,1,1065,2255460.26,0,VIP / Champions,0
CUST03339,1,330,744745.53,5,Recent Medium-Value,0
CUST03340,3,339,715753.37,2,Occasional Customers,0
CUST03341,1,639,1235964.69,7,Recent Loyal Customers,0
CUST03342,1,1048,2152956.38,0,VIP / Champions,0
CUST03343,1,726,1531593.59,7,Recent Loyal Customers,0
CUST03344,4,312,671177.01,2,Occasional Customers,0
CUST03345,1,716,1458980.91,7,Recent Loyal Customers,0
CUST03346,4,324,651593.17,2,Occasional Customers,0
CUST03347,1,494,1095903.63,1,High-Value Regulars,0
CUST03348,4,318,615005.83,2,Occasional Customers,0
CUST03349,2,315,663423.27,5,Recent Medium-Value,0
CUST03350,5,454,988391.25,4,Less-Recent Regulars,0
CUST03351,3,354,813882.37,2,Occasional Customers,0
CUST03352,2,668,1454568.36,3,Loyal High-Frequency,0
CUST03353,1,486,933506.6,1,High-Value Regulars,0
CUST03354,2,509,1106211.28,1,High-Value Regulars,0
CUST03355,5,451,1002570.95,4,Less-Recent Regulars,0
CUST03356,3,682,1517204.19,3,Loyal High-Frequency,0
CUST03357,2,451,994988.33,1,High-Value Regulars,0
CUST03358,1,699,1427994.67,7,Recent Loyal Customers,0
CUST03359,4,318,710631.23,2,Occasional Customers,0
CUST03360,2,491,1030107.01,1,High-Value Regulars,0
CUST03361,2,457,976649.37,1,High-Value Regulars,0
CUST03362,1,315,715912.49,5,Recent Medium-Value,0
CUST03363,3,350,759333.88,2,Occasional Customers,0
CUST03364,1,453,972446.25,1,High-Value Regulars,0
CUST03365,1,512,1098697.74,1,High-Value Regulars,0
CUST03366,1,677,1412125.53,7,Recent Loyal Customers,0
CUST03367,1,681,1396080.39,7,Recent Loyal Customers,0
CUST03368,2,463,1036915.83,1,High-Value Regulars,0
CUST03369,1,498,1072036.01,1,High-Value Regulars,0
CUST03370,2,339,807098.36,5,Recent Medium-Value,0
CUST03371,1,1140,2588512.98,0,VIP / Champions,0
CUST03372,1,510,1126851.69,1,High-Value Regulars,0
CUST03373,3,344,766705.71,2,Occasional Customers,0
CUST03374,1,725,1556540.37,7,Recent Loyal Customers,0
CUST03375,1,450,927781.72,1,High-Value Regulars,0
CUST03376,3,483,1043127.27,4,Less-Recent Regulars,0
CUST03377,2,1054,2192756.26,0,VIP / Champions,0
CUST03378,3,487,1153500.25,4,Less-Recent Regulars,0
CUST03379,2,1081,2195765.06,0,VIP / Champions,0
CUST03380,3,468,912696.15,4,Less-Recent Regulars,0
CUST03381,6,690,1363215.88,3,Loyal High-Frequency,0
CUST03382,3,417,953424.32,4,Less-Recent Regulars,0
CUST03383,1,488,1011355.97,1,High-Value Regulars,0
CUST03384,1,471,1044469.36,1,High-Value Regulars,0
CUST03385,3,453,972361.08,4,Less-Recent Regulars,0
CUST03386,1,375,902139.43,1,High-Value Regulars,0
CUST03387,1,473,1001330.47,1,High-Value Regulars,0
CUST03388,5,406,819340.61,4,Less-Recent Regulars,0
CUST03389,2,716,1587758.55,3,Loyal High-Frequency,0
CUST03390,1,314,660675.75,5,Recent Medium-Value,0
CUST03391,3,340,686547.7,2,Occasional Customers,0
CUST03392,3,467,974134.48,4,Less-Recent Regulars,0
CUST03393,3,474,997522.92,4,Less-Recent Regulars,0
CUST03394,1,319,589561.29,5,Recent Medium-Value,0
CUST03395,5,334,725922.88,2,Occasional Customers,0
CUST03396,5,476,985702.32,4,Less-Recent Regulars,0
CUST03397,1,472,978920.18,1,High-Value Regulars,0
CUST03398,1,349,676516.08,5,Recent Medium-Value,0
CUST03399,1,1036,2201787.24,0,VIP / Champions,0
CUST03400,7,325,705897.18,6,At-Risk Customers,0
CUST03401,5,693,1528000.56,3,Loyal High-Frequency,0
CUST03402,5,318,707415.56,2,Occasional Customers,0
CUST03403,3,321,664954.21,2,Occasional Customers,0
CUST03404,1,461,1012753.99,1,High-Value Regulars,0
CUST03405,1,720,1642266.67,7,Recent Loyal Customers,0
CUST03406,1,331,723270.51,5,Recent Medium-Value,0
CUST03407,2,469,891086.36,1,High-Value Regulars,0
CUST03408,2,428,854524.18,1,High-Value Regulars,0
CUST03409,2,428,933765.25,1,High-Value Regulars,0
CUST03410,1,476,1026773.1,1,High-Value Regulars,0
CUST03411,1,653,1305482.15,7,Recent Loyal Customers,0
CUST03412,4,347,729052.86,2,Occasional Customers,0
CUST03413,2,726,1526880.73,3,Loyal High-Frequency,0
CUST03414,4,1085,2300276.54,0,VIP / Champions,0
CUST03415,1,312,617068.29,5,Recent Medium-Value,0
CUST03416,2,670,1517816.88,3,Loyal High-Frequency,0
CUST03417,2,454,916595.75,1,High-Value Regulars,0
CUST03418,17,335,710414.29,6,At-Risk Customers,0
CUST03419,2,422,919901.46,1,High-Value Regulars,0
CUST03420,1,708,1554208.99,7,Recent Loyal Customers,0
CUST03421,1,456,918806.1,1,High-Value Regulars,0
CUST03422,1,327,707879.0,5,Recent Medium-Value,0
CUST03423,1,1050,2245813.42,0,VIP / Champions,0
CUST03424,1,336,715270.97,5,Recent Medium-Value,0
CUST03425,3,352,681221.55,2,Occasional Customers,0
CUST03426,5,300,618811.62,2,Occasional Customers,0
CUST03427,1,1040,2130842.78,0,VIP / Champions,0
CUST03428,2,308,654208.47,5,Recent Medium-Value,0
CUST03429,1,707,1519219.62,7,Recent Loyal Customers,0
CUST03430,2,704,1499763.29,3,Loyal High-Frequency,0
CUST03431,1,332,612896.86,5,Recent Medium-Value,0
CUST03432,1,705,1542027.91,7,Recent Loyal Customers,0
CUST03433,1,472,989150.43,1,High-Value Regulars,0
CUST03434,5,427,908133.33,4,Less-Recent Regulars,0
CUST03435,6,476,1011835.38,4,Less-Recent Regulars,0
CUST03436,6,339,696358.92,2,Occasional Customers,0
CUST03437,5,313,696780.64,2,Occasional Customers,0
CUST03438,2,316,713171.54,5,Recent Medium-Value,0
CUST03439,2,311,684488.26,5,Recent Medium-Value,0
CUST03440,4,484,1137618.11,4,Less-Recent Regulars,0
CUST03441,2,321,681221.21,5,Recent Medium-Value,0
CUST03442,3,330,646450.92,2,Occasional Customers,0
CUST03443,1,458,922793.46,1,High-Value Regulars,0
CUST03444,3,492,1125786.74,4,Less-Recent Regulars,0
CUST03445,1,705,1409626.31,7,Recent Loyal Customers,0
CUST03446,2,337,670463.97,5,Recent Medium-Value,0
CUST03447,1,718,1613341.01,7,Recent Loyal Customers,0
CUST03448,4,323,690965.64,2,Occasional Customers,0
CUST03449,2,698,1504167.42,3,Loyal High-Frequency,0
CUST03450,1,1094,2256613.14,0,VIP / Champions,0
CUST03451,2,346,774737.76,5,Recent Medium-Value,0
CUST03452,1,496,1035961.11,1,High-Value Regulars,0
CUST03453,3,304,676634.14,2,Occasional Customers,0
CUST03454,1,493,979331.02,1,High-Value Regulars,0
CUST03455,2,446,959224.3,1,High-Value Regulars,0
CUST03456,1,651,1262133.43,7,Recent Loyal Customers,0
CUST03457,1,758,1517375.96,7,Recent Loyal Customers,0
CUST03458,2,473,1044553.92,1,High-Value Regulars,0
CUST03459,17,331,636925.35,6,At-Risk Customers,0
CUST03460,9,334,628795.27,6,At-Risk Customers,0
CUST03461,1,430,935654.03,1,High-Value Regulars,0
CUST03462,1,1083,2417050.43,0,VIP / Champions,0
CUST03463,1,435,897913.88,1,High-Value Regulars,0
CUST03464,3,340,683562.51,2,Occasional Customers,0
CUST03465,1,1107,2302976.37,0,VIP / Champions,0
CUST03466,1,718,1509494.4,7,Recent Loyal Customers,0
CUST03467,5,452,942794.89,4,Less-Recent Regulars,0
CUST03468,1,479,1021144.91,1,High-Value Regulars,0
CUST03469,10,315,640904.91,6,At-Risk Customers,0
CUST03470,1,1024,2078954.49,0,VIP / Champions,0
CUST03471,3,342,738617.64,2,Occasional Customers,0
CUST03472,1,698,1486515.97,7,Recent Loyal Customers,0
CUST03473,3,482,1005867.8,4,Less-Recent Regulars,0
CUST03474,6,715,1531508.97,3,Loyal High-Frequency,0
CUST03475,1,325,724421.02,5,Recent Medium-Value,0
CUST03476,1,469,982131.01,1,High-Value Regulars,0
CUST03477,2,429,901874.0,1,High-Value Regulars,0
CUST03478,1,454,1045493.93,1,High-Value Regulars,0
CUST03479,2,484,1028844.23,1,High-Value Regulars,0
CUST03480,2,1045,2255072.0,0,VIP / Champions,0
CUST03481,4,459,945679.8,4,Less-Recent Regulars,0
CUST03482,2,316,686940.91,5,Recent Medium-Value,0
CUST03483,4,496,1108847.29,4,Less-Recent Regulars,0
CUST03484,2,1025,2260959.25,0,VIP / Champions,0
CUST03485,3,384,760930.8,2,Occasional Customers,0
CUST03486,3,323,735895.62,2,Occasional Customers,0
CUST03487,3,331,686858.77,2,Occasional Customers,0
CUST03488,6,374,834347.89,2,Occasional Customers,0
CUST03489,2,511,1215900.92,1,High-Value Regulars,0
CUST03490,8,338,730929.48,6,At-Risk Customers,0
CUST03491,9,334,717656.36,6,At-Risk Customers,0
CUST03492,5,315,652479.7,2,Occasional Customers,0
CUST03493,3,447,960328.53,4,Less-Recent Regulars,0
CUST03494,2,498,1054265.2,1,High-Value Regulars,0
CUST03495,1,462,1096582.29,1,High-Value Regulars,0
CUST03496,2,698,1518811.64,3,Loyal High-Frequency,0
CUST03497,1,667,1355326.12,7,Recent Loyal Customers,0
CUST03498,4,308,574549.61,2,Occasional Customers,0
CUST03499,1,482,976625.88,1,High-Value Regulars,0
CUST03500,5,321,712328.32,2,Occasional Customers,0
CUST03501,4,476,926700.5,4,Less-Recent Regulars,0
CUST03502,1,1059,2188240.02,0,VIP / Champions,0
CUST03503,2,677,1289805.81,3,Loyal High-Frequency,0
CUST03504,1,484,1046023.76,1,High-Value Regulars,0
CUST03505,7,324,724089.92,6,At-Risk Customers,0
CUST03506,4,359,747066.16,2,Occasional Customers,0
CUST03507,3,470,1001923.21,4,Less-Recent Regulars,0
CUST03508,9,310,673318.52,6,At-Risk Customers,0
CUST03509,2,469,1032474.05,1,High-Value Regulars,0
CUST03510,4,301,600163.84,2,Occasional Customers,0
CUST03511,1,325,640751.05,5,Recent Medium-Value,0
CUST03512,1,718,1532617.78,7,Recent Loyal Customers,0
CUST03513,5,438,996477.89,4,Less-Recent Regulars,0
CUST03514,3,348,704676.87,2,Occasional Customers,0
CUST03515,2,677,1487238.83,3,Loyal High-Frequency,0
CUST03516,1,483,1069978.81,1,High-Value Regulars,0
CUST03517,4,730,1551898.05,3,Loyal High-Frequency,0
CUST03518,1,694,1492385.18,7,Recent Loyal Customers,0
CUST03519,2,707,1550428.68,3,Loyal High-Frequency,0
CUST03520,1,1070,2254383.34,0,VIP / Champions,0
CUST03521,3,309,683466.52,2,Occasional Customers,0
CUST03522,1,330,643814.73,5,Recent Medium-Value,0
CUST03523,1,674,1430623.95,7,Recent Loyal Customers,0
CUST03524,1,692,1416532.9,7,Recent Loyal Customers,0
CUST03525,2,472,1013504.98,1,High-Value Regulars,0
CUST03526,5,467,943969.05,4,Less-Recent Regulars,0
CUST03527,1,327,716088.9,5,Recent Medium-Value,0
CUST03528,1,329,666446.92,5,Recent Medium-Value,0
CUST03529,3,334,727625.02,2,Occasional Customers,0
CUST03530,1,320,649065.91,5,Recent Medium-Value,0
CUST03531,3,486,985660.3,4,Less-Recent Regulars,0
CUST03532,1,465,963294.75,1,High-Value Regulars,0
CUST03533,3,676,1437870.25,3,Loyal High-Frequency,0
CUST03534,4,301,618791.22,2,Occasional Customers,0
CUST03535,1,693,1374054.35,7,Recent Loyal Customers,0
CUST03536,3,320,616379.26,2,Occasional Customers,0
CUST03537,9,307,593683.23,6,At-Risk Customers,0
CUST03538,1,439,896174.52,1,High-Value Regulars,0
CUST03539,2,458,965868.08,1,High-Value Regulars,0
CUST03540,3,756,1615643.09,3,Loyal High-Frequency,0
CUST03541,1,461,1034447.99,1,High-Value Regulars,0
CUST03542,1,1118,2420604.11,0,VIP / Champions,0
CUST03543,1,478,1056299.72,1,High-Value Regulars,0
CUST03544,2,305,580166.27,5,Recent Medium-Value,0
CUST03545,1,430,966461.79,1,High-Value Regulars,0
CUST03546,4,655,1394383.99,3,Loyal High-Frequency,0
CUST03547,1,480,1046754.05,1,High-Value Regulars,0
CUST03548,2,300,605700.06,5,Recent Medium-Value,0
CUST03549,2,452,958964.52,1,High-Value Regulars,0
CUST03550,1,449,934469.79,1,High-Value Regulars,0
CUST03551,1,430,927012.78,1,High-Value Regulars,0
CUST03552,6,485,947489.63,4,Less-Recent Regulars,0
CUST03553,5,332,734518.33,2,Occasional Customers,0
CUST03554,2,672,1390624.06,3,Loyal High-Frequency,0
CUST03555,1,311,647466.67,5,Recent Medium-Value,0
CUST03556,14,304,719288.77,6,At-Risk Customers,0
CUST03557,7,502,1064561.61,4,Less-Recent Regulars,0
CUST03558,3,483,965662.91,4,Less-Recent Regulars,0
CUST03559,3,310,653716.0,2,Occasional Customers,0
CUST03560,3,335,660735.86,2,Occasional Customers,0
CUST03561,3,444,909345.24,4,Less-Recent Regulars,0
CUST03562,1,1122,2369574.15,0,VIP / Champions,0
CUST03563,1,647,1453267.49,7,Recent Loyal Customers,0
CUST03564,1,736,1575597.48,7,Recent Loyal Customers,0
CUST03565,12,486,931498.64,6,At-Risk Customers,0
CUST03566,3,686,1426332.91,3,Loyal High-Frequency,0
CUST03567,2,1050,2220750.96,0,VIP / Champions,0
CUST03568,8,338,670896.41,6,At-Risk Customers,0
CUST03569,2,480,1104114.14,1,High-Value Regulars,0
CUST03570,1,716,1531616.86,7,Recent Loyal Customers,0
CUST03571,2,678,1295113.31,3,Loyal High-Frequency,0
CUST03572,3,691,1337369.93,3,Loyal High-Frequency,0
CUST03573,1,1116,2310076.55,0,VIP / Champions,0
CUST03574,1,274,596866.48,5,Recent Medium-Value,0
CUST03575,1,447,942457.8099999999,1,High-Value Regulars,0
CUST03576,9,332,648356.57,6,At-Risk Customers,0
CUST03577,2,500,1138232.48,1,High-Value Regulars,0
CUST03578,3,321,712967.92,2,Occasional Customers,0
CUST03579,5,465,1040492.94,4,Less-Recent Regulars,0
CUST03580,1,455,998608.39,1,High-Value Regulars,0
CUST03581,5,454,927207.38,4,Less-Recent Regulars,0
CUST03582,1,325,715045.8200000001,5,Recent Medium-Value,0
CUST03583,2,678,1484367.41,3,Loyal High-Frequency,0
CUST03584,2,317,648579.47,5,Recent Medium-Value,0
CUST03585,5,496,981572.96,4,Less-Recent Regulars,0
CUST03586,2,1038,2228470.54,0,VIP / Champions,0
CUST03587,3,707,1557903.25,3,Loyal High-Frequency,0
CUST03588,4,477,1061531.19,4,Less-Recent Regulars,0
CUST03589,3,325,646181.25,2,Occasional Customers,0
CUST03590,1,315,695137.74,5,Recent Medium-Value,0
CUST03591,1,692,1380188.47,7,Recent Loyal Customers,0
CUST03592,8,327,651812.14,6,At-Risk Customers,0
CUST03593,5,324,667982.42,2,Occasional Customers,0
CUST03594,3,485,953138.16,4,Less-Recent Regulars,0
CUST03595,4,346,707710.73,2,Occasional Customers,0
CUST03596,1,726,1586603.33,7,Recent Loyal Customers,0
CUST03597,2,493,1031506.42,1,High-Value Regulars,0
CUST03598,2,751,1613931.32,3,Loyal High-Frequency,0
CUST03599,4,330,682736.8,2,Occasional Customers,0
CUST03600,1,1053,2220526.88,0,VIP / Champions,0
CUST03601,1,1092,2446160.91,0,VIP / Champions,0
CUST03602,1,477,1059374.57,1,High-Value Regulars,0
CUST03603,3,319,699341.28,2,Occasional Customers,0
CUST03604,1,332,743323.87,5,Recent Medium-Value,0
CUST03605,1,1071,2077746.2,0,VIP / Champions,0
CUST03606,2,449,871989.51,1,High-Value Regulars,0
CUST03607,2,334,683040.77,5,Recent Medium-Value,0
CUST03608,5,322,728184.46,2,Occasional Customers,0
CUST03609,2,1033,2201366.77,0,VIP / Champions,0
CUST03610,1,1051,2219964.87,0,VIP / Champions,0
CUST03611,8,308,643860.56,6,At-Risk Customers,0
CUST03612,1,468,1041825.6,1,High-Value Regulars,0
CUST03613,4,733,1496115.41,3,Loyal High-Frequency,0
CUST03614,1,691,1383085.14,7,Recent Loyal Customers,0
CUST03615,1,484,1054495.83,1,High-Value Regulars,0
CUST03616,1,726,1525097.99,7,Recent Loyal Customers,0
CUST03617,2,710,1478987.92,3,Loyal High-Frequency,0
CUST03618,6,463,1025071.78,4,Less-Recent Regulars,0
CUST03619,1,484,1016711.25,1,High-Value Regulars,0
CUST03620,1,727,1518912.41,7,Recent Loyal Customers,0
CUST03621,2,738,1499517.51,3,Loyal High-Frequency,0
CUST03622,4,339,755371.63,2,Occasional Customers,0
CUST03623,2,435,985451.02,1,High-Value Regulars,0
CUST03624,5,438,839744.02,4,Less-Recent Regulars,0
CUST03625,3,1063,2272758.28,0,VIP / Champions,0
CUST03626,2,460,919305.35,1,High-Value Regulars,0
CUST03627,2,357,792183.34,5,Recent Medium-Value,0
CUST03628,4,334,691567.77,2,Occasional Customers,0
CUST03629,1,1137,2402991.3,0,VIP / Champions,0
CUST03630,1,454,972138.82,1,High-Value Regulars,0
CUST03631,2,318,735278.24,5,Recent Medium-Value,0
CUST03632,7,460,984289.25,4,Less-Recent Regulars,0
CUST03633,3,317,626819.39,2,Occasional Customers,0
CUST03634,3,348,716394.95,2,Occasional Customers,0
CUST03635,1,321,766776.61,5,Recent Medium-Value,0
CUST03636,2,687,1347166.96,3,Loyal High-Frequency,0
CUST03637,1,693,1466869.1,7,Recent Loyal Customers,0
CUST03638,3,331,640998.58,2,Occasional Customers,0
CUST03639,3,454,898955.98,4,Less-Recent Regulars,0
CUST03640,1,725,1552779.12,7,Recent Loyal Customers,0
CUST03641,2,338,708332.28,5,Recent Medium-Value,0
CUST03642,3,320,631735.82,2,Occasional Customers,0
CUST03643,1,687,1594748.14,7,Recent Loyal Customers,0
CUST03644,9,441,902522.24,6,At-Risk Customers,0
CUST03645,1,347,750088.14,5,Recent Medium-Value,0
CUST03646,1,467,1046390.87,1,High-Value Regulars,0
CUST03647,1,697,1574418.05,7,Recent Loyal Customers,0
CUST03648,1,347,707378.53,5,Recent Medium-Value,0
CUST03649,1,493,1010183.06,1,High-Value Regulars,0
CUST03650,8,295,684694.83,6,At-Risk Customers,0
CUST03651,1,331,700183.17,5,Recent Medium-Value,0
CUST03652,1,710,1414928.51,7,Recent Loyal Customers,0
CUST03653,2,481,994101.24,1,High-Value Regulars,0
CUST03654,1,699,1413575.01,7,Recent Loyal Customers,0
CUST03655,1,325,693637.83,5,Recent Medium-Value,0
CUST03656,2,479,1011105.18,1,High-Value Regulars,0
CUST03657,2,323,591594.32,5,Recent Medium-Value,0
CUST03658,2,688,1461880.52,3,Loyal High-Frequency,0
CUST03659,1,470,1037411.76,1,High-Value Regulars,0
CUST03660,3,1116,2228949.12,0,VIP / Champions,0
CUST03661,2,502,1036065.16,1,High-Value Regulars,0
CUST03662,9,286,591201.92,6,At-Risk Customers,0
CUST03663,3,474,982191.61,4,Less-Recent Regulars,0
CUST03664,2,996,2113067.29,0,VIP / Champions,0
CUST03665,14,321,751080.45,6,At-Risk Customers,0
CUST03666,5,323,631843.78,2,Occasional Customers,0
CUST03667,1,527,1077607.95,1,High-Value Regulars,0
CUST03668,1,472,940147.49,1,High-Value Regulars,0
CUST03669,6,317,671235.49,2,Occasional Customers,0
CUST03670,4,347,720010.49,2,Occasional Customers,0
CUST03671,9,323,708423.18,6,At-Risk Customers,0
CUST03672,2,464,1053603.52,1,High-Value Regulars,0
CUST03673,1,1082,2195158.08,0,VIP / Champions,0
CUST03674,3,455,1029347.26,4,Less-Recent Regulars,0
CUST03675,1,439,963092.88,1,High-Value Regulars,0
CUST03676,2,315,648247.04,5,Recent Medium-Value,0
CUST03677,3,711,1513852.67,3,Loyal High-Frequency,0
CUST03678,1,1116,2295398.57,0,VIP / Champions,0
CUST03679,1,689,1490752.25,7,Recent Loyal Customers,0
CUST03680,1,481,924685.54,1,High-Value Regulars,0
CUST03681,1,1044,2114385.68,0,VIP / Champions,0
CUST03682,3,489,998101.65,4,Less-Recent Regulars,0
CUST03683,5,317,645005.21,2,Occasional Customers,0
CUST03684,2,322,634172.2,5,Recent Medium-Value,0
CUST03685,7,321,700638.21,6,At-Risk Customers,0
CUST03686,2,488,1030739.21,1,High-Value Regulars,0
CUST03687,11,304,642952.75,6,At-Risk Customers,0
CUST03688,12,349,744727.51,6,At-Risk Customers,0
CUST03689,3,454,1027325.6900000001,4,Less-Recent Regulars,0
CUST03690,2,694,1526051.72,3,Loyal High-Frequency,0
CUST03691,1,463,1013297.62,1,High-Value Regulars,0
CUST03692,3,674,1451242.95,3,Loyal High-Frequency,0
CUST03693,6,735,1584841.26,3,Loyal High-Frequency,0
CUST03694,4,328,674593.61,2,Occasional Customers,0
CUST03695,2,1051,2384080.68,0,VIP / Champions,0
CUST03696,5,303,617499.74,2,Occasional Customers,0
CUST03697,2,692,1451757.49,3,Loyal High-Frequency,0
CUST03698,1,460,973544.54,1,High-Value Regulars,0
CUST03699,2,465,922320.68,1,High-Value Regulars,0
CUST03700,1,1125,2334164.92,0,VIP / Champions,0
CUST03701,2,693,1420341.28,3,Loyal High-Frequency,0
CUST03702,7,348,691059.74,6,At-Risk Customers,0
CUST03703,1,460,964992.73,1,High-Value Regulars,0
CUST03704,1,475,1049069.72,1,High-Value Regulars,0
CUST03705,5,448,1001924.09,4,Less-Recent Regulars,0
CUST03706,3,340,680990.88,2,Occasional Customers,0
CUST03707,1,728,1558567.07,7,Recent Loyal Customers,0
CUST03708,4,312,771038.57,2,Occasional Customers,0
CUST03709,1,1032,2162370.17,0,VIP / Champions,0
CUST03710,3,709,1509209.46,3,Loyal High-Frequency,0
CUST03711,1,691,1329782.82,7,Recent Loyal Customers,0
CUST03712,8,487,995479.59,4,Less-Recent Regulars,0
CUST03713,1,755,1648691.85,7,Recent Loyal Customers,0
CUST03714,6,310,656630.12,2,Occasional Customers,0
CUST03715,3,459,980527.32,4,Less-Recent Regulars,0
CUST03716,7,493,1115393.47,4,Less-Recent Regulars,0
CUST03717,1,437,836039.85,1,High-Value Regulars,0
CUST03718,1,474,985894.97,1,High-Value Regulars,0
CUST03719,1,727,1622452.54,7,Recent Loyal Customers,0
CUST03720,2,309,625618.41,5,Recent Medium-Value,0
CUST03721,1,1106,2342141.63,0,VIP / Champions,0
CUST03722,1,463,1032495.49,1,High-Value Regulars,0
CUST03723,3,499,1207819.48,4,Less-Recent Regulars,0
CUST03724,1,1055,2094338.3,0,VIP / Champions,0
CUST03725,2,1033,2300864.11,0,VIP / Champions,0
CUST03726,1,493,1081182.0,1,High-Value Regulars,0
CUST03727,2,1103,2402034.95,0,VIP / Champions,0
CUST03728,4,433,887834.41,4,Less-Recent Regulars,0
CUST03729,4,319,709122.09,2,Occasional Customers,0
CUST03730,1,479,1003322.52,1,High-Value Regulars,0
CUST03731,3,302,670090.79,2,Occasional Customers,0
CUST03732,4,671,1420902.66,3,Loyal High-Frequency,0
CUST03733,1,299,650228.39,5,Recent Medium-Value,0
CUST03734,1,523,1130314.64,1,High-Value Regulars,0
CUST03735,12,316,644867.86,6,At-Risk Customers,0
CUST03736,2,317,626296.53,5,Recent Medium-Value,0
CUST03737,1,718,1502828.9,7,Recent Loyal Customers,0
CUST03738,2,333,609505.73,5,Recent Medium-Value,0
CUST03739,1,1033,2175534.62,0,VIP / Champions,0
CUST03740,2,314,629357.8,5,Recent Medium-Value,0
CUST03741,4,444,900722.91,4,Less-Recent Regulars,0
CUST03742,2,488,1049208.21,1,High-Value Regulars,0
CUST03743,1,421,934272.33,1,High-Value Regulars,0
CUST03744,2,334,728962.61,5,Recent Medium-Value,0
CUST03745,1,704,1484941.14,7,Recent Loyal Customers,0
CUST03746,1,329,720363.25,5,Recent Medium-Value,0
CUST03747,10,337,745841.41,6,At-Risk Customers,0
CUST03748,2,456,1045753.43,1,High-Value Regulars,0
CUST03749,2,312,719441.34,5,Recent Medium-Value,0
CUST03750,1,473,1031383.99,1,High-Value Regulars,0
CUST03751,9,328,688883.18,6,At-Risk Customers,0
CUST03752,1,699,1540647.35,7,Recent Loyal Customers,0
CUST03753,3,341,701042.05,2,Occasional Customers,0
CUST03754,1,478,1065215.34,1,High-Value Regulars,0
CUST03755,1,437,868910.86,1,High-Value Regulars,0
CUST03756,1,719,1486136.5,7,Recent Loyal Customers,0
CUST03757,2,315,671218.58,5,Recent Medium-Value,0
CUST03758,1,476,987561.32,1,High-Value Regulars,0
CUST03759,4,439,987214.62,4,Less-Recent Regulars,0
CUST03760,1,311,665373.23,5,Recent Medium-Value,0
CUST03761,3,463,917554.68,4,Less-Recent Regulars,0
CUST03762,1,452,996738.58,1,High-Value Regulars,0
CUST03763,4,331,719199.53,2,Occasional Customers,0
CUST03764,13,482,1040353.55,6,At-Risk Customers,0
CUST03765,2,431,962151.17,1,High-Value Regulars,0
CUST03766,13,326,700645.12,6,At-Risk Customers,0
CUST03767,2,491,1072067.96,1,High-Value Regulars,0
CUST03768,4,462,1065066.22,4,Less-Recent Regulars,0
CUST03769,1,1061,2329410.03,0,VIP / Champions,0
CUST03770,1,463,894352.58,1,High-Value Regulars,0
CUST03771,5,334,711211.64,2,Occasional Customers,0
CUST03772,2,732,1535029.57,3,Loyal High-Frequency,0
CUST03773,2,458,970859.35,1,High-Value Regulars,0
CUST03774,2,715,1439261.3,3,Loyal High-Frequency,0
CUST03775,2,454,892066.69,1,High-Value Regulars,0
CUST03776,1,359,794179.15,5,Recent Medium-Value,0
CUST03777,1,489,973589.06,1,High-Value Regulars,0
CUST03778,1,310,673178.85,5,Recent Medium-Value,0
CUST03779,2,334,726542.4400000001,5,Recent Medium-Value,0
CUST03780,2,441,869001.72,1,High-Value Regulars,0
CUST03781,1,476,984938.6,1,High-Value Regulars,0
CUST03782,7,324,706697.76,6,At-Risk Customers,0
CUST03783,11,313,675084.77,6,At-Risk Customers,0
CUST03784,10,313,595134.53,6,At-Risk Customers,0
CUST03785,1,460,1087646.77,1,High-Value Regulars,0
CUST03786,2,447,871982.54,1,High-Value Regulars,0
CUST03787,1,718,1605113.88,7,Recent Loyal Customers,0
CUST03788,2,311,761143.64,5,Recent Medium-Value,0
CUST03789,15,504,1057508.75,6,At-Risk Customers,0
CUST03790,8,306,607446.82,6,At-Risk Customers,0
CUST03791,2,681,1426979.28,3,Loyal High-Frequency,0
CUST03792,5,442,900791.51,4,Less-Recent Regulars,0
CUST03793,8,311,685522.16,6,At-Risk Customers,0
CUST03794,3,478,933943.08,4,Less-Recent Regulars,0
CUST03795,1,703,1379221.78,7,Recent Loyal Customers,0
CUST03796,6,316,722966.6,2,Occasional Customers,0
CUST03797,10,310,655051.21,6,At-Risk Customers,0
CUST03798,2,447,914579.71,1,High-Value Regulars,0
CUST03799,1,312,681422.3,5,Recent Medium-Value,0
CUST03800,2,306,677582.0,5,Recent Medium-Value,0
CUST03801,2,332,717815.1,5,Recent Medium-Value,0
CUST03802,4,330,679979.0599999999,2,Occasional Customers,0
CUST03803,3,679,1423882.57,3,Loyal High-Frequency,0
CUST03804,2,1066,2123974.39,0,VIP / Champions,0
CUST03805,2,338,717222.17,5,Recent Medium-Value,0
CUST03806,4,724,1633679.44,3,Loyal High-Frequency,0
CUST03807,11,461,928845.55,6,At-Risk Customers,0
CUST03808,1,333,738923.01,5,Recent Medium-Value,0
CUST03809,9,500,994146.35,4,Less-Recent Regulars,0
CUST03810,4,336,671840.72,2,Occasional Customers,0
CUST03811,7,328,628786.3,6,At-Risk Customers,0
CUST03812,1,328,646731.83,5,Recent Medium-Value,0
CUST03813,3,489,1107258.8,4,Less-Recent Regulars,0
CUST03814,2,494,928868.23,1,High-Value Regulars,0
CUST03815,1,328,714225.95,5,Recent Medium-Value,0
CUST03816,3,324,704533.71,2,Occasional Customers,0
CUST03817,1,473,1017743.1,1,High-Value Regulars,0
CUST03818,1,712,1491310.92,7,Recent Loyal Customers,0
CUST03819,1,323,724546.69,5,Recent Medium-Value,0
CUST03820,3,451,1016344.27,4,Less-Recent Regulars,0
CUST03821,5,439,948280.48,4,Less-Recent Regulars,0
CUST03822,5,463,996168.65,4,Less-Recent Regulars,0
CUST03823,1,716,1552473.8699999999,7,Recent Loyal Customers,0
CUST03824,7,355,725375.46,6,At-Risk Customers,0
CUST03825,1,324,694382.39,5,Recent Medium-Value,0
CUST03826,1,316,644803.03,5,Recent Medium-Value,0
CUST03827,1,1038,2434239.68,0,VIP / Champions,0
CUST03828,2,297,541539.66,5,Recent Medium-Value,0
CUST03829,1,698,1483164.97,7,Recent Loyal Customers,0
CUST03830,4,340,749826.96,2,Occasional Customers,0
CUST03831,5,498,1034357.89,4,Less-Recent Regulars,0
CUST03832,1,474,916446.93,1,High-Value Regulars,0
CUST03833,1,689,1473744.25,7,Recent Loyal Customers,0
CUST03834,3,317,666899.23,2,Occasional Customers,0
CUST03835,4,449,959315.84,4,Less-Recent Regulars,0
CUST03836,1,685,1377624.44,7,Recent Loyal Customers,0
CUST03837,1,1084,2232481.99,0,VIP / Champions,0
CUST03838,1,1022,2163316.94,0,VIP / Champions,0
CUST03839,1,1082,2262129.58,0,VIP / Champions,0
CUST03840,3,298,609977.37,2,Occasional Customers,0
CUST03841,1,326,719802.91,5,Recent Medium-Value,0
CUST03842,3,438,893271.32,4,Less-Recent Regulars,0
CUST03843,1,344,731480.77,5,Recent Medium-Value,0
CUST03844,2,1070,2382420.67,0,VIP / Champions,0
CUST03845,1,467,918838.67,1,High-Value Regulars,0
CUST03846,8,328,687015.87,6,At-Risk Customers,0
CUST03847,2,1030,2073326.75,0,VIP / Champions,0
CUST03848,1,297,675050.11,5,Recent Medium-Value,0
CUST03849,3,488,1094738.97,4,Less-Recent Regulars,0
CUST03850,1,459,962894.95,1,High-Value Regulars,0
CUST03851,2,742,1597282.28,3,Loyal High-Frequency,0
CUST03852,3,452,903492.7,4,Less-Recent Regulars,0
CUST03853,1,342,761845.32,5,Recent Medium-Value,0
CUST03854,1,336,671756.21,5,Recent Medium-Value,0
CUST03855,1,465,1027999.7,1,High-Value Regulars,0
CUST03856,3,477,1009793.71,4,Less-Recent Regulars,0
CUST03857,1,323,668058.74,5,Recent Medium-Value,0
CUST03858,2,451,960852.75,1,High-Value Regulars,0
CUST03859,2,508,1049452.26,1,High-Value Regulars,0
CUST03860,7,312,681489.2,6,At-Risk Customers,0
CUST03861,1,338,739895.39,5,Recent Medium-Value,0
CUST03862,3,367,767748.81,2,Occasional Customers,0
CUST03863,6,448,896701.99,4,Less-Recent Regulars,0
CUST03864,1,741,1626218.57,7,Recent Loyal Customers,0
CUST03865,11,337,684104.21,6,At-Risk Customers,0
CUST03866,1,480,1054203.0,1,High-Value Regulars,0
CUST03867,2,689,1441402.79,3,Loyal High-Frequency,0
CUST03868,1,463,981248.6,1,High-Value Regulars,0
CUST03869,3,1071,2177313.38,0,VIP / Champions,0
CUST03870,4,319,593514.0,2,Occasional Customers,0
CUST03871,1,510,1045051.71,1,High-Value Regulars,0
CUST03872,1,455,974216.87,1,High-Value Regulars,0
CUST03873,2,330,701690.45,5,Recent Medium-Value,0
CUST03874,4,449,999660.45,4,Less-Recent Regulars,0
CUST03875,7,471,1077987.71,4,Less-Recent Regulars,0
CUST03876,1,280,599773.7,5,Recent Medium-Value,0
CUST03877,3,455,926715.56,4,Less-Recent Regulars,0
CUST03878,3,489,1079540.53,4,Less-Recent Regulars,0
CUST03879,15,354,804404.61,6,At-Risk Customers,0
CUST03880,1,324,731893.5599999999,5,Recent Medium-Value,0
CUST03881,2,698,1523986.8,3,Loyal High-Frequency,0
CUST03882,1,1094,2271145.26,0,VIP / Champions,0
CUST03883,4,304,657207.64,2,Occasional Customers,0
CUST03884,5,442,868054.48,4,Less-Recent Regulars,0
CUST03885,2,470,1021768.11,1,High-Value Regulars,0
CUST03886,1,461,1053597.5,1,High-Value Regulars,0
CUST03887,2,311,618311.35,5,Recent Medium-Value,0
CUST03888,13,346,634193.82,6,At-Risk Customers,0
CUST03889,6,302,609406.6,2,Occasional Customers,0
CUST03890,3,318,622844.22,2,Occasional Customers,0
CUST03891,2,315,690519.71,5,Recent Medium-Value,0
CUST03892,1,338,665844.32,5,Recent Medium-Value,0
CUST03893,8,347,732915.0,6,At-Risk Customers,0
CUST03894,4,301,631351.15,2,Occasional Customers,0
CUST03895,5,346,761655.62,2,Occasional Customers,0
CUST03896,1,1063,2190819.97,0,VIP / Champions,0
CUST03897,2,339,703927.28,5,Recent Medium-Value,0
CUST03898,1,655,1374907.56,7,Recent Loyal Customers,0
CUST03899,1,719,1648722.58,7,Recent Loyal Customers,0
CUST03900,2,714,1519015.56,3,Loyal High-Frequency,0
CUST03901,2,379,742392.83,5,Recent Medium-Value,0
CUST03902,1,1052,2111116.89,0,VIP / Champions,0
CUST03903,1,302,606663.85,5,Recent Medium-Value,0
CUST03904,11,349,709083.4,6,At-Risk Customers,0
CUST03905,1,348,712994.48,5,Recent Medium-Value,0
CUST03906,9,322,742621.71,6,At-Risk Customers,0
CUST03907,1,333,680371.23,5,Recent Medium-Value,0
CUST03908,2,663,1276030.07,3,Loyal High-Frequency,0
CUST03909,13,452,911661.9,6,At-Risk Customers,0
CUST03910,1,1073,2312004.95,0,VIP / Champions,0
CUST03911,1,466,962625.24,1,High-Value Regulars,0
CUST03912,10,301,627597.36,6,At-Risk Customers,0
CUST03913,2,440,936931.76,1,High-Value Regulars,0
CUST03914,4,335,714167.59,2,Occasional Customers,0
CUST03915,1,1078,2334697.18,0,VIP / Champions,0
CUST03916,2,433,889875.61,1,High-Value Regulars,0
CUST03917,11,311,780027.42,6,At-Risk Customers,0
CUST03918,2,417,853968.77,1,High-Value Regulars,0
CUST03919,1,717,1492726.22,7,Recent Loyal Customers,0
CUST03920,1,1081,2190457.26,0,VIP / Champions,0
CUST03921,1,486,959081.29,1,High-Value Regulars,0
CUST03922,2,437,847829.97,1,High-Value Regulars,0
CUST03923,2,473,1029700.78,1,High-Value Regulars,0
CUST03924,6,351,685538.4,2,Occasional Customers,0
CUST03925,1,291,619653.7,5,Recent Medium-Value,0
CUST03926,1,493,1018768.71,1,High-Value Regulars,0
CUST03927,1,735,1470713.49,7,Recent Loyal Customers,0
CUST03928,1,434,957646.91,1,High-Value Regulars,0
CUST03929,2,1091,2303870.08,0,VIP / Champions,0
CUST03930,1,484,1119128.69,1,High-Value Regulars,0
CUST03931,4,446,968908.51,4,Less-Recent Regulars,0
CUST03932,6,295,657799.81,2,Occasional Customers,0
CUST03933,3,489,1071888.89,4,Less-Recent Regulars,0
CUST03934,6,322,763439.43,2,Occasional Customers,0
CUST03935,2,409,836986.49,1,High-Value Regulars,0
CUST03936,5,457,1016332.66,4,Less-Recent Regulars,0
CUST03937,2,448,992174.85,1,High-Value Regulars,0
CUST03938,2,705,1650098.75,3,Loyal High-Frequency,0
CUST03939,1,483,1035260.89,1,High-Value Regulars,0
CUST03940,3,465,1047565.91,4,Less-Recent Regulars,0
CUST03941,2,446,993984.41,1,High-Value Regulars,0
CUST03942,7,317,588009.89,6,At-Risk Customers,0
CUST03943,1,311,683212.88,5,Recent Medium-Value,0
CUST03944,1,316,647322.12,5,Recent Medium-Value,0
CUST03945,2,755,1600881.89,3,Loyal High-Frequency,0
CUST03946,2,325,649767.87,5,Recent Medium-Value,0
CUST03947,1,1109,2452113.85,0,VIP / Champions,0
CUST03948,3,317,610362.87,2,Occasional Customers,0
CUST03949,2,688,1503162.17,3,Loyal High-Frequency,0
CUST03950,8,698,1462706.06,3,Loyal High-Frequency,0
CUST03951,1,324,641964.02,5,Recent Medium-Value,0
CUST03952,8,449,961522.03,4,Less-Recent Regulars,0
CUST03953,1,480,983434.34,1,High-Value Regulars,0
CUST03954,3,352,684452.86,2,Occasional Customers,0
CUST03955,3,327,690293.68,2,Occasional Customers,0
CUST03956,2,721,1556957.17,3,Loyal High-Frequency,0
CUST03957,2,477,1053421.27,1,High-Value Regulars,0
CUST03958,2,1039,2305700.53,0,VIP / Champions,0
CUST03959,4,322,612160.46,2,Occasional Customers,0
CUST03960,3,333,686539.1,2,Occasional Customers,0
CUST03961,1,462,997309.27,1,High-Value Regulars,0
CUST03962,1,484,1020329.95,1,High-Value Regulars,0
CUST03963,11,345,718954.62,6,At-Risk Customers,0
CUST03964,7,313,673151.41,6,At-Risk Customers,0
CUST03965,3,317,664644.12,2,Occasional Customers,0
CUST03966,1,326,755328.89,5,Recent Medium-Value,0
CUST03967,3,316,664900.44,2,Occasional Customers,0
CUST03968,3,320,760852.12,2,Occasional Customers,0
CUST03969,1,341,702224.31,5,Recent Medium-Value,0
CUST03970,2,475,1079532.01,1,High-Value Regulars,0
CUST03971,9,343,718522.91,6,At-Risk Customers,0
CUST03972,2,499,961401.01,1,High-Value Regulars,0
CUST03973,1,633,1371929.46,7,Recent Loyal Customers,0
CUST03974,1,319,744747.21,5,Recent Medium-Value,0
CUST03975,2,295,598470.88,5,Recent Medium-Value,0
CUST03976,4,315,685834.08,2,Occasional Customers,0
CUST03977,1,343,742506.26,5,Recent Medium-Value,0
CUST03978,2,327,779234.15,5,Recent Medium-Value,0
CUST03979,2,1063,2298119.5,0,VIP / Champions,0
CUST03980,6,341,741660.42,2,Occasional Customers,0
CUST03981,3,338,658897.24,2,Occasional Customers,0
CUST03982,8,312,713905.91,6,At-Risk Customers,0
CUST03983,3,341,763851.61,2,Occasional Customers,0
CUST03984,4,319,599733.23,2,Occasional Customers,0
CUST03985,2,713,1399086.62,3,Loyal High-Frequency,0
CUST03986,2,313,713697.01,5,Recent Medium-Value,0
CUST03987,3,461,983717.97,4,Less-Recent Regulars,0
CUST03988,4,341,614275.09,2,Occasional Customers,0
CUST03989,1,679,1480593.07,7,Recent Loyal Customers,0
CUST03990,4,1067,2239843.3,0,VIP / Champions,0
CUST03991,1,317,703898.3,5,Recent Medium-Value,0
CUST03992,5,435,947165.28,4,Less-Recent Regulars,0
CUST03993,1,459,978133.65,1,High-Value Regulars,0
CUST03994,2,296,592200.26,5,Recent Medium-Value,0
CUST03995,5,340,628758.74,2,Occasional Customers,0
CUST03996,1,385,824220.63,5,Recent Medium-Value,0
CUST03997,2,328,656168.06,5,Recent Medium-Value,0
CUST03998,13,323,586917.19,6,At-Risk Customers,0
CUST03999,3,436,874214.45,4,Less-Recent Regulars,0
CUST04000,1,337,688277.36,5,Recent Medium-Value,0
CUST04001,2,502,1092199.4,1,High-Value Regulars,0
CUST04002,5,312,699654.92,2,Occasional Customers,0
CUST04003,4,325,767853.75,2,Occasional Customers,0
CUST04004,3,316,731509.96,2,Occasional Customers,0
CUST04005,4,432,936256.6,4,Less-Recent Regulars,0
CUST04006,6,308,636969.24,2,Occasional Customers,0
CUST04007,1,688,1439912.59,7,Recent Loyal Customers,0
CUST04008,1,455,982064.89,1,High-Value Regulars,0
CUST04009,1,329,636450.34,5,Recent Medium-Value,0
CUST04010,1,325,681347.42,5,Recent Medium-Value,0
CUST04011,1,1065,2152017.7,0,VIP / Champions,0
CUST04012,7,337,718975.07,6,At-Risk Customers,0
CUST04013,2,503,1130208.41,1,High-Value Regulars,0
CUST04014,1,478,1068458.18,1,High-Value Regulars,0
CUST04015,2,534,1091693.51,1,High-Value Regulars,0
CUST04016,2,446,896293.54,1,High-Value Regulars,0
CUST04017,3,332,716918.57,2,Occasional Customers,0
CUST04018,2,441,1033616.67,1,High-Value Regulars,0
CUST04019,1,696,1546510.59,7,Recent Loyal Customers,0
CUST04020,6,684,1403647.3,3,Loyal High-Frequency,0
CUST04021,3,324,717992.09,2,Occasional Customers,0
CUST04022,1,737,1546566.41,7,Recent Loyal Customers,0
CUST04023,1,467,997274.61,1,High-Value Regulars,0
CUST04024,2,486,1105477.43,1,High-Value Regulars,0
CUST04025,1,445,846754.27,1,High-Value Regulars,0
CUST04026,4,480,1089941.85,4,Less-Recent Regulars,0
CUST04027,2,683,1508844.03,3,Loyal High-Frequency,0
CUST04028,5,489,1003790.88,4,Less-Recent Regulars,0
CUST04029,1,718,1556369.86,7,Recent Loyal Customers,0
CUST04030,3,692,1461676.84,3,Loyal High-Frequency,0
CUST04031,4,1029,2211843.08,0,VIP / Champions,0
CUST04032,4,712,1512523.97,3,Loyal High-Frequency,0
CUST04033,1,341,774011.36,5,Recent Medium-Value,0
CUST04034,4,290,615977.13,2,Occasional Customers,0
CUST04035,2,333,733852.97,5,Recent Medium-Value,0
CUST04036,2,433,913845.92,1,High-Value Regulars,0
CUST04037,2,493,956071.22,1,High-Value Regulars,0
CUST04038,2,1088,2461450.9899999998,0,VIP / Champions,0
CUST04039,3,458,941480.04,4,Less-Recent Regulars,0
CUST04040,2,455,883986.43,1,High-Value Regulars,0
CUST04041,2,680,1431391.3,3,Loyal High-Frequency,0
CUST04042,2,716,1502733.89,3,Loyal High-Frequency,0
CUST04043,3,329,763214.63,2,Occasional Customers,0
CUST04044,1,438,919758.51,1,High-Value Regulars,0
CUST04045,1,1118,2352034.02,0,VIP / Champions,0
CUST04046,1,690,1389994.02,7,Recent Loyal Customers,0
CUST04047,2,350,692630.02,5,Recent Medium-Value,0
CUST04048,1,350,720600.31,5,Recent Medium-Value,0
CUST04049,1,670,1408843.11,7,Recent Loyal Customers,0
CUST04050,1,652,1449453.72,7,Recent Loyal Customers,0
CUST04051,1,714,1327817.8,7,Recent Loyal Customers,0
CUST04052,3,313,630420.78,2,Occasional Customers,0
CUST04053,1,705,1536209.97,7,Recent Loyal Customers,0
CUST04054,1,1039,2234938.97,0,VIP / Champions,0
CUST04055,2,456,1001116.53,1,High-Value Regulars,0
CUST04056,1,505,1265893.63,1,High-Value Regulars,0
CUST04057,6,312,650109.35,2,Occasional Customers,0
CUST04058,2,327,725938.06,5,Recent Medium-Value,0
CUST04059,8,333,714037.7,6,At-Risk Customers,0
CUST04060,3,292,643702.42,2,Occasional Customers,0
CUST04061,4,362,774776.67,2,Occasional Customers,0
CUST04062,1,473,1007959.73,1,High-Value Regulars,0
CUST04063,2,338,667010.52,5,Recent Medium-Value,0
CUST04064,1,1103,2356791.26,0,VIP / Champions,0
CUST04065,2,1045,2246279.45,0,VIP / Champions,0
CUST04066,2,346,748205.88,5,Recent Medium-Value,0
CUST04067,1,1078,2201885.77,0,VIP / Champions,0
CUST04068,1,464,957752.37,1,High-Value Regulars,0
CUST04069,1,696,1444853.17,7,Recent Loyal Customers,0
CUST04070,6,474,1063611.98,4,Less-Recent Regulars,0
CUST04071,2,345,725116.74,5,Recent Medium-Value,0
CUST04072,2,691,1542913.41,3,Loyal High-Frequency,0
CUST04073,2,460,984115.11,1,High-Value Regulars,0
CUST04074,1,711,1490855.02,7,Recent Loyal Customers,0
CUST04075,1,683,1427350.0,7,Recent Loyal Customers,0
CUST04076,3,672,1446695.8,3,Loyal High-Frequency,0
CUST04077,1,443,907335.56,1,High-Value Regulars,0
CUST04078,2,699,1429205.36,3,Loyal High-Frequency,0
CUST04079,4,704,1468047.44,3,Loyal High-Frequency,0
CUST04080,1,694,1527509.52,7,Recent Loyal Customers,0
CUST04081,2,323,644992.24,5,Recent Medium-Value,0
CUST04082,4,1104,2234238.12,0,VIP / Champions,0
CUST04083,1,707,1528163.92,7,Recent Loyal Customers,0
CUST04084,2,455,884340.52,1,High-Value Regulars,0
CUST04085,1,1093,2221602.64,0,VIP / Champions,0
CUST04086,7,462,936628.69,4,Less-Recent Regulars,0
CUST04087,2,486,1046860.16,1,High-Value Regulars,0
CUST04088,1,715,1371104.96,7,Recent Loyal Customers,0
CUST04089,4,326,681150.39,2,Occasional Customers,0
CUST04090,1,707,1429383.93,7,Recent Loyal Customers,0
CUST04091,1,693,1411308.99,7,Recent Loyal Customers,0
CUST04092,1,663,1455895.68,7,Recent Loyal Customers,0
CUST04093,1,492,1101372.26,1,High-Value Regulars,0
CUST04094,1,353,722758.66,5,Recent Medium-Value,0
CUST04095,1,709,1386389.29,7,Recent Loyal Customers,0
CUST04096,6,352,789982.73,2,Occasional Customers,0
CUST04097,1,474,984337.86,1,High-Value Regulars,0
CUST04098,1,693,1441910.94,7,Recent Loyal Customers,0
CUST04099,1,670,1529931.24,7,Recent Loyal Customers,0
CUST04100,1,344,620480.27,5,Recent Medium-Value,0
CUST04101,1,699,1492057.82,7,Recent Loyal Customers,0
CUST04102,3,431,932947.19,4,Less-Recent Regulars,0
CUST04103,5,480,999960.53,4,Less-Recent Regulars,0
CUST04104,2,441,953435.97,1,High-Value Regulars,0
CUST04105,6,333,688630.96,2,Occasional Customers,0
CUST04106,5,699,1377766.88,3,Loyal High-Frequency,0
CUST04107,1,343,650757.11,5,Recent Medium-Value,0
CUST04108,1,1045,2301511.7,0,VIP / Champions,0
CUST04109,1,308,674073.01,5,Recent Medium-Value,0
CUST04110,1,1058,2281681.51,0,VIP / Champions,0
CUST04111,1,347,664743.67,5,Recent Medium-Value,0
CUST04112,1,502,1094047.0,1,High-Value Regulars,0
CUST04113,1,425,868509.95,1,High-Value Regulars,0
CUST04114,2,462,1050224.0,1,High-Value Regulars,0
CUST04115,1,701,1427568.67,7,Recent Loyal Customers,0
CUST04116,1,454,1023175.92,1,High-Value Regulars,0
CUST04117,4,322,711619.5599999999,2,Occasional Customers,0
CUST04118,2,715,1492550.52,3,Loyal High-Frequency,0
CUST04119,4,515,1047280.94,4,Less-Recent Regulars,0
CUST04120,1,504,1142709.16,1,High-Value Regulars,0
CUST04121,3,701,1372667.16,3,Loyal High-Frequency,0
CUST04122,2,478,1010591.75,1,High-Value Regulars,0
CUST04123,2,352,662887.02,5,Recent Medium-Value,0
CUST04124,3,668,1445033.61,3,Loyal High-Frequency,0
CUST04125,4,469,937670.68,4,Less-Recent Regulars,0
CUST04126,3,334,638352.28,2,Occasional Customers,0
CUST04127,2,325,691100.37,5,Recent Medium-Value,0
CUST04128,1,343,667276.9,5,Recent Medium-Value,0
CUST04129,2,711,1501942.14,3,Loyal High-Frequency,0
CUST04130,1,443,969904.36,1,High-Value Regulars,0
CUST04131,6,373,740990.12,2,Occasional Customers,0
CUST04132,2,733,1502277.61,3,Loyal High-Frequency,0
CUST04133,3,481,998202.93,4,Less-Recent Regulars,0
CUST04134,1,469,1097669.1300000001,1,High-Value Regulars,0
CUST04135,2,733,1560000.15,3,Loyal High-Frequency,0
CUST04136,4,722,1495333.84,3,Loyal High-Frequency,0
CUST04137,3,489,1096648.78,4,Less-Recent Regulars,0
CUST04138,4,709,1470986.63,3,Loyal High-Frequency,0
CUST04139,3,324,617887.17,2,Occasional Customers,0
CUST04140,9,508,1054160.64,4,Less-Recent Regulars,0
CUST04141,3,331,645595.21,2,Occasional Customers,0
CUST04142,6,304,679624.09,2,Occasional Customers,0
CUST04143,5,466,1015203.88,4,Less-Recent Regulars,0
CUST04144,4,316,616293.97,2,Occasional Customers,0
CUST04145,1,311,666166.94,5,Recent Medium-Value,0
CUST04146,1,1040,2141673.09,0,VIP / Champions,0
CUST04147,3,333,653200.05,2,Occasional Customers,0
CUST04148,4,669,1422649.5,3,Loyal High-Frequency,0
CUST04149,1,663,1413211.73,7,Recent Loyal Customers,0
CUST04150,2,302,637946.47,5,Recent Medium-Value,0
CUST04151,1,338,798376.22,5,Recent Medium-Value,0
CUST04152,1,492,938317.17,1,High-Value Regulars,0
CUST04153,7,346,690774.12,6,At-Risk Customers,0
CUST04154,2,735,1546752.85,3,Loyal High-Frequency,0
CUST04155,2,302,730705.97,5,Recent Medium-Value,0
CUST04156,2,313,635926.75,5,Recent Medium-Value,0
CUST04157,2,409,869931.71,1,High-Value Regulars,0
CUST04158,1,290,605387.24,5,Recent Medium-Value,0
CUST04159,7,319,634638.8,6,At-Risk Customers,0
CUST04160,4,472,1066507.42,4,Less-Recent Regulars,0
CUST04161,4,484,1085369.39,4,Less-Recent Regulars,0
CUST04162,1,749,1538188.97,7,Recent Loyal Customers,0
CUST04163,1,487,1057139.32,1,High-Value Regulars,0
CUST04164,10,680,1519803.73,4,Less-Recent Regulars,0
CUST04165,1,678,1394334.79,7,Recent Loyal Customers,0
CUST04166,1,1082,2250955.5,0,VIP / Champions,0
CUST04167,4,338,754202.74,2,Occasional Customers,0
CUST04168,4,467,1037126.33,4,Less-Recent Regulars,0
CUST04169,1,749,1576629.11,7,Recent Loyal Customers,0
CUST04170,2,688,1369609.13,3,Loyal High-Frequency,0
CUST04171,1,738,1463470.3699999999,7,Recent Loyal Customers,0
CUST04172,1,512,1046459.97,1,High-Value Regulars,0
CUST04173,3,440,924723.64,4,Less-Recent Regulars,0
CUST04174,3,312,686557.83,2,Occasional Customers,0
CUST04175,4,348,697996.88,2,Occasional Customers,0
CUST04176,1,452,933010.69,1,High-Value Regulars,0
CUST04177,6,309,645555.15,2,Occasional Customers,0
CUST04178,2,324,631504.85,5,Recent Medium-Value,0
CUST04179,6,286,611882.37,2,Occasional Customers,0
CUST04180,4,702,1466977.06,3,Loyal High-Frequency,0
CUST04181,2,676,1398021.52,3,Loyal High-Frequency,0
CUST04182,3,470,949591.82,4,Less-Recent Regulars,0
CUST04183,1,684,1402804.91,7,Recent Loyal Customers,0
CUST04184,1,1083,2397108.33,0,VIP / Champions,0
CUST04185,1,335,702419.73,5,Recent Medium-Value,0
CUST04186,3,640,1289729.15,3,Loyal High-Frequency,0
CUST04187,2,346,702174.9400000001,5,Recent Medium-Value,0
CUST04188,11,346,706493.18,6,At-Risk Customers,0
CUST04189,3,485,984093.54,4,Less-Recent Regulars,0
CUST04190,4,468,1048282.05,4,Less-Recent Regulars,0
CUST04191,1,456,1017399.25,1,High-Value Regulars,0
CUST04192,1,324,746358.57,5,Recent Medium-Value,0
CUST04193,1,452,982170.37,1,High-Value Regulars,0
CUST04194,1,694,1398647.84,7,Recent Loyal Customers,0
CUST04195,2,685,1459103.7,3,Loyal High-Frequency,0
CUST04196,1,331,700675.68,5,Recent Medium-Value,0
CUST04197,3,1095,2257698.45,0,VIP / Champions,0
CUST04198,8,337,667794.62,6,At-Risk Customers,0
CUST04199,4,681,1372758.17,3,Loyal High-Frequency,0
CUST04200,2,320,634663.24,5,Recent Medium-Value,0
CUST04201,1,1108,2329758.21,0,VIP / Champions,0
CUST04202,1,340,772698.35,5,Recent Medium-Value,0
CUST04203,2,463,850239.91,1,High-Value Regulars,0
CUST04204,2,709,1457746.92,3,Loyal High-Frequency,0
CUST04205,2,447,898954.28,1,High-Value Regulars,0
CUST04206,5,441,874362.08,4,Less-Recent Regulars,0
CUST04207,2,444,928766.75,1,High-Value Regulars,0
CUST04208,4,470,1027516.44,4,Less-Recent Regulars,0
CUST04209,12,280,510076.63,6,At-Risk Customers,0
CUST04210,3,481,983733.38,4,Less-Recent Regulars,0
CUST04211,9,441,895920.09,6,At-Risk Customers,0
CUST04212,8,345,751757.46,6,At-Risk Customers,0
CUST04213,4,317,637905.57,2,Occasional Customers,0
CUST04214,4,355,777103.72,2,Occasional Customers,0
CUST04215,1,449,899769.8,1,High-Value Regulars,0
CUST04216,11,314,692061.8099999999,6,At-Risk Customers,0
CUST04217,5,321,698922.16,2,Occasional Customers,0
CUST04218,2,465,864859.3099999999,1,High-Value Regulars,0
CUST04219,1,697,1470807.23,7,Recent Loyal Customers,0
CUST04220,2,324,763292.7,5,Recent Medium-Value,0
CUST04221,2,326,709347.33,5,Recent Medium-Value,0
CUST04222,7,482,959061.71,4,Less-Recent Regulars,0
CUST04223,2,335,763357.02,5,Recent Medium-Value,0
CUST04224,1,1091,2268218.45,0,VIP / Champions,0
CUST04225,2,716,1426949.54,3,Loyal High-Frequency,0
CUST04226,1,298,606386.67,5,Recent Medium-Value,0
CUST04227,2,306,675891.98,5,Recent Medium-Value,0
CUST04228,1,320,730303.03,5,Recent Medium-Value,0
CUST04229,1,717,1606449.31,7,Recent Loyal Customers,0
CUST04230,2,513,1040551.98,1,High-Value Regulars,0
CUST04231,1,296,635067.82,5,Recent Medium-Value,0
CUST04232,2,451,957857.17,1,High-Value Regulars,0
CUST04233,3,446,1036064.7,4,Less-Recent Regulars,0
CUST04234,2,328,766074.15,5,Recent Medium-Value,0
CUST04235,2,364,768907.2,5,Recent Medium-Value,0
CUST04236,1,467,1031626.8,1,High-Value Regulars,0
CUST04237,2,460,965639.0,1,High-Value Regulars,0
CUST04238,1,492,1054224.0,1,High-Value Regulars,0
CUST04239,3,1017,2066957.53,0,VIP / Champions,0
CUST04240,5,333,672251.07,2,Occasional Customers,0
CUST04241,1,497,1075179.08,1,High-Value Regulars,0
CUST04242,1,446,993099.72,1,High-Value Regulars,0
CUST04243,5,430,947739.02,4,Less-Recent Regulars,0
CUST04244,1,790,1698785.49,7,Recent Loyal Customers,0
CUST04245,3,305,612314.34,2,Occasional Customers,0
CUST04246,2,707,1507041.73,3,Loyal High-Frequency,0
CUST04247,2,354,753050.98,5,Recent Medium-Value,0
CUST04248,1,325,664212.45,5,Recent Medium-Value,0
CUST04249,1,644,1298696.52,7,Recent Loyal Customers,0
CUST04250,8,283,621182.78,6,At-Risk Customers,0
CUST04251,3,700,1587041.59,3,Loyal High-Frequency,0
CUST04252,2,673,1470672.32,3,Loyal High-Frequency,0
CUST04253,1,425,799009.16,1,High-Value Regulars,0
CUST04254,9,310,675370.27,6,At-Risk Customers,0
CUST04255,3,433,859932.35,4,Less-Recent Regulars,0
CUST04256,3,702,1550780.47,3,Loyal High-Frequency,0
CUST04257,6,317,694174.92,2,Occasional Customers,0
CUST04258,1,455,903413.8099999999,1,High-Value Regulars,0
CUST04259,12,331,620879.37,6,At-Risk Customers,0
CUST04260,3,347,843137.46,2,Occasional Customers,0
CUST04261,1,449,1005482.83,1,High-Value Regulars,0
CUST04262,8,323,588452.7,6,At-Risk Customers,0
CUST04263,3,711,1495865.41,3,Loyal High-Frequency,0
CUST04264,1,512,1044443.51,1,High-Value Regulars,0
CUST04265,2,726,1491700.81,3,Loyal High-Frequency,0
CUST04266,3,521,1203170.56,4,Less-Recent Regulars,0
CUST04267,1,1054,2294265.02,0,VIP / Champions,0
CUST04268,1,326,672828.59,5,Recent Medium-Value,0
CUST04269,1,658,1288023.06,7,Recent Loyal Customers,0
CUST04270,1,345,727536.49,5,Recent Medium-Value,0
CUST04271,3,703,1444162.35,3,Loyal High-Frequency,0
CUST04272,2,733,1405151.63,3,Loyal High-Frequency,0
CUST04273,1,628,1348598.99,7,Recent Loyal Customers,0
CUST04274,1,358,713438.46,5,Recent Medium-Value,0
CUST04275,3,304,638527.26,2,Occasional Customers,0
CUST04276,3,633,1329298.76,3,Loyal High-Frequency,0
CUST04277,2,493,972472.5,1,High-Value Regulars,0
CUST04278,1,462,968344.86,1,High-Value Regulars,0
CUST04279,3,449,878354.26,4,Less-Recent Regulars,0
CUST04280,1,344,742892.37,5,Recent Medium-Value,0
CUST04281,2,446,1014971.88,1,High-Value Regulars,0
CUST04282,7,468,928642.61,4,Less-Recent Regulars,0
CUST04283,1,1039,2248320.88,0,VIP / Champions,0
CUST04284,2,442,958125.83,1,High-Value Regulars,0
CUST04285,2,992,2113340.23,0,VIP / Champions,0
CUST04286,8,289,615639.52,6,At-Risk Customers,0
CUST04287,3,466,999927.42,4,Less-Recent Regulars,0
CUST04288,1,675,1346827.42,7,Recent Loyal Customers,0
CUST04289,2,478,1000081.07,1,High-Value Regulars,0
CUST04290,1,452,1085980.19,1,High-Value Regulars,0
CUST04291,2,297,603847.69,5,Recent Medium-Value,0
CUST04292,3,336,720047.1,2,Occasional Customers,0
CUST04293,1,489,939398.01,1,High-Value Regulars,0
CUST04294,2,480,1164415.45,1,High-Value Regulars,0
CUST04295,3,791,1736972.11,3,Loyal High-Frequency,0
CUST04296,1,663,1450960.53,7,Recent Loyal Customers,0
CUST04297,1,493,998443.28,1,High-Value Regulars,0
CUST04298,5,485,954458.24,4,Less-Recent Regulars,0
CUST04299,7,460,976840.36,4,Less-Recent Regulars,0
CUST04300,4,471,990109.94,4,Less-Recent Regulars,0
CUST04301,5,479,967160.78,4,Less-Recent Regulars,0
CUST04302,1,459,958374.51,1,High-Value Regulars,0
CUST04303,5,326,675042.06,2,Occasional Customers,0
CUST04304,2,1031,2048075.66,0,VIP / Champions,0
CUST04305,1,358,753513.07,5,Recent Medium-Value,0
CUST04306,6,370,750835.24,2,Occasional Customers,0
CUST04307,1,1159,2542046.27,0,VIP / Champions,0
CUST04308,3,478,1005990.4,4,Less-Recent Regulars,0
CUST04309,3,727,1541169.01,3,Loyal High-Frequency,0
CUST04310,1,330,718214.71,5,Recent Medium-Value,0
CUST04311,2,479,934646.62,1,High-Value Regulars,0
CUST04312,1,685,1303532.7,7,Recent Loyal Customers,0
CUST04313,7,473,968525.8,4,Less-Recent Regulars,0
CUST04314,3,1071,2348101.37,0,VIP / Champions,0
CUST04315,3,439,965635.14,4,Less-Recent Regulars,0
CUST04316,5,468,964856.87,4,Less-Recent Regulars,0
CUST04317,1,696,1422409.83,7,Recent Loyal Customers,0
CUST04318,1,473,1045041.29,1,High-Value Regulars,0
CUST04319,8,323,661741.29,6,At-Risk Customers,0
CUST04320,4,313,697417.67,2,Occasional Customers,0
CUST04321,1,311,656819.48,5,Recent Medium-Value,0
CUST04322,2,476,1008456.68,1,High-Value Regulars,0
CUST04323,2,1071,2286104.61,0,VIP / Champions,0
CUST04324,1,699,1461366.52,7,Recent Loyal Customers,0
CUST04325,1,440,942030.11,1,High-Value Regulars,0
CUST04326,3,325,667821.4,2,Occasional Customers,0
CUST04327,1,673,1440015.85,7,Recent Loyal Customers,0
CUST04328,1,425,898269.83,1,High-Value Regulars,0
CUST04329,1,669,1360588.72,7,Recent Loyal Customers,0
CUST04330,3,329,693311.05,2,Occasional Customers,0
CUST04331,1,477,1018542.09,1,High-Value Regulars,0
CUST04332,1,442,949980.98,1,High-Value Regulars,0
CUST04333,2,335,683975.69,5,Recent Medium-Value,0
CUST04334,1,451,928640.84,1,High-Value Regulars,0
CUST04335,4,311,667327.13,2,Occasional Customers,0
CUST04336,1,333,732360.13,5,Recent Medium-Value,0
CUST04337,5,298,608676.94,2,Occasional Customers,0
CUST04338,3,461,1008526.02,4,Less-Recent Regulars,0
CUST04339,6,344,746691.22,2,Occasional Customers,0
CUST04340,3,331,682902.02,2,Occasional Customers,0
CUST04341,2,464,955529.46,1,High-Value Regulars,0
CUST04342,1,474,950594.47,1,High-Value Regulars,0
CUST04343,2,463,1069176.47,1,High-Value Regulars,0
CUST04344,2,732,1555627.48,3,Loyal High-Frequency,0
CUST04345,5,344,634125.94,2,Occasional Customers,0
CUST04346,2,319,717362.96,5,Recent Medium-Value,0
CUST04347,3,437,856894.4400000001,4,Less-Recent Regulars,0
CUST04348,18,336,682915.16,6,At-Risk Customers,0
CUST04349,4,447,913003.7,4,Less-Recent Regulars,0
CUST04350,1,670,1378294.78,7,Recent Loyal Customers,0
CUST04351,2,349,719807.99,5,Recent Medium-Value,0
CUST04352,1,300,689159.37,5,Recent Medium-Value,0
CUST04353,1,722,1402890.8,7,Recent Loyal Customers,0
CUST04354,3,457,1049024.46,4,Less-Recent Regulars,0
CUST04355,1,1081,2421911.06,0,VIP / Champions,0
CUST04356,1,310,693891.59,5,Recent Medium-Value,0
CUST04357,1,706,1529795.56,7,Recent Loyal Customers,0
CUST04358,1,717,1606450.24,7,Recent Loyal Customers,0
CUST04359,5,1096,2330325.82,0,VIP / Champions,0
CUST04360,1,324,713169.75,5,Recent Medium-Value,0
CUST04361,3,486,1070851.84,4,Less-Recent Regulars,0
CUST04362,4,449,873386.0599999999,4,Less-Recent Regulars,0
CUST04363,2,488,1012362.56,1,High-Value Regulars,0
CUST04364,2,324,656250.54,5,Recent Medium-Value,0
CUST04365,5,460,915882.09,4,Less-Recent Regulars,0
CUST04366,1,308,693650.55,5,Recent Medium-Value,0
CUST04367,1,354,756103.55,5,Recent Medium-Value,0
CUST04368,1,755,1614382.4,7,Recent Loyal Customers,0
CUST04369,1,458,1018269.88,1,High-Value Regulars,0
CUST04370,3,742,1558192.13,3,Loyal High-Frequency,0
CUST04371,7,320,726211.72,6,At-Risk Customers,0
CUST04372,1,669,1508911.56,7,Recent Loyal Customers,0
CUST04373,2,315,645409.99,5,Recent Medium-Value,0
CUST04374,1,337,725568.36,5,Recent Medium-Value,0
CUST04375,1,697,1327635.94,7,Recent Loyal Customers,0
CUST04376,1,345,671452.26,5,Recent Medium-Value,0
CUST04377,4,333,719371.1,2,Occasional Customers,0
CUST04378,1,1031,2187542.39,0,VIP / Champions,0
CUST04379,7,324,709204.2,6,At-Risk Customers,0
CUST04380,1,1074,2140719.89,0,VIP / Champions,0
CUST04381,4,294,621614.71,2,Occasional Customers,0
CUST04382,2,298,559965.54,5,Recent Medium-Value,0
CUST04383,1,455,962060.63,1,High-Value Regulars,0
CUST04384,2,328,720102.24,5,Recent Medium-Value,0
CUST04385,2,713,1471373.04,3,Loyal High-Frequency,0
CUST04386,1,1079,2227540.5,0,VIP / Champions,0
CUST04387,2,307,663260.07,5,Recent Medium-Value,0
CUST04388,1,462,993289.1,1,High-Value Regulars,0
CUST04389,1,329,762675.25,5,Recent Medium-Value,0
CUST04390,5,445,814952.44,4,Less-Recent Regulars,0
CUST04391,1,508,1141664.69,1,High-Value Regulars,0
CUST04392,12,488,1134321.27,6,At-Risk Customers,0
CUST04393,1,333,667935.76,5,Recent Medium-Value,0
CUST04394,2,510,1116952.71,1,High-Value Regulars,0
CUST04395,7,446,921142.77,4,Less-Recent Regulars,0
CUST04396,1,319,770168.92,5,Recent Medium-Value,0
CUST04397,1,491,996892.33,1,High-Value Regulars,0
CUST04398,2,347,784761.92,5,Recent Medium-Value,0
CUST04399,2,331,664098.37,5,Recent Medium-Value,0
CUST04400,2,350,823023.98,5,Recent Medium-Value,0
CUST04401,3,343,774777.53,2,Occasional Customers,0
CUST04402,5,330,662181.08,2,Occasional Customers,0
CUST04403,5,335,680125.3099999999,2,Occasional Customers,0
CUST04404,1,716,1485828.4,7,Recent Loyal Customers,0
CUST04405,2,350,781146.11,5,Recent Medium-Value,0
CUST04406,1,306,657042.61,5,Recent Medium-Value,0
CUST04407,1,467,899761.0,1,High-Value Regulars,0
CUST04408,1,708,1620200.13,7,Recent Loyal Customers,0
CUST04409,3,321,631766.53,2,Occasional Customers,0
CUST04410,1,702,1460072.81,7,Recent Loyal Customers,0
CUST04411,4,319,607692.17,2,Occasional Customers,0
CUST04412,3,479,1050230.08,4,Less-Recent Regulars,0
CUST04413,1,682,1447018.31,7,Recent Loyal Customers,0
CUST04414,4,471,960810.88,4,Less-Recent Regulars,0
CUST04415,8,1036,2203931.61,3,Loyal High-Frequency,0
CUST04416,1,682,1509789.31,7,Recent Loyal Customers,0
CUST04417,1,316,728700.28,5,Recent Medium-Value,0
CUST04418,5,316,616318.29,2,Occasional Customers,0
CUST04419,1,712,1525410.33,7,Recent Loyal Customers,0
CUST04420,1,704,1470142.68,7,Recent Loyal Customers,0
CUST04421,1,469,1019813.21,1,High-Value Regulars,0
CUST04422,14,316,658804.36,6,At-Risk Customers,0
CUST04423,6,453,985206.54,4,Less-Recent Regulars,0
CUST04424,10,307,724848.64,6,At-Risk Customers,0
CUST04425,2,469,935925.47,1,High-Value Regulars,0
CUST04426,2,1094,2231741.66,0,VIP / Champions,0
CUST04427,4,339,665463.94,2,Occasional Customers,0
CUST04428,9,427,881517.44,6,At-Risk Customers,0
CUST04429,4,323,735350.1900000001,2,Occasional Customers,0
CUST04430,5,730,1469569.13,3,Loyal High-Frequency,0
CUST04431,2,470,992161.16,1,High-Value Regulars,0
CUST04432,2,339,722130.03,5,Recent Medium-Value,0
CUST04433,7,426,904482.22,4,Less-Recent Regulars,0
CUST04434,6,707,1438371.43,3,Loyal High-Frequency,0
CUST04435,3,706,1488045.81,3,Loyal High-Frequency,0
CUST04436,9,325,708669.14,6,At-Risk Customers,0
CUST04437,6,511,1176353.15,4,Less-Recent Regulars,0
CUST04438,2,357,847584.47,5,Recent Medium-Value,0
CUST04439,2,458,890820.76,1,High-Value Regulars,0
CUST04440,3,465,1041489.77,4,Less-Recent Regulars,0
CUST04441,1,354,747695.6,5,Recent Medium-Value,0
CUST04442,1,329,655771.69,5,Recent Medium-Value,0
CUST04443,2,329,605090.98,5,Recent Medium-Value,0
CUST04444,1,453,953108.1,1,High-Value Regulars,0
CUST04445,2,733,1579836.32,3,Loyal High-Frequency,0
CUST04446,5,1082,2467501.26,0,VIP / Champions,0
CUST04447,1,1098,2529399.46,0,VIP / Champions,0
CUST04448,2,690,1419501.26,3,Loyal High-Frequency,0
CUST04449,2,483,1083068.07,1,High-Value Regulars,0
CUST04450,1,668,1427558.26,7,Recent Loyal Customers,0
CUST04451,1,346,787448.76,5,Recent Medium-Value,0
CUST04452,3,470,1008677.78,4,Less-Recent Regulars,0
CUST04453,3,1049,2310325.93,0,VIP / Champions,0
CUST04454,1,455,1036027.13,1,High-Value Regulars,0
CUST04455,3,477,1157367.39,4,Less-Recent Regulars,0
CUST04456,5,466,1064929.35,4,Less-Recent Regulars,0
CUST04457,6,689,1397927.49,3,Loyal High-Frequency,0
CUST04458,2,346,773388.12,5,Recent Medium-Value,0
CUST04459,8,346,614969.42,6,At-Risk Customers,0
CUST04460,2,1094,2446127.43,0,VIP / Champions,0
CUST04461,3,1078,2377162.69,0,VIP / Champions,0
CUST04462,1,460,1052188.91,1,High-Value Regulars,0
CUST04463,3,292,588315.03,2,Occasional Customers,0
CUST04464,6,712,1564142.32,3,Loyal High-Frequency,0
CUST04465,1,667,1398983.65,7,Recent Loyal Customers,0
CUST04466,4,320,671383.33,2,Occasional Customers,0
CUST04467,2,700,1377101.94,3,Loyal High-Frequency,0
CUST04468,1,1121,2362740.36,0,VIP / Champions,0
CUST04469,2,450,991695.55,1,High-Value Regulars,0
CUST04470,1,361,772356.7,5,Recent Medium-Value,0
CUST04471,3,696,1429032.5,3,Loyal High-Frequency,0
CUST04472,4,461,894163.74,4,Less-Recent Regulars,0
CUST04473,4,677,1534307.93,3,Loyal High-Frequency,0
CUST04474,1,441,949424.4,1,High-Value Regulars,0
CUST04475,8,502,1006073.79,4,Less-Recent Regulars,0
CUST04476,1,1049,2158324.61,0,VIP / Champions,0
CUST04477,4,471,958824.11,4,Less-Recent Regulars,0
CUST04478,1,467,997867.78,1,High-Value Regulars,0
CUST04479,4,505,928820.06,4,Less-Recent Regulars,0
CUST04480,1,728,1551058.5,7,Recent Loyal Customers,0
CUST04481,1,465,997871.52,1,High-Value Regulars,0
CUST04482,4,344,795091.8,2,Occasional Customers,0
CUST04483,3,305,639409.77,2,Occasional Customers,0
CUST04484,1,432,851254.34,1,High-Value Regulars,0
CUST04485,1,306,598370.79,5,Recent Medium-Value,0
CUST04486,5,684,1401816.27,3,Loyal High-Frequency,0
CUST04487,5,716,1565631.71,3,Loyal High-Frequency,0
CUST04488,1,696,1470626.2,7,Recent Loyal Customers,0
CUST04489,1,457,943993.8,1,High-Value Regulars,0
CUST04490,2,286,617081.49,5,Recent Medium-Value,0
CUST04491,1,719,1472012.63,7,Recent Loyal Customers,0
CUST04492,1,374,828234.27,5,Recent Medium-Value,0
CUST04493,3,454,1076822.19,4,Less-Recent Regulars,0
CUST04494,1,304,587172.66,5,Recent Medium-Value,0
CUST04495,1,1089,2239980.98,0,VIP / Champions,0
CUST04496,1,672,1444847.02,7,Recent Loyal Customers,0
CUST04497,4,1044,2250300.32,0,VIP / Champions,0
CUST04498,6,1030,2185715.67,3,Loyal High-Frequency,0
CUST04499,3,352,799070.62,2,Occasional Customers,0
CUST04500,1,643,1318300.96,7,Recent Loyal Customers,0
CUST04501,2,450,928456.73,1,High-Value Regulars,0
CUST04502,1,490,994237.55,1,High-Value Regulars,0
CUST04503,3,471,1043536.49,4,Less-Recent Regulars,0
CUST04504,5,336,669206.31,2,Occasional Customers,0
CUST04505,1,440,901816.77,1,High-Value Regulars,0
CUST04506,2,487,1017990.68,1,High-Value Regulars,0
CUST04507,5,317,692741.12,2,Occasional Customers,0
CUST04508,3,451,1000470.17,4,Less-Recent Regulars,0
CUST04509,8,325,719100.0,6,At-Risk Customers,0
CUST04510,2,684,1393523.7,3,Loyal High-Frequency,0
CUST04511,2,307,650629.96,5,Recent Medium-Value,0
CUST04512,1,462,899800.14,1,High-Value Regulars,0
CUST04513,3,318,572247.5599999999,2,Occasional Customers,0
CUST04514,1,736,1524876.46,7,Recent Loyal Customers,0
CUST04515,2,701,1439601.95,3,Loyal High-Frequency,0
CUST04516,6,314,716070.54,2,Occasional Customers,0
CUST04517,4,360,748009.97,2,Occasional Customers,0
CUST04518,2,476,970483.28,1,High-Value Regulars,0
CUST04519,2,1101,2282682.42,0,VIP / Champions,0
CUST04520,4,471,1005482.92,4,Less-Recent Regulars,0
CUST04521,5,704,1537730.01,3,Loyal High-Frequency,0
CUST04522,1,660,1373517.7,7,Recent Loyal Customers,0
CUST04523,2,704,1632313.48,3,Loyal High-Frequency,0
CUST04524,1,330,675692.71,5,Recent Medium-Value,0
CUST04525,2,310,630691.44,5,Recent Medium-Value,0
CUST04526,4,472,1039959.21,4,Less-Recent Regulars,0
CUST04527,3,481,1023577.82,4,Less-Recent Regulars,0
CUST04528,1,459,988894.64,1,High-Value Regulars,0
CUST04529,5,320,623666.02,2,Occasional Customers,0
CUST04530,1,367,733284.09,5,Recent Medium-Value,0
CUST04531,2,705,1575204.23,3,Loyal High-Frequency,0
CUST04532,2,310,598616.32,5,Recent Medium-Value,0
CUST04533,1,334,727019.71,5,Recent Medium-Value,0
CUST04534,3,286,614767.17,2,Occasional Customers,0
CUST04535,7,497,978216.52,4,Less-Recent Regulars,0
CUST04536,3,481,1106693.13,4,Less-Recent Regulars,0
CUST04537,2,474,947360.04,1,High-Value Regulars,0
CUST04538,5,431,928255.12,4,Less-Recent Regulars,0
CUST04539,1,510,1091194.75,1,High-Value Regulars,0
CUST04540,13,349,723711.6,6,At-Risk Customers,0
CUST04541,1,454,993305.54,1,High-Value Regulars,0
CUST04542,1,700,1418663.28,7,Recent Loyal Customers,0
CUST04543,5,339,742556.13,2,Occasional Customers,0
CUST04544,3,339,739294.01,2,Occasional Customers,0
CUST04545,6,328,722653.21,2,Occasional Customers,0
CUST04546,1,312,695707.34,5,Recent Medium-Value,0
CUST04547,1,295,568876.47,5,Recent Medium-Value,0
CUST04548,1,1068,2276109.12,0,VIP / Champions,0
CUST04549,5,306,774534.09,2,Occasional Customers,0
CUST04550,1,759,1687521.79,7,Recent Loyal Customers,0
CUST04551,1,342,722518.48,5,Recent Medium-Value,0
CUST04552,1,315,634430.37,5,Recent Medium-Value,0
CUST04553,2,475,977803.84,1,High-Value Regulars,0
CUST04554,1,336,647940.25,5,Recent Medium-Value,0
CUST04555,1,1067,2312161.9,0,VIP / Champions,0
CUST04556,1,476,1020280.31,1,High-Value Regulars,0
CUST04557,2,668,1410638.09,3,Loyal High-Frequency,0
CUST04558,2,351,787655.73,5,Recent Medium-Value,0
CUST04559,5,345,669048.72,2,Occasional Customers,0
CUST04560,1,719,1591107.72,7,Recent Loyal Customers,0
CUST04561,5,341,696113.66,2,Occasional Customers,0
CUST04562,1,366,789046.71,5,Recent Medium-Value,0
CUST04563,2,738,1561790.11,3,Loyal High-Frequency,0
CUST04564,2,340,650143.69,5,Recent Medium-Value,0
CUST04565,1,443,982419.3,1,High-Value Regulars,0
CUST04566,1,1065,2410199.94,0,VIP / Champions,0
CUST04567,2,452,948671.5,1,High-Value Regulars,0
CUST04568,2,327,638367.46,5,Recent Medium-Value,0
CUST04569,1,1055,2135071.58,0,VIP / Champions,0
CUST04570,3,1036,2096316.36,0,VIP / Champions,0
CUST04571,3,467,980287.55,4,Less-Recent Regulars,0
CUST04572,3,723,1475455.35,3,Loyal High-Frequency,0
CUST04573,1,663,1382719.3,7,Recent Loyal Customers,0
CUST04574,7,495,1045025.02,4,Less-Recent Regulars,0
CUST04575,6,336,628972.55,2,Occasional Customers,0
CUST04576,8,317,663982.11,6,At-Risk Customers,0
CUST04577,2,337,743618.33,5,Recent Medium-Value,0
CUST04578,3,311,738416.16,2,Occasional Customers,0
CUST04579,1,285,647337.55,5,Recent Medium-Value,0
CUST04580,4,288,609332.87,2,Occasional Customers,0
CUST04581,1,328,755277.06,5,Recent Medium-Value,0
CUST04582,1,469,893736.74,1,High-Value Regulars,0
CUST04583,7,328,729137.3099999999,6,At-Risk Customers,0
CUST04584,1,1087,2219332.19,0,VIP / Champions,0
CUST04585,2,475,1000319.56,1,High-Value Regulars,0
CUST04586,1,1038,2378091.7,0,VIP / Champions,0
CUST04587,1,358,739965.01,5,Recent Medium-Value,0
CUST04588,6,371,788984.98,2,Occasional Customers,0
CUST04589,1,727,1492756.45,7,Recent Loyal Customers,0
CUST04590,1,463,964975.44,1,High-Value Regulars,0
CUST04591,7,333,744212.72,6,At-Risk Customers,0
CUST04592,1,700,1344321.28,7,Recent Loyal Customers,0
CUST04593,1,469,1016594.6,1,High-Value Regulars,0
CUST04594,1,1042,2259904.18,0,VIP / Champions,0
CUST04595,1,445,914679.08,1,High-Value Regulars,0
CUST04596,1,476,1015716.01,1,High-Value Regulars,0
CUST04597,1,338,700328.8,5,Recent Medium-Value,0
CUST04598,2,344,721924.68,5,Recent Medium-Value,0
CUST04599,1,312,569197.33,5,Recent Medium-Value,0
CUST04600,4,316,650449.7,2,Occasional Customers,0
CUST04601,1,737,1624392.41,7,Recent Loyal Customers,0
CUST04602,1,365,811501.24,5,Recent Medium-Value,0
CUST04603,1,682,1373378.61,7,Recent Loyal Customers,0
CUST04604,2,1094,2251112.6,0,VIP / Champions,0
CUST04605,1,485,1020873.02,1,High-Value Regulars,0
CUST04606,6,465,910789.06,4,Less-Recent Regulars,0
CUST04607,1,695,1331112.28,7,Recent Loyal Customers,0
CUST04608,2,481,1085535.48,1,High-Value Regulars,0
CUST04609,3,691,1504733.7,3,Loyal High-Frequency,0
CUST04610,1,724,1599293.65,7,Recent Loyal Customers,0
CUST04611,1,371,835532.88,5,Recent Medium-Value,0
CUST04612,2,442,933560.96,1,High-Value Regulars,0
CUST04613,2,370,820512.85,5,Recent Medium-Value,0
CUST04614,2,448,948739.16,1,High-Value Regulars,0
CUST04615,6,352,719888.76,2,Occasional Customers,0
CUST04616,3,423,878383.2,4,Less-Recent Regulars,0
CUST04617,1,742,1590355.07,7,Recent Loyal Customers,0
CUST04618,1,292,625025.86,5,Recent Medium-Value,0
CUST04619,2,341,785254.8,5,Recent Medium-Value,0
CUST04620,2,489,1000413.4,1,High-Value Regulars,0
CUST04621,1,343,799624.88,5,Recent Medium-Value,0
CUST04622,7,303,654104.66,6,At-Risk Customers,0
CUST04623,4,319,701011.79,2,Occasional Customers,0
CUST04624,4,334,677696.46,2,Occasional Customers,0
CUST04625,16,306,581854.86,6,At-Risk Customers,0
CUST04626,2,444,1062888.77,1,High-Value Regulars,0
CUST04627,5,690,1486835.99,3,Loyal High-Frequency,0
CUST04628,1,456,914189.01,1,High-Value Regulars,0
CUST04629,2,343,737785.07,5,Recent Medium-Value,0
CUST04630,3,339,710473.9,2,Occasional Customers,0
CUST04631,9,311,706037.29,6,At-Risk Customers,0
CUST04632,2,473,978377.11,1,High-Value Regulars,0
CUST04633,4,461,984052.61,4,Less-Recent Regulars,0
CUST04634,1,369,805984.65,5,Recent Medium-Value,0
CUST04635,1,500,1107899.81,1,High-Value Regulars,0
CUST04636,7,320,719876.82,6,At-Risk Customers,0
CUST04637,5,681,1452815.32,3,Loyal High-Frequency,0
CUST04638,2,348,802662.4,5,Recent Medium-Value,0
CUST04639,1,1118,2376087.04,0,VIP / Champions,0
CUST04640,2,328,688170.25,5,Recent Medium-Value,0
CUST04641,7,319,671873.12,6,At-Risk Customers,0
CUST04642,1,335,781197.85,5,Recent Medium-Value,0
CUST04643,10,328,632240.63,6,At-Risk Customers,0
CUST04644,1,462,955131.03,1,High-Value Regulars,0
CUST04645,1,512,1105536.05,1,High-Value Regulars,0
CUST04646,1,469,971707.05,1,High-Value Regulars,0
CUST04647,1,336,607330.02,5,Recent Medium-Value,0
CUST04648,2,305,585073.44,5,Recent Medium-Value,0
CUST04649,2,481,1003016.22,1,High-Value Regulars,0
CUST04650,2,1135,2302743.6,0,VIP / Champions,0
CUST04651,1,473,1026786.93,1,High-Value Regulars,0
CUST04652,1,1070,2229983.13,0,VIP / Champions,0
CUST04653,1,1060,2135051.94,0,VIP / Champions,0
CUST04654,8,327,601085.05,6,At-Risk Customers,0
CUST04655,2,1057,2281830.26,0,VIP / Champions,0
CUST04656,4,650,1414234.53,3,Loyal High-Frequency,0
CUST04657,1,310,682860.04,5,Recent Medium-Value,0
CUST04658,1,694,1552439.43,7,Recent Loyal Customers,0
CUST04659,4,465,914883.68,4,Less-Recent Regulars,0
CUST04660,3,372,882413.16,4,Less-Recent Regulars,0
CUST04661,1,308,564171.24,5,Recent Medium-Value,0
CUST04662,3,689,1530050.28,3,Loyal High-Frequency,0
CUST04663,1,358,744405.18,5,Recent Medium-Value,0
CUST04664,2,1050,2179932.25,0,VIP / Champions,0
CUST04665,3,746,1659180.15,3,Loyal High-Frequency,0
CUST04666,7,478,1005234.14,4,Less-Recent Regulars,0
CUST04667,1,468,958282.16,1,High-Value Regulars,0
CUST04668,1,1054,2275104.11,0,VIP / Champions,0
CUST04669,3,330,709901.67,2,Occasional Customers,0
CUST04670,1,726,1460630.79,7,Recent Loyal Customers,0
CUST04671,4,453,943074.38,4,Less-Recent Regulars,0
CUST04672,1,671,1489726.73,7,Recent Loyal Customers,0
CUST04673,8,321,730625.52,6,At-Risk Customers,0
CUST04674,1,704,1443464.32,7,Recent Loyal Customers,0
CUST04675,1,749,1577290.9,7,Recent Loyal Customers,0
CUST04676,3,471,1071314.13,4,Less-Recent Regulars,0
CUST04677,6,324,684855.03,2,Occasional Customers,0
CUST04678,10,309,592543.54,6,At-Risk Customers,0
CUST04679,2,742,1532929.34,3,Loyal High-Frequency,0
CUST04680,1,342,711985.8,5,Recent Medium-Value,0
CUST04681,3,645,1264659.43,3,Loyal High-Frequency,0
CUST04682,1,505,1129902.86,1,High-Value Regulars,0
CUST04683,7,334,673996.5,6,At-Risk Customers,0
CUST04684,1,355,782968.81,5,Recent Medium-Value,0
CUST04685,1,292,658031.47,5,Recent Medium-Value,0
CUST04686,1,1079,2211938.36,0,VIP / Champions,0
CUST04687,2,463,856806.17,1,High-Value Regulars,0
CUST04688,2,715,1498217.11,3,Loyal High-Frequency,0
CUST04689,1,1063,2357154.78,0,VIP / Champions,0
CUST04690,2,325,711137.45,5,Recent Medium-Value,0
CUST04691,4,338,733806.76,2,Occasional Customers,0
CUST04692,2,486,1121233.6,1,High-Value Regulars,0
CUST04693,2,468,964662.05,1,High-Value Regulars,0
CUST04694,1,344,737217.59,5,Recent Medium-Value,0
CUST04695,2,481,991494.04,1,High-Value Regulars,0
CUST04696,2,479,958219.18,1,High-Value Regulars,0
CUST04697,7,306,617726.68,6,At-Risk Customers,0
CUST04698,1,491,1094493.51,1,High-Value Regulars,0
CUST04699,5,320,617979.97,2,Occasional Customers,0
CUST04700,2,459,927946.68,1,High-Value Regulars,0
CUST04701,1,512,1136998.57,1,High-Value Regulars,0
CUST04702,2,298,607538.5,5,Recent Medium-Value,0
CUST04703,2,657,1406969.67,3,Loyal High-Frequency,0
CUST04704,11,460,947851.64,6,At-Risk Customers,0
CUST04705,1,320,667662.38,5,Recent Medium-Value,0
CUST04706,1,302,653877.74,5,Recent Medium-Value,0
CUST04707,6,323,615633.34,2,Occasional Customers,0
CUST04708,3,709,1441008.42,3,Loyal High-Frequency,0
CUST04709,11,337,720756.27,6,At-Risk Customers,0
CUST04710,2,456,947939.37,1,High-Value Regulars,0
CUST04711,2,487,1007980.86,1,High-Value Regulars,0
CUST04712,1,496,940140.2,1,High-Value Regulars,0
CUST04713,2,310,732496.29,5,Recent Medium-Value,0
CUST04714,2,316,617845.7,5,Recent Medium-Value,0
CUST04715,3,286,629320.55,2,Occasional Customers,0
CUST04716,1,316,654364.36,5,Recent Medium-Value,0
CUST04717,3,431,981565.77,4,Less-Recent Regulars,0
CUST04718,1,695,1489782.45,7,Recent Loyal Customers,0
CUST04719,1,357,737527.81,5,Recent Medium-Value,0
CUST04720,3,353,670561.76,2,Occasional Customers,0
CUST04721,1,675,1463890.92,7,Recent Loyal Customers,0
CUST04722,2,315,655524.57,5,Recent Medium-Value,0
CUST04723,2,432,911617.53,1,High-Value Regulars,0
CUST04724,4,484,1045535.97,4,Less-Recent Regulars,0
CUST04725,1,437,905646.97,1,High-Value Regulars,0
CUST04726,1,692,1469080.12,7,Recent Loyal Customers,0
CUST04727,1,1053,2266287.95,0,VIP / Champions,0
CUST04728,2,340,748126.23,5,Recent Medium-Value,0
CUST04729,2,314,641104.05,5,Recent Medium-Value,0
CUST04730,1,493,946549.44,1,High-Value Regulars,0
CUST04731,3,310,726202.03,2,Occasional Customers,0
CUST04732,6,500,1022257.61,4,Less-Recent Regulars,0
CUST04733,2,687,1411518.66,3,Loyal High-Frequency,0
CUST04734,9,323,765412.3099999999,6,At-Risk Customers,0
CUST04735,5,453,922227.9400000001,4,Less-Recent Regulars,0
CUST04736,1,346,649352.8,5,Recent Medium-Value,0
CUST04737,1,685,1366778.53,7,Recent Loyal Customers,0
CUST04738,1,466,1000517.71,1,High-Value Regulars,0
CUST04739,2,306,616608.27,5,Recent Medium-Value,0
CUST04740,3,473,997585.46,4,Less-Recent Regulars,0
CUST04741,1,315,659701.93,5,Recent Medium-Value,0
CUST04742,4,491,996551.2,4,Less-Recent Regulars,0
CUST04743,3,312,668510.05,2,Occasional Customers,0
CUST04744,4,318,669047.82,2,Occasional Customers,0
CUST04745,2,305,725554.9,5,Recent Medium-Value,0
CUST04746,5,355,756701.77,2,Occasional Customers,0
CUST04747,2,291,519190.14,5,Recent Medium-Value,0
CUST04748,1,687,1521006.35,7,Recent Loyal Customers,0
CUST04749,2,453,932444.45,1,High-Value Regulars,0
CUST04750,2,334,742951.46,5,Recent Medium-Value,0
CUST04751,3,457,963280.88,4,Less-Recent Regulars,0
CUST04752,2,461,978440.46,1,High-Value Regulars,0
CUST04753,6,502,948595.0,4,Less-Recent Regulars,0
CUST04754,6,342,629446.32,2,Occasional Customers,0
CUST04755,4,485,1039635.6,4,Less-Recent Regulars,0
CUST04756,4,294,667123.66,2,Occasional Customers,0
CUST04757,2,324,688278.58,5,Recent Medium-Value,0
CUST04758,3,706,1529691.19,3,Loyal High-Frequency,0
CUST04759,10,362,732048.9400000001,6,At-Risk Customers,0
CUST04760,2,678,1351630.23,3,Loyal High-Frequency,0
CUST04761,10,336,764040.23,6,At-Risk Customers,0
CUST04762,2,329,704000.03,5,Recent Medium-Value,0
CUST04763,3,445,927351.19,4,Less-Recent Regulars,0
CUST04764,3,334,718480.82,2,Occasional Customers,0
CUST04765,1,718,1527641.15,7,Recent Loyal Customers,0
CUST04766,2,326,633763.74,5,Recent Medium-Value,0
CUST04767,1,443,894159.54,1,High-Value Regulars,0
CUST04768,1,705,1582579.9,7,Recent Loyal Customers,0
CUST04769,2,356,797232.1,5,Recent Medium-Value,0
CUST04770,1,706,1405544.13,7,Recent Loyal Customers,0
CUST04771,5,460,963314.57,4,Less-Recent Regulars,0
CUST04772,1,1053,2136966.46,0,VIP / Champions,0
CUST04773,1,316,701313.56,5,Recent Medium-Value,0
CUST04774,1,315,641382.67,5,Recent Medium-Value,0
CUST04775,2,696,1418996.65,3,Loyal High-Frequency,0
CUST04776,5,454,972720.09,4,Less-Recent Regulars,0
CUST04777,1,678,1397621.76,7,Recent Loyal Customers,0
CUST04778,2,476,927458.08,1,High-Value Regulars,0
CUST04779,1,429,922246.21,1,High-Value Regulars,0
CUST04780,1,1061,2048957.24,0,VIP / Champions,0
CUST04781,3,419,846869.38,4,Less-Recent Regulars,0
CUST04782,3,681,1460928.98,3,Loyal High-Frequency,0
CUST04783,1,1090,2197486.15,0,VIP / Champions,0
CUST04784,3,718,1512194.29,3,Loyal High-Frequency,0
CUST04785,1,677,1479032.29,7,Recent Loyal Customers,0
CUST04786,2,329,749659.63,5,Recent Medium-Value,0
CUST04787,2,326,686361.36,5,Recent Medium-Value,0
CUST04788,1,772,1696105.72,7,Recent Loyal Customers,0
CUST04789,1,1024,2174651.68,0,VIP / Champions,0
CUST04790,2,471,994646.93,1,High-Value Regulars,0
CUST04791,2,695,1468599.21,3,Loyal High-Frequency,0
CUST04792,3,323,643396.21,2,Occasional Customers,0
CUST04793,5,354,714003.64,2,Occasional Customers,0
CUST04794,3,325,667535.51,2,Occasional Customers,0
CUST04795,4,340,723169.8,2,Occasional Customers,0
CUST04796,11,313,715482.56,6,At-Risk Customers,0
CUST04797,4,311,784187.05,2,Occasional Customers,0
CUST04798,1,462,1033382.6,1,High-Value Regulars,0
CUST04799,8,449,938951.2,6,At-Risk Customers,0
CUST04800,1,465,997336.9,1,High-Value Regulars,0
CUST04801,17,343,718045.59,6,At-Risk Customers,0
CUST04802,1,459,934854.66,1,High-Value Regulars,0
CUST04803,1,319,623295.32,5,Recent Medium-Value,0
CUST04804,2,509,1043568.42,1,High-Value Regulars,0
CUST04805,7,313,613519.48,6,At-Risk Customers,0
CUST04806,2,746,1607769.52,3,Loyal High-Frequency,0
CUST04807,4,321,669290.8,2,Occasional Customers,0
CUST04808,5,339,720552.5599999999,2,Occasional Customers,0
CUST04809,5,329,744438.23,2,Occasional Customers,0
CUST04810,10,352,763329.25,6,At-Risk Customers,0
CUST04811,3,297,686242.3,2,Occasional Customers,0
CUST04812,1,1101,2366715.46,0,VIP / Champions,0
CUST04813,4,311,681390.18,2,Occasional Customers,0
CUST04814,5,456,1004514.96,4,Less-Recent Regulars,0
CUST04815,2,298,628949.36,5,Recent Medium-Value,0
CUST04816,3,726,1562041.3,3,Loyal High-Frequency,0
CUST04817,2,449,951703.9,1,High-Value Regulars,0
CUST04818,2,328,697978.54,5,Recent Medium-Value,0
CUST04819,3,352,807714.32,2,Occasional Customers,0
CUST04820,8,457,941010.51,4,Less-Recent Regulars,0
CUST04821,2,496,1076052.1,1,High-Value Regulars,0
CUST04822,2,430,1023313.48,1,High-Value Regulars,0
CUST04823,5,488,955568.55,4,Less-Recent Regulars,0
CUST04824,3,733,1512742.75,3,Loyal High-Frequency,0
CUST04825,19,316,716719.69,6,At-Risk Customers,0
CUST04826,7,290,574088.08,6,At-Risk Customers,0
CUST04827,1,738,1557531.18,7,Recent Loyal Customers,0
CUST04828,1,349,819798.24,5,Recent Medium-Value,0
CUST04829,1,1021,2092501.94,0,VIP / Champions,0
CUST04830,2,714,1570703.36,3,Loyal High-Frequency,0
CUST04831,1,738,1457168.28,7,Recent Loyal Customers,0
CUST04832,2,1064,2300672.47,0,VIP / Champions,0
CUST04833,1,697,1407245.08,7,Recent Loyal Customers,0
CUST04834,1,322,646029.34,5,Recent Medium-Value,0
CUST04835,4,500,1115027.42,4,Less-Recent Regulars,0
CUST04836,4,286,581727.44,2,Occasional Customers,0
CUST04837,3,462,921966.51,4,Less-Recent Regulars,0
CUST04838,4,310,613075.46,2,Occasional Customers,0
CUST04839,2,361,668487.84,5,Recent Medium-Value,0
CUST04840,2,464,997606.92,1,High-Value Regulars,0
CUST04841,4,656,1457395.95,3,Loyal High-Frequency,0
CUST04842,8,321,718091.54,6,At-Risk Customers,0
CUST04843,2,304,627603.81,5,Recent Medium-Value,0
CUST04844,1,504,1035725.49,1,High-Value Regulars,0
CUST04845,1,476,1027559.57,1,High-Value Regulars,0
CUST04846,3,305,659109.42,2,Occasional Customers,0
CUST04847,4,322,716602.17,2,Occasional Customers,0
CUST04848,1,481,1088243.79,1,High-Value Regulars,0
CUST04849,1,676,1481182.8,7,Recent Loyal Customers,0
CUST04850,3,327,677467.83,2,Occasional Customers,0
CUST04851,2,1064,2299239.25,0,VIP / Champions,0
CUST04852,2,1109,2457216.6,0,VIP / Champions,0
CUST04853,1,451,1010769.52,1,High-Value Regulars,0
CUST04854,2,1083,2228545.0,0,VIP / Champions,0
CUST04855,3,318,563782.59,2,Occasional Customers,0
CUST04856,2,477,955644.44,1,High-Value Regulars,0
CUST04857,2,703,1523118.75,3,Loyal High-Frequency,0
CUST04858,1,313,731314.64,5,Recent Medium-Value,0
CUST04859,1,720,1555981.9,7,Recent Loyal Customers,0
CUST04860,1,1073,2186770.61,0,VIP / Champions,0
CUST04861,1,507,1052761.91,1,High-Value Regulars,0
CUST04862,5,287,625580.7,2,Occasional Customers,0
CUST04863,10,333,685787.81,6,At-Risk Customers,0
CUST04864,2,308,632775.94,5,Recent Medium-Value,0
CUST04865,1,308,689539.97,5,Recent Medium-Value,0
CUST04866,1,688,1445489.1,7,Recent Loyal Customers,0
CUST04867,11,332,710156.23,6,At-Risk Customers,0
CUST04868,5,1096,2256310.85,3,Loyal High-Frequency,0
CUST04869,1,730,1579304.89,7,Recent Loyal Customers,0
CUST04870,1,672,1342145.7,7,Recent Loyal Customers,0
CUST04871,4,460,939775.36,4,Less-Recent Regulars,0
CUST04872,2,314,662348.59,5,Recent Medium-Value,0
CUST04873,3,710,1529509.96,3,Loyal High-Frequency,0
CUST04874,8,342,751170.7,6,At-Risk Customers,0
CUST04875,4,321,717013.3,2,Occasional Customers,0
CUST04876,1,703,1582798.31,7,Recent Loyal Customers,0
CUST04877,2,302,714122.01,5,Recent Medium-Value,0
CUST04878,2,483,1095998.72,1,High-Value Regulars,0
CUST04879,1,334,663764.72,5,Recent Medium-Value,0
CUST04880,6,310,584328.49,2,Occasional Customers,0
CUST04881,5,504,1046556.5,4,Less-Recent Regulars,0
CUST04882,4,310,653299.56,2,Occasional Customers,0
CUST04883,1,461,1007700.28,1,High-Value Regulars,0
CUST04884,1,346,637524.36,5,Recent Medium-Value,0
CUST04885,1,426,862846.18,1,High-Value Regulars,0
CUST04886,3,340,699183.66,2,Occasional Customers,0
CUST04887,4,318,693915.14,2,Occasional Customers,0
CUST04888,2,672,1477477.47,3,Loyal High-Frequency,0
CUST04889,1,491,1040992.32,1,High-Value Regulars,0
CUST04890,6,336,681439.94,2,Occasional Customers,0
CUST04891,3,318,701405.01,2,Occasional Customers,0
CUST04892,1,317,666964.2,5,Recent Medium-Value,0
CUST04893,1,480,993497.41,1,High-Value Regulars,0
CUST04894,2,492,1042708.97,1,High-Value Regulars,0
CUST04895,4,314,694914.05,2,Occasional Customers,0
CUST04896,2,334,751036.74,5,Recent Medium-Value,0
CUST04897,1,716,1547352.3,7,Recent Loyal Customers,0
CUST04898,5,350,724255.93,2,Occasional Customers,0
CUST04899,4,508,1076471.84,4,Less-Recent Regulars,0
CUST04900,3,1077,2224074.52,0,VIP / Champions,0
CUST04901,1,673,1340846.93,7,Recent Loyal Customers,0
CUST04902,6,316,630360.14,2,Occasional Customers,0
CUST04903,4,317,673032.51,2,Occasional Customers,0
CUST04904,6,332,669835.65,2,Occasional Customers,0
CUST04905,3,308,662377.53,2,Occasional Customers,0
CUST04906,1,467,907585.63,1,High-Value Regulars,0
CUST04907,3,489,919695.3,4,Less-Recent Regulars,0
CUST04908,2,462,968172.11,1,High-Value Regulars,0
CUST04909,2,683,1436826.89,3,Loyal High-Frequency,0
CUST04910,2,300,608090.4,5,Recent Medium-Value,0
CUST04911,6,326,732437.71,2,Occasional Customers,0
CUST04912,3,459,1019694.45,4,Less-Recent Regulars,0
CUST04913,1,698,1482873.94,7,Recent Loyal Customers,0
CUST04914,3,464,973122.45,4,Less-Recent Regulars,0
CUST04915,13,333,710191.26,6,At-Risk Customers,0
CUST04916,3,735,1489406.91,3,Loyal High-Frequency,0
CUST04917,13,312,584804.34,6,At-Risk Customers,0
CUST04918,3,473,1066984.53,4,Less-Recent Regulars,0
CUST04919,7,341,687639.26,6,At-Risk Customers,0
CUST04920,2,474,1018489.95,1,High-Value Regulars,0
CUST04921,1,1125,2426124.26,0,VIP / Champions,0
CUST04922,2,457,1025572.1,1,High-Value Regulars,0
CUST04923,4,496,1012337.8,4,Less-Recent Regulars,0
CUST04924,4,475,1012418.11,4,Less-Recent Regulars,0
CUST04925,1,718,1545944.38,7,Recent Loyal Customers,0
CUST04926,1,500,957245.66,1,High-Value Regulars,0
CUST04927,20,306,607005.69,6,At-Risk Customers,0
CUST04928,5,683,1426166.33,3,Loyal High-Frequency,0
CUST04929,1,466,957498.2,1,High-Value Regulars,0
CUST04930,1,1060,2263965.47,0,VIP / Champions,0
CUST04931,1,705,1644188.38,7,Recent Loyal Customers,0
CUST04932,1,713,1643688.2,7,Recent Loyal Customers,0
CUST04933,2,480,1049835.75,1,High-Value Regulars,0
CUST04934,1,1043,2136606.96,0,VIP / Champions,0
CUST04935,1,662,1460742.44,7,Recent Loyal Customers,0
CUST04936,1,468,1013602.91,1,High-Value Regulars,0
CUST04937,1,320,606518.64,5,Recent Medium-Value,0
CUST04938,4,349,739830.34,2,Occasional Customers,0
CUST04939,3,327,765896.85,2,Occasional Customers,0
CUST04940,1,327,658481.59,5,Recent Medium-Value,0
CUST04941,1,304,537151.58,5,Recent Medium-Value,0
CUST04942,2,336,705666.71,5,Recent Medium-Value,0
CUST04943,5,293,659701.47,2,Occasional Customers,0
CUST04944,2,697,1532846.92,3,Loyal High-Frequency,0
CUST04945,2,311,610183.08,5,Recent Medium-Value,0
CUST04946,2,455,904220.18,1,High-Value Regulars,0
CUST04947,3,1107,2308807.48,0,VIP / Champions,0
CUST04948,1,444,837274.6,1,High-Value Regulars,0
CUST04949,6,328,678232.89,2,Occasional Customers,0
CUST04950,3,453,973943.39,4,Less-Recent Regulars,0
CUST04951,5,509,1127511.85,4,Less-Recent Regulars,0
CUST04952,10,310,650329.69,6,At-Risk Customers,0
CUST04953,1,329,656607.89,5,Recent Medium-Value,0
CUST04954,1,1094,2359715.24,0,VIP / Champions,0
CUST04955,3,452,1022317.03,4,Less-Recent Regulars,0
CUST04956,1,1110,2440366.33,0,VIP / Champions,0
CUST04957,2,477,1034518.56,1,High-Value Regulars,0
CUST04958,9,307,622200.0599999999,6,At-Risk Customers,0
CUST04959,1,713,1497367.39,7,Recent Loyal Customers,0
CUST04960,4,695,1442858.55,3,Loyal High-Frequency,0
CUST04961,2,329,698725.21,5,Recent Medium-Value,0
CUST04962,4,347,798384.49,2,Occasional Customers,0
CUST04963,5,454,961713.63,4,Less-Recent Regulars,0
CUST04964,1,1105,2328595.15,0,VIP / Champions,0
CUST04965,2,724,1545979.33,3,Loyal High-Frequency,0
CUST04966,6,459,1033582.67,4,Less-Recent Regulars,0
CUST04967,2,646,1263774.96,3,Loyal High-Frequency,0
CUST04968,7,330,683411.8,6,At-Risk Customers,0
CUST04969,2,451,1004525.8,1,High-Value Regulars,0
CUST04970,3,694,1453798.72,3,Loyal High-Frequency,0
CUST04971,3,351,777117.39,2,Occasional Customers,0
CUST04972,8,318,648643.36,6,At-Risk Customers,0
CUST04973,1,482,981146.39,1,High-Value Regulars,0
CUST04974,1,1050,2254870.54,0,VIP / Champions,0
CUST04975,1,1109,2484156.53,0,VIP / Champions,0
CUST04976,1,460,936872.21,1,High-Value Regulars,0
CUST04977,4,438,985266.65,4,Less-Recent Regulars,0
CUST04978,3,518,1097085.44,4,Less-Recent Regulars,0
CUST04979,2,320,760174.32,5,Recent Medium-Value,0
CUST04980,1,452,920020.76,1,High-Value Regulars,0
CUST04981,4,480,1062045.77,4,Less-Recent Regulars,0
CUST04982,1,340,680763.39,5,Recent Medium-Value,0
CUST04983,1,694,1519898.16,7,Recent Loyal Customers,0
CUST04984,2,490,1069257.75,1,High-Value Regulars,0
CUST04985,1,720,1409892.28,7,Recent Loyal Customers,0
CUST04986,2,473,954873.15,1,High-Value Regulars,0
CUST04987,1,316,647729.68,5,Recent Medium-Value,0
CUST04988,6,318,637371.33,2,Occasional Customers,0
CUST04989,1,1154,2463931.12,0,VIP / Champions,0
CUST04990,3,443,926102.44,4,Less-Recent Regulars,0
CUST04991,1,466,994943.4,1,High-Value Regulars,0
CUST04992,2,716,1390453.88,3,Loyal High-Frequency,0
CUST04993,6,657,1369134.45,3,Loyal High-Frequency,0
CUST04994,2,1047,2101064.33,0,VIP / Champions,0
CUST04995,2,424,958756.13,1,High-Value Regulars,0
CUST04996,1,339,678016.18,5,Recent Medium-Value,0
CUST04997,3,320,671975.67,2,Occasional Customers,0
CUST04998,1,438,906866.23,1,High-Value Regulars,0
CUST04999,6,308,718138.45,2,Occasional Customers,0
CUST05000,2,1073,2247642.87,0,VIP / Champions,0
CUST05001,1,1067,2204666.35,0,VIP / Champions,0
CUST05002,9,455,903963.56,6,At-Risk Customers,0
CUST05003,1,318,647318.63,5,Recent Medium-Value,0
CUST05004,4,320,688354.66,2,Occasional Customers,0
CUST05005,3,315,648639.04,2,Occasional Customers,0
CUST05006,5,354,698293.36,2,Occasional Customers,0
CUST05007,1,679,1554357.71,7,Recent Loyal Customers,0
CUST05008,4,1081,2409934.08,0,VIP / Champions,0
CUST05009,4,315,670254.22,2,Occasional Customers,0
CUST05010,1,1070,2259175.68,0,VIP / Champions,0
CUST05011,1,1072,2168732.44,0,VIP / Champions,0
CUST05012,1,699,1437881.22,7,Recent Loyal Customers,0
CUST05013,1,463,978441.5599999999,1,High-Value Regulars,0
CUST05014,9,311,657350.84,6,At-Risk Customers,0
CUST05015,3,459,907933.19,4,Less-Recent Regulars,0
CUST05016,2,428,882131.0,1,High-Value Regulars,0
CUST05017,4,294,635702.1,2,Occasional Customers,0
CUST05018,2,455,977466.57,1,High-Value Regulars,0
CUST05019,1,1086,2237966.29,0,VIP / Champions,0
CUST05020,2,321,704821.57,5,Recent Medium-Value,0
CUST05021,2,338,681272.15,5,Recent Medium-Value,0
CUST05022,3,309,617838.96,2,Occasional Customers,0
CUST05023,1,436,933532.46,1,High-Value Regulars,0
CUST05024,1,461,948891.1,1,High-Value Regulars,0
CUST05025,5,343,770430.74,2,Occasional Customers,0
CUST05026,2,447,971381.7,1,High-Value Regulars,0
CUST05027,2,334,644691.77,5,Recent Medium-Value,0
CUST05028,8,450,987961.62,4,Less-Recent Regulars,0
CUST05029,3,733,1506598.08,3,Loyal High-Frequency,0
CUST05030,3,309,643668.55,2,Occasional Customers,0
CUST05031,1,667,1466780.74,7,Recent Loyal Customers,0
CUST05032,1,453,1014452.47,1,High-Value Regulars,0
CUST05033,3,459,929451.48,4,Less-Recent Regulars,0
CUST05034,4,479,962633.3,4,Less-Recent Regulars,0
CUST05035,1,676,1406550.82,7,Recent Loyal Customers,0
CUST05036,1,667,1504915.33,7,Recent Loyal Customers,0
CUST05037,1,478,921607.88,1,High-Value Regulars,0
CUST05038,4,343,683463.76,2,Occasional Customers,0
CUST05039,2,334,736097.74,5,Recent Medium-Value,0
CUST05040,3,616,1310303.89,3,Loyal High-Frequency,0
CUST05041,4,317,659034.55,2,Occasional Customers,0
CUST05042,4,1070,2251265.99,0,VIP / Champions,0
CUST05043,5,339,607641.57,2,Occasional Customers,0
CUST05044,3,480,1062877.18,4,Less-Recent Regulars,0
CUST05045,5,444,932207.35,4,Less-Recent Regulars,0
CUST05046,1,314,673868.64,5,Recent Medium-Value,0
CUST05047,2,488,1061383.37,1,High-Value Regulars,0
CUST05048,3,366,739262.87,2,Occasional Customers,0
CUST05049,6,323,774151.13,2,Occasional Customers,0
CUST05050,3,477,1006376.35,4,Less-Recent Regulars,0
CUST05051,5,313,676422.35,2,Occasional Customers,0
CUST05052,4,450,920834.84,4,Less-Recent Regulars,0
CUST05053,1,648,1333847.42,7,Recent Loyal Customers,0
CUST05054,1,663,1454701.67,7,Recent Loyal Customers,0
CUST05055,1,347,770618.2,5,Recent Medium-Value,0
CUST05056,5,322,686977.66,2,Occasional Customers,0
CUST05057,1,1097,2364771.53,0,VIP / Champions,0
CUST05058,2,1075,2322036.75,0,VIP / Champions,0
CUST05059,3,1069,2369847.11,0,VIP / Champions,0
CUST05060,1,475,941617.21,1,High-Value Regulars,0
CUST05061,7,428,855110.5,6,At-Risk Customers,0
CUST05062,3,465,998279.45,4,Less-Recent Regulars,0
CUST05063,2,708,1465005.67,3,Loyal High-Frequency,0
CUST05064,3,292,627891.54,2,Occasional Customers,0
CUST05065,5,295,645354.5,2,Occasional Customers,0
CUST05066,3,304,703111.63,2,Occasional Customers,0
CUST05067,3,441,998566.24,4,Less-Recent Regulars,0
CUST05068,5,340,767505.42,2,Occasional Customers,0
CUST05069,5,333,685908.49,2,Occasional Customers,0
CUST05070,2,298,569056.0,5,Recent Medium-Value,0
CUST05071,2,676,1389277.99,3,Loyal High-Frequency,0
CUST05072,1,481,1017824.1900000001,1,High-Value Regulars,0
CUST05073,1,488,1057908.17,1,High-Value Regulars,0
CUST05074,4,324,677280.95,2,Occasional Customers,0
CUST05075,1,484,1055197.1,1,High-Value Regulars,0
CUST05076,3,451,940325.09,4,Less-Recent Regulars,0
CUST05077,3,322,665948.33,2,Occasional Customers,0
CUST05078,3,357,743767.78,2,Occasional Customers,0
CUST05079,4,700,1486499.82,3,Loyal High-Frequency,0
CUST05080,1,690,1581280.11,7,Recent Loyal Customers,0
CUST05081,2,358,733045.0,5,Recent Medium-Value,0
CUST05082,2,485,1053207.57,1,High-Value Regulars,0
CUST05083,1,702,1468846.8,7,Recent Loyal Customers,0
CUST05084,4,456,951226.89,4,Less-Recent Regulars,0
CUST05085,2,334,766769.28,5,Recent Medium-Value,0
CUST05086,1,1056,2273893.39,0,VIP / Champions,0
CUST05087,6,440,920142.32,4,Less-Recent Regulars,0
CUST05088,2,490,1071325.83,1,High-Value Regulars,0
CUST05089,3,451,1019398.12,4,Less-Recent Regulars,0
CUST05090,1,345,721591.81,5,Recent Medium-Value,0
CUST05091,4,459,1056769.69,4,Less-Recent Regulars,0
CUST05092,6,327,817901.16,2,Occasional Customers,0
CUST05093,4,336,676158.9,2,Occasional Customers,0
CUST05094,5,316,684976.45,2,Occasional Customers,0
CUST05095,1,990,2054479.6199999999,0,VIP / Champions,0
CUST05096,2,659,1451154.02,3,Loyal High-Frequency,0
CUST05097,3,302,586155.48,2,Occasional Customers,0
CUST05098,3,425,871127.35,4,Less-Recent Regulars,0
CUST05099,3,472,964088.12,4,Less-Recent Regulars,0
CUST05100,3,468,987138.92,4,Less-Recent Regulars,0
CUST05101,4,334,705501.62,2,Occasional Customers,0
CUST05102,1,1070,2319159.26,0,VIP / Champions,0
CUST05103,1,473,940295.93,1,High-Value Regulars,0
CUST05104,1,709,1432068.12,7,Recent Loyal Customers,0
CUST05105,3,707,1570743.93,3,Loyal High-Frequency,0
CUST05106,1,1051,2203870.83,0,VIP / Champions,0
CUST05107,1,347,671850.88,5,Recent Medium-Value,0
CUST05108,9,334,632933.17,6,At-Risk Customers,0
CUST05109,2,449,955018.2,1,High-Value Regulars,0
CUST05110,8,477,995315.23,4,Less-Recent Regulars,0
CUST05111,1,1105,2325153.52,0,VIP / Champions,0
CUST05112,1,475,1079399.6,1,High-Value Regulars,0
CUST05113,8,660,1404255.11,4,Less-Recent Regulars,0
CUST05114,1,424,899614.24,1,High-Value Regulars,0
CUST05115,2,316,715886.62,5,Recent Medium-Value,0
CUST05116,2,340,721735.86,5,Recent Medium-Value,0
CUST05117,5,311,679804.88,2,Occasional Customers,0
CUST05118,5,468,1043689.19,4,Less-Recent Regulars,0
CUST05119,6,322,710536.72,2,Occasional Customers,0
CUST05120,5,326,701056.92,2,Occasional Customers,0
CUST05121,4,439,897405.96,4,Less-Recent Regulars,0
CUST05122,1,340,701569.79,5,Recent Medium-Value,0
CUST05123,3,469,1001394.37,4,Less-Recent Regulars,0
CUST05124,2,485,1000614.6799999999,1,High-Value Regulars,0
CUST05125,5,300,588597.69,2,Occasional Customers,0
CUST05126,1,343,645808.35,5,Recent Medium-Value,0
CUST05127,3,507,1129902.59,4,Less-Recent Regulars,0
CUST05128,1,484,944722.88,1,High-Value Regulars,0
CUST05129,2,737,1518235.4,3,Loyal High-Frequency,0
CUST05130,1,456,917558.59,1,High-Value Regulars,0
CUST05131,2,478,971852.43,1,High-Value Regulars,0
CUST05132,1,423,839579.26,1,High-Value Regulars,0
CUST05133,1,347,792995.58,5,Recent Medium-Value,0
CUST05134,2,338,792716.86,5,Recent Medium-Value,0
CUST05135,9,299,588586.93,6,At-Risk Customers,0
CUST05136,4,448,1064155.69,4,Less-Recent Regulars,0
CUST05137,1,450,1026209.26,1,High-Value Regulars,0
CUST05138,1,344,704664.1,5,Recent Medium-Value,0
CUST05139,2,494,946648.55,1,High-Value Regulars,0
CUST05140,1,1093,2191224.68,0,VIP / Champions,0
CUST05141,4,310,691939.4,2,Occasional Customers,0
CUST05142,4,720,1483279.69,3,Loyal High-Frequency,0
CUST05143,3,436,900099.14,4,Less-Recent Regulars,0
CUST05144,1,676,1508423.68,7,Recent Loyal Customers,0
CUST05145,2,325,638283.17,5,Recent Medium-Value,0
CUST05146,1,1033,2035920.82,0,VIP / Champions,0
CUST05147,12,322,668426.79,6,At-Risk Customers,0
CUST05148,2,461,967258.91,1,High-Value Regulars,0
CUST05149,2,475,1101678.77,1,High-Value Regulars,0
CUST05150,3,518,1109194.76,4,Less-Recent Regulars,0
CUST05151,1,502,999916.4,1,High-Value Regulars,0
CUST05152,3,463,976915.79,4,Less-Recent Regulars,0
CUST05153,1,483,1026876.95,1,High-Value Regulars,0
CUST05154,4,681,1496132.22,3,Loyal High-Frequency,0
CUST05155,1,708,1619602.03,7,Recent Loyal Customers,0
CUST05156,1,455,974455.14,1,High-Value Regulars,0
CUST05157,1,1085,2395647.35,0,VIP / Champions,0
CUST05158,2,702,1454579.4,3,Loyal High-Frequency,0
CUST05159,7,309,654045.08,6,At-Risk Customers,0
CUST05160,2,1092,2285491.8,0,VIP / Champions,0
CUST05161,1,730,1485501.2,7,Recent Loyal Customers,0
CUST05162,1,524,1102528.55,1,High-Value Regulars,0
CUST05163,1,451,847891.25,1,High-Value Regulars,0
CUST05164,9,316,720489.43,6,At-Risk Customers,0
CUST05165,2,460,964900.11,1,High-Value Regulars,0
CUST05166,2,329,653584.24,5,Recent Medium-Value,0
CUST05167,1,1078,2256582.97,0,VIP / Champions,0
CUST05168,1,484,967878.01,1,High-Value Regulars,0
CUST05169,3,317,627710.25,2,Occasional Customers,0
CUST05170,1,713,1576189.35,7,Recent Loyal Customers,0
CUST05171,2,451,1001701.49,1,High-Value Regulars,0
CUST05172,2,459,907985.44,1,High-Value Regulars,0
CUST05173,7,338,777716.45,6,At-Risk Customers,0
CUST05174,5,424,934428.0,4,Less-Recent Regulars,0
CUST05175,2,709,1492730.74,3,Loyal High-Frequency,0
CUST05176,6,303,652713.57,2,Occasional Customers,0
CUST05177,5,447,920521.34,4,Less-Recent Regulars,0
CUST05178,4,305,633160.17,2,Occasional Customers,0
CUST05179,3,446,935553.21,4,Less-Recent Regulars,0
CUST05180,2,459,926804.3,1,High-Value Regulars,0
CUST05181,2,714,1532006.03,3,Loyal High-Frequency,0
CUST05182,2,494,1113429.57,1,High-Value Regulars,0
CUST05183,2,1048,2239035.17,0,VIP / Champions,0
CUST05184,1,1089,2292031.01,0,VIP / Champions,0
CUST05185,1,698,1453438.25,7,Recent Loyal Customers,0
CUST05186,5,451,1014463.98,4,Less-Recent Regulars,0
CUST05187,4,337,663617.01,2,Occasional Customers,0
CUST05188,1,481,946219.66,1,High-Value Regulars,0
CUST05189,1,705,1472508.58,7,Recent Loyal Customers,0
CUST05190,3,499,949422.42,4,Less-Recent Regulars,0
CUST05191,1,1043,2215929.16,0,VIP / Champions,0
CUST05192,11,318,656852.43,6,At-Risk Customers,0
CUST05193,2,742,1560316.79,3,Loyal High-Frequency,0
CUST05194,2,1100,2390310.28,0,VIP / Champions,0
CUST05195,3,483,1006138.67,4,Less-Recent Regulars,0
CUST05196,2,748,1467129.97,3,Loyal High-Frequency,0
CUST05197,2,327,712878.51,5,Recent Medium-Value,0
CUST05198,1,301,572627.89,5,Recent Medium-Value,0
CUST05199,6,341,715066.31,2,Occasional Customers,0
CUST05200,1,290,610208.98,5,Recent Medium-Value,0
CUST05201,6,307,578413.24,2,Occasional Customers,0
CUST05202,4,329,723564.44,2,Occasional Customers,0
CUST05203,1,329,700470.48,5,Recent Medium-Value,0
CUST05204,5,700,1491645.66,3,Loyal High-Frequency,0
CUST05205,4,329,718819.31,2,Occasional Customers,0
CUST05206,2,481,996561.36,1,High-Value Regulars,0
CUST05207,2,486,992263.98,1,High-Value Regulars,0
CUST05208,1,509,1009652.08,1,High-Value Regulars,0
CUST05209,1,1071,2380512.71,0,VIP / Champions,0
CUST05210,2,703,1575613.08,3,Loyal High-Frequency,0
CUST05211,1,440,915281.65,1,High-Value Regulars,0
CUST05212,3,346,723911.8099999999,2,Occasional Customers,0
CUST05213,1,341,675287.17,5,Recent Medium-Value,0
CUST05214,1,713,1473670.85,7,Recent Loyal Customers,0
CUST05215,1,689,1410198.48,7,Recent Loyal Customers,0
CUST05216,1,482,1075245.0,1,High-Value Regulars,0
CUST05217,3,1126,2428407.51,0,VIP / Champions,0
CUST05218,3,736,1589571.78,3,Loyal High-Frequency,0
CUST05219,1,1073,2422041.67,0,VIP / Champions,0
CUST05220,3,721,1498671.72,3,Loyal High-Frequency,0
CUST05221,1,1084,2340032.3,0,VIP / Champions,0
CUST05222,4,483,1066140.96,4,Less-Recent Regulars,0
CUST05223,2,489,1016646.09,1,High-Value Regulars,0
CUST05224,3,325,671576.21,2,Occasional Customers,0
CUST05225,1,1113,2320282.54,0,VIP / Champions,0
CUST05226,2,326,758904.18,5,Recent Medium-Value,0
CUST05227,5,338,706854.48,2,Occasional Customers,0
CUST05228,1,694,1397963.65,7,Recent Loyal Customers,0
CUST05229,1,300,669036.31,5,Recent Medium-Value,0
CUST05230,2,457,946837.53,1,High-Value Regulars,0
CUST05231,2,1097,2253068.17,0,VIP / Champions,0
CUST05232,2,403,791908.77,5,Recent Medium-Value,0
CUST05233,11,339,716995.77,6,At-Risk Customers,0
CUST05234,7,322,706829.02,6,At-Risk Customers,0
CUST05235,1,477,1025507.2,1,High-Value Regulars,0
CUST05236,15,323,634885.55,6,At-Risk Customers,0
CUST05237,7,307,665192.57,6,At-Risk Customers,0
CUST05238,3,321,723511.3,2,Occasional Customers,0
CUST05239,3,308,642923.42,2,Occasional Customers,0
CUST05240,1,766,1664723.86,7,Recent Loyal Customers,0
CUST05241,6,317,626310.44,2,Occasional Customers,0
CUST05242,2,472,1024585.42,1,High-Value Regulars,0
CUST05243,1,677,1379799.93,7,Recent Loyal Customers,0
CUST05244,2,374,736581.25,5,Recent Medium-Value,0
CUST05245,1,303,627876.46,5,Recent Medium-Value,0
CUST05246,4,326,649210.94,2,Occasional Customers,0
CUST05247,3,1078,2339671.37,0,VIP / Champions,0
CUST05248,5,329,705700.69,2,Occasional Customers,0
CUST05249,1,467,985336.27,1,High-Value Regulars,0
CUST05250,2,475,998361.62,1,High-Value Regulars,0
CUST05251,2,448,995380.32,1,High-Value Regulars,0
CUST05252,3,704,1487353.12,3,Loyal High-Frequency,0
CUST05253,1,326,682142.58,5,Recent Medium-Value,0
CUST05254,8,324,699601.59,6,At-Risk Customers,0
CUST05255,1,439,917276.66,1,High-Value Regulars,0
CUST05256,1,299,537841.49,5,Recent Medium-Value,0
CUST05257,4,712,1477950.19,3,Loyal High-Frequency,0
CUST05258,1,481,1030908.96,1,High-Value Regulars,0
CUST05259,2,296,587224.12,5,Recent Medium-Value,0
CUST05260,3,348,697838.73,2,Occasional Customers,0
CUST05261,1,497,1054147.47,1,High-Value Regulars,0
CUST05262,2,1055,2225710.59,0,VIP / Champions,0
CUST05263,1,340,737099.98,5,Recent Medium-Value,0
CUST05264,2,309,700779.67,5,Recent Medium-Value,0
CUST05265,8,481,983947.47,4,Less-Recent Regulars,0
CUST05266,2,447,981991.11,1,High-Value Regulars,0
CUST05267,2,712,1408092.74,3,Loyal High-Frequency,0
CUST05268,3,465,1039054.09,4,Less-Recent Regulars,0
CUST05269,2,328,744088.32,5,Recent Medium-Value,0
CUST05270,6,476,985444.44,4,Less-Recent Regulars,0
CUST05271,3,698,1487521.75,3,Loyal High-Frequency,0
CUST05272,5,343,762992.25,2,Occasional Customers,0
CUST05273,1,449,999586.2,1,High-Value Regulars,0
CUST05274,2,330,687750.49,5,Recent Medium-Value,0
CUST05275,4,342,746670.88,2,Occasional Customers,0
CUST05276,5,311,569858.2,2,Occasional Customers,0
CUST05277,2,717,1421028.84,3,Loyal High-Frequency,0
CUST05278,1,1062,2127280.33,0,VIP / Champions,0
CUST05279,1,698,1408183.38,7,Recent Loyal Customers,0
CUST05280,1,417,899235.71,1,High-Value Regulars,0
CUST05281,6,469,958725.21,4,Less-Recent Regulars,0
CUST05282,9,353,731380.33,6,At-Risk Customers,0
CUST05283,2,316,732186.42,5,Recent Medium-Value,0
CUST05284,1,342,678698.98,5,Recent Medium-Value,0
CUST05285,1,452,942209.07,1,High-Value Regulars,0
CUST05286,6,482,1030617.02,4,Less-Recent Regulars,0
CUST05287,2,302,659196.24,5,Recent Medium-Value,0
CUST05288,2,524,1129834.67,1,High-Value Regulars,0
CUST05289,2,1095,2450974.91,0,VIP / Champions,0
CUST05290,3,461,934192.17,4,Less-Recent Regulars,0
CUST05291,1,442,979265.84,1,High-Value Regulars,0
CUST05292,6,344,653579.44,2,Occasional Customers,0
CUST05293,2,333,702898.34,5,Recent Medium-Value,0
CUST05294,9,334,699889.43,6,At-Risk Customers,0
CUST05295,3,312,721578.93,2,Occasional Customers,0
CUST05296,1,477,1064273.06,1,High-Value Regulars,0
CUST05297,2,1076,2246579.87,0,VIP / Champions,0
CUST05298,1,308,634732.76,5,Recent Medium-Value,0
CUST05299,1,322,611435.84,5,Recent Medium-Value,0
CUST05300,2,339,705735.43,5,Recent Medium-Value,0
CUST05301,3,319,774040.57,2,Occasional Customers,0
CUST05302,1,466,974029.27,1,High-Value Regulars,0
CUST05303,1,708,1491628.64,7,Recent Loyal Customers,0
CUST05304,1,690,1459796.92,7,Recent Loyal Customers,0
CUST05305,4,353,739801.33,2,Occasional Customers,0
CUST05306,1,749,1566846.03,7,Recent Loyal Customers,0
CUST05307,8,298,619063.73,6,At-Risk Customers,0
CUST05308,7,320,634313.65,6,At-Risk Customers,0
CUST05309,1,1092,2314394.17,0,VIP / Champions,0
CUST05310,3,701,1421604.09,3,Loyal High-Frequency,0
CUST05311,3,336,773975.85,2,Occasional Customers,0
CUST05312,7,477,979309.95,4,Less-Recent Regulars,0
CUST05313,2,492,1056269.06,1,High-Value Regulars,0
CUST05314,1,1009,2156204.81,0,VIP / Champions,0
CUST05315,1,334,716704.83,5,Recent Medium-Value,0
CUST05316,5,302,592934.63,2,Occasional Customers,0
CUST05317,2,447,856765.13,1,High-Value Regulars,0
CUST05318,20,301,590891.98,6,At-Risk Customers,0
CUST05319,1,744,1439595.24,7,Recent Loyal Customers,0
CUST05320,4,337,664616.82,2,Occasional Customers,0
CUST05321,1,711,1442143.14,7,Recent Loyal Customers,0
CUST05322,3,298,599714.02,2,Occasional Customers,0
CUST05323,1,649,1469006.17,7,Recent Loyal Customers,0
CUST05324,11,294,580066.24,6,At-Risk Customers,0
CUST05325,9,305,674854.57,6,At-Risk Customers,0
CUST05326,7,325,703467.94,6,At-Risk Customers,0
CUST05327,2,482,1126843.88,1,High-Value Regulars,0
CUST05328,1,299,681033.36,5,Recent Medium-Value,0
CUST05329,11,320,603430.86,6,At-Risk Customers,0
CUST05330,2,717,1614380.0,3,Loyal High-Frequency,0
CUST05331,8,297,626717.16,6,At-Risk Customers,0
CUST05332,4,360,766993.25,2,Occasional Customers,0
CUST05333,1,432,917528.09,1,High-Value Regulars,0
CUST05334,3,328,748798.77,2,Occasional Customers,0
CUST05335,6,695,1387703.11,3,Loyal High-Frequency,0
CUST05336,1,447,891150.12,1,High-Value Regulars,0
CUST05337,1,1119,2286278.44,0,VIP / Champions,0
CUST05338,1,323,683202.68,5,Recent Medium-Value,0
CUST05339,2,488,996607.2,1,High-Value Regulars,0
CUST05340,1,654,1333256.51,7,Recent Loyal Customers,0
CUST05341,3,468,1047391.23,4,Less-Recent Regulars,0
CUST05342,2,319,664404.16,5,Recent Medium-Value,0
CUST05343,7,312,693986.86,6,At-Risk Customers,0
CUST05344,2,460,1051061.41,1,High-Value Regulars,0
CUST05345,1,507,982014.51,1,High-Value Regulars,0
CUST05346,1,311,648272.39,5,Recent Medium-Value,0
CUST05347,2,704,1453664.98,3,Loyal High-Frequency,0
CUST05348,3,329,741316.57,2,Occasional Customers,0
CUST05349,1,1075,2086147.42,0,VIP / Champions,0
CUST05350,2,689,1386993.36,3,Loyal High-Frequency,0
CUST05351,2,475,902548.51,1,High-Value Regulars,0
CUST05352,2,476,1038064.72,1,High-Value Regulars,0
CUST05353,3,334,655962.86,2,Occasional Customers,0
CUST05354,5,334,654498.25,2,Occasional Customers,0
CUST05355,1,681,1412803.44,7,Recent Loyal Customers,0
CUST05356,1,1066,2394333.47,0,VIP / Champions,0
CUST05357,1,315,669212.89,5,Recent Medium-Value,0
CUST05358,1,626,1281405.13,7,Recent Loyal Customers,0
CUST05359,5,306,613833.89,2,Occasional Customers,0
CUST05360,2,466,864976.73,1,High-Value Regulars,0
CUST05361,4,728,1447026.23,3,Loyal High-Frequency,0
CUST05362,1,344,708188.17,5,Recent Medium-Value,0
CUST05363,6,321,638465.36,2,Occasional Customers,0
CUST05364,2,453,882901.61,1,High-Value Regulars,0
CUST05365,11,533,1165746.88,4,Less-Recent Regulars,0
CUST05366,1,460,986176.55,1,High-Value Regulars,0
CUST05367,2,464,1065920.81,1,High-Value Regulars,0
CUST05368,1,1077,2240234.43,0,VIP / Champions,0
CUST05369,1,369,746564.25,5,Recent Medium-Value,0
CUST05370,1,1024,2148819.9,0,VIP / Champions,0
CUST05371,9,313,602435.99,6,At-Risk Customers,0
CUST05372,3,1089,2448134.1,0,VIP / Champions,0
CUST05373,3,692,1608973.4,3,Loyal High-Frequency,0
CUST05374,1,714,1442189.08,7,Recent Loyal Customers,0
CUST05375,1,725,1411955.32,7,Recent Loyal Customers,0
CUST05376,1,361,775651.52,5,Recent Medium-Value,0
CUST05377,7,410,833547.98,6,At-Risk Customers,0
CUST05378,1,353,783832.06,5,Recent Medium-Value,0
CUST05379,4,314,651933.3,2,Occasional Customers,0
CUST05380,1,510,1083686.55,1,High-Value Regulars,0
CUST05381,2,444,929360.91,1,High-Value Regulars,0
CUST05382,1,698,1363052.79,7,Recent Loyal Customers,0
CUST05383,6,455,919929.38,4,Less-Recent Regulars,0
CUST05384,1,300,625202.21,5,Recent Medium-Value,0
CUST05385,11,335,761486.27,6,At-Risk Customers,0
CUST05386,6,714,1553527.34,3,Loyal High-Frequency,0
CUST05387,3,655,1344406.63,3,Loyal High-Frequency,0
CUST05388,1,475,1098903.1,1,High-Value Regulars,0
CUST05389,6,343,727009.96,2,Occasional Customers,0
CUST05390,1,737,1635048.23,7,Recent Loyal Customers,0
CUST05391,4,312,684515.31,2,Occasional Customers,0
CUST05392,1,1076,2285089.34,0,VIP / Champions,0
CUST05393,1,465,976944.96,1,High-Value Regulars,0
CUST05394,1,482,1074491.75,1,High-Value Regulars,0
CUST05395,1,340,669757.59,5,Recent Medium-Value,0
CUST05396,2,317,643784.37,5,Recent Medium-Value,0
CUST05397,1,294,684354.3,5,Recent Medium-Value,0
CUST05398,2,430,959120.45,1,High-Value Regulars,0
CUST05399,1,435,816900.01,1,High-Value Regulars,0
CUST05400,1,479,1009306.52,1,High-Value Regulars,0
CUST05401,1,717,1451990.6,7,Recent Loyal Customers,0
CUST05402,7,286,618384.47,6,At-Risk Customers,0
CUST05403,1,1069,2225360.37,0,VIP / Champions,0
CUST05404,3,459,1004811.74,4,Less-Recent Regulars,0
CUST05405,6,338,660582.01,2,Occasional Customers,0
CUST05406,1,441,1025418.0599999999,1,High-Value Regulars,0
CUST05407,1,446,860482.82,1,High-Value Regulars,0
CUST05408,2,659,1351259.96,3,Loyal High-Frequency,0
CUST05409,6,333,659836.07,2,Occasional Customers,0
CUST05410,5,482,945638.72,4,Less-Recent Regulars,0
CUST05411,8,675,1458003.47,3,Loyal High-Frequency,0
CUST05412,1,1079,2240177.88,0,VIP / Champions,0
CUST05413,4,341,746718.6,2,Occasional Customers,0
CUST05414,1,474,927080.62,1,High-Value Regulars,0
CUST05415,3,329,691109.99,2,Occasional Customers,0
CUST05416,1,335,642183.17,5,Recent Medium-Value,0
CUST05417,1,476,1029408.9400000001,1,High-Value Regulars,0
CUST05418,3,312,616241.65,2,Occasional Customers,0
CUST05419,3,504,1047620.09,4,Less-Recent Regulars,0
CUST05420,1,331,806258.57,5,Recent Medium-Value,0
CUST05421,2,629,1352719.01,3,Loyal High-Frequency,0
CUST05422,2,701,1398802.51,3,Loyal High-Frequency,0
CUST05423,1,340,651601.83,5,Recent Medium-Value,0
CUST05424,12,337,665317.91,6,At-Risk Customers,0
CUST05425,2,442,949072.25,1,High-Value Regulars,0
CUST05426,4,478,1040741.57,4,Less-Recent Regulars,0
CUST05427,1,427,911174.98,1,High-Value Regulars,0
CUST05428,6,318,706492.4,2,Occasional Customers,0
CUST05429,4,466,1008926.1,4,Less-Recent Regulars,0
CUST05430,12,316,727472.84,6,At-Risk Customers,0
CUST05431,2,335,674996.75,5,Recent Medium-Value,0
CUST05432,3,318,635217.64,2,Occasional Customers,0
CUST05433,1,663,1410094.03,7,Recent Loyal Customers,0
CUST05434,1,689,1473653.57,7,Recent Loyal Customers,0
CUST05435,11,290,605106.85,6,At-Risk Customers,0
CUST05436,1,333,755368.43,5,Recent Medium-Value,0
CUST05437,3,323,675089.83,2,Occasional Customers,0
CUST05438,3,461,823758.26,4,Less-Recent Regulars,0
CUST05439,5,329,704727.83,2,Occasional Customers,0
CUST05440,1,669,1375404.13,7,Recent Loyal Customers,0
CUST05441,2,501,1135714.19,1,High-Value Regulars,0
CUST05442,1,678,1532239.83,7,Recent Loyal Customers,0
CUST05443,7,325,699495.04,6,At-Risk Customers,0
CUST05444,2,462,885055.94,1,High-Value Regulars,0
CUST05445,8,355,741544.28,6,At-Risk Customers,0
CUST05446,3,454,940607.33,4,Less-Recent Regulars,0
CUST05447,1,347,669220.71,5,Recent Medium-Value,0
CUST05448,2,318,627903.45,5,Recent Medium-Value,0
CUST05449,2,355,771306.83,5,Recent Medium-Value,0
CUST05450,3,460,1001576.72,4,Less-Recent Regulars,0
CUST05451,2,712,1582529.01,3,Loyal High-Frequency,0
CUST05452,2,1035,2138745.06,0,VIP / Champions,0
CUST05453,1,488,1021531.83,1,High-Value Regulars,0
CUST05454,1,712,1521303.58,7,Recent Loyal Customers,0
CUST05455,2,354,771387.61,5,Recent Medium-Value,0
CUST05456,1,699,1424498.57,7,Recent Loyal Customers,0
CUST05457,1,324,646574.06,5,Recent Medium-Value,0
CUST05458,2,498,1143531.66,1,High-Value Regulars,0
CUST05459,6,334,603768.15,2,Occasional Customers,0
CUST05460,2,445,929740.72,1,High-Value Regulars,0
CUST05461,2,451,937685.45,1,High-Value Regulars,0
CUST05462,3,676,1531528.49,3,Loyal High-Frequency,0
CUST05463,3,311,633732.53,2,Occasional Customers,0
CUST05464,3,712,1463657.39,3,Loyal High-Frequency,0
CUST05465,4,324,757964.4,2,Occasional Customers,0
CUST05466,1,318,673191.94,5,Recent Medium-Value,0
CUST05467,9,323,670673.26,6,At-Risk Customers,0
CUST05468,2,300,649361.58,5,Recent Medium-Value,0
CUST05469,4,430,984165.79,4,Less-Recent Regulars,0
CUST05470,2,332,650274.72,5,Recent Medium-Value,0
CUST05471,1,698,1372611.69,7,Recent Loyal Customers,0
CUST05472,2,1068,2114800.04,0,VIP / Champions,0
CUST05473,2,466,952523.98,1,High-Value Regulars,0
CUST05474,1,476,981425.86,1,High-Value Regulars,0
CUST05475,7,449,874963.2,4,Less-Recent Regulars,0
CUST05476,11,351,719701.3,6,At-Risk Customers,0
CUST05477,4,444,948222.22,4,Less-Recent Regulars,0
CUST05478,1,447,906707.53,1,High-Value Regulars,0
CUST05479,9,362,729944.73,6,At-Risk Customers,0
CUST05480,1,498,1034533.46,1,High-Value Regulars,0
CUST05481,1,501,1088259.23,1,High-Value Regulars,0
CUST05482,2,1072,2129075.3,0,VIP / Champions,0
CUST05483,4,697,1481470.06,3,Loyal High-Frequency,0
CUST05484,1,678,1380567.28,7,Recent Loyal Customers,0
CUST05485,1,1100,2422714.85,0,VIP / Champions,0
CUST05486,1,454,882951.1900000001,1,High-Value Regulars,0
CUST05487,1,1045,2159010.26,0,VIP / Champions,0
CUST05488,1,452,888912.04,1,High-Value Regulars,0
CUST05489,7,308,686417.26,6,At-Risk Customers,0
CUST05490,1,712,1417004.79,7,Recent Loyal Customers,0
CUST05491,1,705,1561499.91,7,Recent Loyal Customers,0
CUST05492,1,494,1029645.79,1,High-Value Regulars,0
CUST05493,1,497,1085175.51,1,High-Value Regulars,0
CUST05494,1,700,1545913.8,7,Recent Loyal Customers,0
CUST05495,2,338,804155.62,5,Recent Medium-Value,0
CUST05496,1,736,1571703.02,7,Recent Loyal Customers,0
CUST05497,2,329,671814.35,5,Recent Medium-Value,0
CUST05498,2,1090,2256318.75,0,VIP / Champions,0
CUST05499,1,366,764530.81,5,Recent Medium-Value,0
CUST05500,6,436,829573.83,4,Less-Recent Regulars,0
CUST05501,2,737,1610527.35,3,Loyal High-Frequency,0
CUST05502,8,343,811720.61,6,At-Risk Customers,0
CUST05503,1,677,1541368.55,7,Recent Loyal Customers,0
CUST05504,4,446,1082769.31,4,Less-Recent Regulars,0
CUST05505,3,306,705954.65,2,Occasional Customers,0
CUST05506,4,430,982851.7,4,Less-Recent Regulars,0
CUST05507,1,337,723041.63,5,Recent Medium-Value,0
CUST05508,1,1117,2229137.34,0,VIP / Champions,0
CUST05509,2,471,988088.59,1,High-Value Regulars,0
CUST05510,1,710,1368004.13,7,Recent Loyal Customers,0
CUST05511,1,467,970532.32,1,High-Value Regulars,0
CUST05512,2,1083,2259281.39,0,VIP / Champions,0
CUST05513,1,449,955156.13,1,High-Value Regulars,0
CUST05514,2,349,702330.83,5,Recent Medium-Value,0
CUST05515,2,373,813044.21,5,Recent Medium-Value,0
CUST05516,5,315,675343.3,2,Occasional Customers,0
CUST05517,1,1048,2234832.56,0,VIP / Champions,0
CUST05518,1,1065,2100469.69,0,VIP / Champions,0
CUST05519,3,336,737298.41,2,Occasional Customers,0
CUST05520,1,349,827607.1,5,Recent Medium-Value,0
CUST05521,1,340,685544.1,5,Recent Medium-Value,0
CUST05522,4,446,941529.94,4,Less-Recent Regulars,0
CUST05523,8,461,967515.66,4,Less-Recent Regulars,0
CUST05524,1,1057,2273929.46,0,VIP / Champions,0
CUST05525,2,313,740928.34,5,Recent Medium-Value,0
CUST05526,4,462,953578.16,4,Less-Recent Regulars,0
CUST05527,1,689,1509071.93,7,Recent Loyal Customers,0
CUST05528,1,350,689407.9400000001,5,Recent Medium-Value,0
CUST05529,1,647,1474937.31,7,Recent Loyal Customers,0
CUST05530,2,462,1016855.82,1,High-Value Regulars,0
CUST05531,4,1050,2162580.33,0,VIP / Champions,0
CUST05532,1,1113,2240112.29,0,VIP / Champions,0
CUST05533,10,428,858078.92,6,At-Risk Customers,0
CUST05534,1,680,1509529.67,7,Recent Loyal Customers,0
CUST05535,1,1132,2399039.54,0,VIP / Champions,0
CUST05536,2,696,1557324.32,3,Loyal High-Frequency,0
CUST05537,1,450,953338.7,1,High-Value Regulars,0
CUST05538,2,328,693670.78,5,Recent Medium-Value,0
CUST05539,5,361,729788.49,2,Occasional Customers,0
CUST05540,2,665,1434505.71,3,Loyal High-Frequency,0
CUST05541,3,314,714764.47,2,Occasional Customers,0
CUST05542,1,691,1486598.15,7,Recent Loyal Customers,0
CUST05543,2,462,1007905.52,1,High-Value Regulars,0
CUST05544,1,707,1433920.55,7,Recent Loyal Customers,0
CUST05545,1,457,917174.44,1,High-Value Regulars,0
CUST05546,9,328,820154.55,6,At-Risk Customers,0
CUST05547,1,1038,2185472.36,0,VIP / Champions,0
CUST05548,1,487,973817.99,1,High-Value Regulars,0
CUST05549,3,480,978729.74,4,Less-Recent Regulars,0
CUST05550,1,1109,2400480.11,0,VIP / Champions,0
CUST05551,3,459,976344.11,4,Less-Recent Regulars,0
CUST05552,1,333,711125.79,5,Recent Medium-Value,0
CUST05553,10,312,671900.47,6,At-Risk Customers,0
CUST05554,7,465,1007202.74,4,Less-Recent Regulars,0
CUST05555,2,740,1470185.99,3,Loyal High-Frequency,0
CUST05556,1,461,939010.27,1,High-Value Regulars,0
CUST05557,2,490,984450.87,1,High-Value Regulars,0
CUST05558,4,459,1024040.64,4,Less-Recent Regulars,0
CUST05559,4,280,583418.23,2,Occasional Customers,0
CUST05560,4,463,957270.67,4,Less-Recent Regulars,0
CUST05561,2,728,1514680.96,3,Loyal High-Frequency,0
CUST05562,1,335,658182.71,5,Recent Medium-Value,0
CUST05563,3,475,1010525.01,4,Less-Recent Regulars,0
CUST05564,1,462,983998.57,1,High-Value Regulars,0
CUST05565,1,675,1537918.6,7,Recent Loyal Customers,0
CUST05566,1,686,1530984.98,7,Recent Loyal Customers,0
CUST05567,3,708,1444280.96,3,Loyal High-Frequency,0
CUST05568,5,701,1528943.94,3,Loyal High-Frequency,0
CUST05569,4,470,951130.96,4,Less-Recent Regulars,0
CUST05570,3,348,770334.01,2,Occasional Customers,0
CUST05571,2,703,1470675.39,3,Loyal High-Frequency,0
CUST05572,1,714,1534957.07,7,Recent Loyal Customers,0
CUST05573,3,349,673247.17,2,Occasional Customers,0
CUST05574,2,715,1501965.68,3,Loyal High-Frequency,0
CUST05575,3,641,1350388.55,3,Loyal High-Frequency,0
CUST05576,3,502,1002739.32,4,Less-Recent Regulars,0
CUST05577,1,634,1291636.98,7,Recent Loyal Customers,0
CUST05578,2,1038,2142909.2600000002,0,VIP / Champions,0
CUST05579,7,309,609983.91,6,At-Risk Customers,0
CUST05580,2,320,663133.0,5,Recent Medium-Value,0
CUST05581,1,346,735051.32,5,Recent Medium-Value,0
CUST05582,1,1093,2238384.69,0,VIP / Champions,0
CUST05583,3,324,741354.75,2,Occasional Customers,0
CUST05584,2,477,1049277.22,1,High-Value Regulars,0
CUST05585,3,344,669582.97,2,Occasional Customers,0
CUST05586,2,515,1176601.22,1,High-Value Regulars,0
CUST05587,1,463,896758.1799999999,1,High-Value Regulars,0
CUST05588,5,322,674619.51,2,Occasional Customers,0
CUST05589,6,454,956684.69,4,Less-Recent Regulars,0
CUST05590,2,483,1076423.47,1,High-Value Regulars,0
CUST05591,1,497,1087618.15,1,High-Value Regulars,0
CUST05592,1,1045,2212901.85,0,VIP / Champions,0
CUST05593,3,354,745348.68,2,Occasional Customers,0
CUST05594,1,1099,2302056.66,0,VIP / Champions,0
CUST05595,3,733,1494386.68,3,Loyal High-Frequency,0
CUST05596,2,335,715799.48,5,Recent Medium-Value,0
CUST05597,5,329,741652.62,2,Occasional Customers,0
CUST05598,7,350,725269.36,6,At-Risk Customers,0
CUST05599,2,718,1404822.29,3,Loyal High-Frequency,0
CUST05600,2,281,577811.74,5,Recent Medium-Value,0
CUST05601,1,336,779751.42,5,Recent Medium-Value,0
CUST05602,3,722,1521727.22,3,Loyal High-Frequency,0
CUST05603,1,678,1411730.2,7,Recent Loyal Customers,0
CUST05604,1,715,1633906.38,7,Recent Loyal Customers,0
CUST05605,2,507,1068894.79,1,High-Value Regulars,0
CUST05606,1,732,1510923.86,7,Recent Loyal Customers,0
CUST05607,1,491,1032265.68,1,High-Value Regulars,0
CUST05608,2,696,1457911.97,3,Loyal High-Frequency,0
CUST05609,2,736,1584644.19,3,Loyal High-Frequency,0
CUST05610,1,457,1003851.16,1,High-Value Regulars,0
CUST05611,1,480,1011277.59,1,High-Value Regulars,0
CUST05612,2,331,716919.24,5,Recent Medium-Value,0
CUST05613,2,436,953395.39,1,High-Value Regulars,0
CUST05614,3,1074,2321597.23,0,VIP / Champions,0
CUST05615,1,1135,2411674.22,0,VIP / Champions,0
CUST05616,3,317,655133.01,2,Occasional Customers,0
CUST05617,7,351,721346.76,6,At-Risk Customers,0
CUST05618,2,361,789138.86,5,Recent Medium-Value,0
CUST05619,2,660,1411154.24,3,Loyal High-Frequency,0
CUST05620,5,478,1008684.98,4,Less-Recent Regulars,0
CUST05621,3,724,1453372.06,3,Loyal High-Frequency,0
CUST05622,14,341,696797.82,6,At-Risk Customers,0
CUST05623,5,447,1034325.53,4,Less-Recent Regulars,0
CUST05624,1,487,1101042.0,1,High-Value Regulars,0
CUST05625,5,468,944764.5,4,Less-Recent Regulars,0
CUST05626,3,678,1411981.1,3,Loyal High-Frequency,0
CUST05627,2,694,1449858.2,3,Loyal High-Frequency,0
CUST05628,3,315,693246.58,2,Occasional Customers,0
CUST05629,4,699,1478379.9,3,Loyal High-Frequency,0
CUST05630,1,1066,2211217.64,0,VIP / Champions,0
CUST05631,1,742,1530800.89,7,Recent Loyal Customers,0
CUST05632,1,310,660467.48,5,Recent Medium-Value,0
CUST05633,2,320,656105.52,5,Recent Medium-Value,0
CUST05634,2,320,624189.64,5,Recent Medium-Value,0
CUST05635,2,1056,2229230.49,0,VIP / Champions,0
CUST05636,2,476,931597.84,1,High-Value Regulars,0
CUST05637,2,1119,2327574.3,0,VIP / Champions,0
CUST05638,3,675,1340673.69,3,Loyal High-Frequency,0
CUST05639,6,328,680730.44,2,Occasional Customers,0
CUST05640,1,326,703396.62,5,Recent Medium-Value,0
CUST05641,1,469,1036574.42,1,High-Value Regulars,0
CUST05642,4,345,712113.18,2,Occasional Customers,0
CUST05643,4,458,1101527.89,4,Less-Recent Regulars,0
CUST05644,8,359,776933.43,6,At-Risk Customers,0
CUST05645,1,462,987899.34,1,High-Value Regulars,0
CUST05646,1,663,1456811.91,7,Recent Loyal Customers,0
CUST05647,1,321,669917.87,5,Recent Medium-Value,0
CUST05648,1,317,608453.49,5,Recent Medium-Value,0
CUST05649,1,1066,2121836.77,0,VIP / Champions,0
CUST05650,2,447,963806.28,1,High-Value Regulars,0
CUST05651,1,331,659216.19,5,Recent Medium-Value,0
CUST05652,1,483,1087979.63,1,High-Value Regulars,0
CUST05653,2,323,687357.05,5,Recent Medium-Value,0
CUST05654,5,308,600865.91,2,Occasional Customers,0
CUST05655,2,685,1411404.74,3,Loyal High-Frequency,0
CUST05656,5,352,717621.83,2,Occasional Customers,0
CUST05657,1,299,635761.17,5,Recent Medium-Value,0
CUST05658,3,315,656433.1,2,Occasional Customers,0
CUST05659,2,681,1525987.65,3,Loyal High-Frequency,0
CUST05660,5,295,543101.23,2,Occasional Customers,0
CUST05661,4,442,1010108.4,4,Less-Recent Regulars,0
CUST05662,2,332,769517.96,5,Recent Medium-Value,0
CUST05663,1,1103,2539423.53,0,VIP / Champions,0
CUST05664,1,739,1512697.49,7,Recent Loyal Customers,0
CUST05665,3,732,1641646.13,3,Loyal High-Frequency,0
CUST05666,2,722,1448781.07,3,Loyal High-Frequency,0
CUST05667,2,1040,2103736.47,0,VIP / Champions,0
CUST05668,1,465,1001948.86,1,High-Value Regulars,0
CUST05669,9,752,1653019.35,3,Loyal High-Frequency,0
CUST05670,1,683,1356351.09,7,Recent Loyal Customers,0
CUST05671,1,447,1083748.45,1,High-Value Regulars,0
CUST05672,10,292,636354.84,6,At-Risk Customers,0
CUST05673,10,507,1066561.15,6,At-Risk Customers,0
CUST05674,1,701,1515870.94,7,Recent Loyal Customers,0
CUST05675,1,469,989541.07,1,High-Value Regulars,0
CUST05676,1,703,1401534.42,7,Recent Loyal Customers,0
CUST05677,3,312,648106.69,2,Occasional Customers,0
CUST05678,4,316,626993.62,2,Occasional Customers,0
CUST05679,7,323,685233.55,6,At-Risk Customers,0
CUST05680,3,463,994398.8099999999,4,Less-Recent Regulars,0
CUST05681,5,340,743694.53,2,Occasional Customers,0
CUST05682,4,363,759392.29,2,Occasional Customers,0
CUST05683,1,1033,2163083.84,0,VIP / Champions,0
CUST05684,3,687,1489988.88,3,Loyal High-Frequency,0
CUST05685,7,275,536887.94,6,At-Risk Customers,0
CUST05686,9,342,792843.33,6,At-Risk Customers,0
CUST05687,16,335,722594.9400000001,6,At-Risk Customers,0
CUST05688,5,328,691000.01,2,Occasional Customers,0
CUST05689,2,330,689317.61,5,Recent Medium-Value,0
CUST05690,8,341,768642.4,6,At-Risk Customers,0
CUST05691,2,708,1446473.7,3,Loyal High-Frequency,0
CUST05692,7,345,696447.03,6,At-Risk Customers,0
CUST05693,1,678,1383116.97,7,Recent Loyal Customers,0
CUST05694,1,1119,2401693.5,0,VIP / Champions,0
CUST05695,2,488,1114015.05,1,High-Value Regulars,0
CUST05696,2,326,659527.73,5,Recent Medium-Value,0
CUST05697,3,476,1056245.61,4,Less-Recent Regulars,0
CUST05698,1,1148,2413783.33,0,VIP / Champions,0
CUST05699,1,695,1537184.21,7,Recent Loyal Customers,0
CUST05700,8,330,709161.88,6,At-Risk Customers,0
CUST05701,1,712,1542975.33,7,Recent Loyal Customers,0
CUST05702,2,492,1026178.96,1,High-Value Regulars,0
CUST05703,1,479,981410.3099999999,1,High-Value Regulars,0
CUST05704,1,297,709094.66,5,Recent Medium-Value,0
CUST05705,6,476,975056.16,4,Less-Recent Regulars,0
CUST05706,2,719,1343264.28,3,Loyal High-Frequency,0
CUST05707,7,332,763650.13,6,At-Risk Customers,0
CUST05708,1,1102,2398148.72,0,VIP / Champions,0
CUST05709,1,330,700561.27,5,Recent Medium-Value,0
CUST05710,2,326,718436.67,5,Recent Medium-Value,0
CUST05711,1,499,1069272.31,1,High-Value Regulars,0
CUST05712,2,335,732580.23,5,Recent Medium-Value,0
CUST05713,2,462,924340.76,1,High-Value Regulars,0
CUST05714,3,461,1005653.71,4,Less-Recent Regulars,0
CUST05715,2,474,930908.23,1,High-Value Regulars,0
CUST05716,3,452,984779.51,4,Less-Recent Regulars,0
CUST05717,5,325,692393.49,2,Occasional Customers,0
CUST05718,11,318,706308.87,6,At-Risk Customers,0
CUST05719,5,457,987846.63,4,Less-Recent Regulars,0
CUST05720,1,712,1566314.29,7,Recent Loyal Customers,0
CUST05721,1,718,1511152.47,7,Recent Loyal Customers,0
CUST05722,3,368,755107.76,2,Occasional Customers,0
CUST05723,7,340,759654.64,6,At-Risk Customers,0
CUST05724,1,315,711736.47,5,Recent Medium-Value,0
CUST05725,2,382,822195.76,5,Recent Medium-Value,0
CUST05726,7,504,1060974.35,4,Less-Recent Regulars,0
CUST05727,1,465,835409.06,1,High-Value Regulars,0
CUST05728,5,473,1043055.19,4,Less-Recent Regulars,0
CUST05729,8,326,682017.01,6,At-Risk Customers,0
CUST05730,2,322,685646.88,5,Recent Medium-Value,0
CUST05731,1,752,1685805.64,7,Recent Loyal Customers,0
CUST05732,2,676,1483856.72,3,Loyal High-Frequency,0
CUST05733,3,708,1521987.6,3,Loyal High-Frequency,0
CUST05734,3,314,686355.35,2,Occasional Customers,0
CUST05735,1,720,1455791.94,7,Recent Loyal Customers,0
CUST05736,1,1072,2198520.74,0,VIP / Champions,0
CUST05737,1,679,1470106.28,7,Recent Loyal Customers,0
CUST05738,7,312,588037.68,6,At-Risk Customers,0
CUST05739,1,299,609349.55,5,Recent Medium-Value,0
CUST05740,2,1093,2368034.25,0,VIP / Champions,0
CUST05741,1,451,970964.61,1,High-Value Regulars,0
CUST05742,2,708,1547430.64,3,Loyal High-Frequency,0
CUST05743,4,304,660925.59,2,Occasional Customers,0
CUST05744,3,475,913512.29,4,Less-Recent Regulars,0
CUST05745,4,344,714045.89,2,Occasional Customers,0
CUST05746,2,670,1425138.9,3,Loyal High-Frequency,0
CUST05747,3,324,706570.47,2,Occasional Customers,0
CUST05748,2,485,958231.83,1,High-Value Regulars,0
CUST05749,5,688,1361099.09,3,Loyal High-Frequency,0
CUST05750,1,698,1527981.27,7,Recent Loyal Customers,0
CUST05751,2,666,1343263.92,3,Loyal High-Frequency,0
CUST05752,5,325,681601.97,2,Occasional Customers,0
CUST05753,2,465,937432.3,1,High-Value Regulars,0
CUST05754,1,308,662257.9,5,Recent Medium-Value,0
CUST05755,1,1111,2369240.33,0,VIP / Champions,0
CUST05756,4,455,1011287.39,4,Less-Recent Regulars,0
CUST05757,2,1041,2091926.36,0,VIP / Champions,0
CUST05758,13,312,641520.59,6,At-Risk Customers,0
CUST05759,1,674,1609263.99,7,Recent Loyal Customers,0
CUST05760,1,464,960070.6,1,High-Value Regulars,0
CUST05761,1,492,1030852.21,1,High-Value Regulars,0
CUST05762,4,703,1501014.36,3,Loyal High-Frequency,0
CUST05763,2,343,754152.17,5,Recent Medium-Value,0
CUST05764,1,286,576882.43,5,Recent Medium-Value,0
CUST05765,3,317,738593.11,2,Occasional Customers,0
CUST05766,2,486,927319.85,1,High-Value Regulars,0
CUST05767,2,479,1030063.33,1,High-Value Regulars,0
CUST05768,1,1050,2104195.18,0,VIP / Champions,0
CUST05769,2,736,1606977.91,3,Loyal High-Frequency,0
CUST05770,1,461,905846.15,1,High-Value Regulars,0
CUST05771,1,449,929601.52,1,High-Value Regulars,0
CUST05772,1,458,999116.72,1,High-Value Regulars,0
CUST05773,3,471,953095.25,4,Less-Recent Regulars,0
CUST05774,2,685,1498198.97,3,Loyal High-Frequency,0
CUST05775,1,315,689545.4,5,Recent Medium-Value,0
CUST05776,4,342,797249.87,2,Occasional Customers,0
CUST05777,1,686,1350691.18,7,Recent Loyal Customers,0
CUST05778,2,734,1525801.59,3,Loyal High-Frequency,0
CUST05779,1,732,1495363.51,7,Recent Loyal Customers,0
CUST05780,5,465,919017.48,4,Less-Recent Regulars,0
CUST05781,1,306,678461.26,5,Recent Medium-Value,0
CUST05782,1,698,1403399.87,7,Recent Loyal Customers,0
CUST05783,2,696,1471802.07,3,Loyal High-Frequency,0
CUST05784,3,475,1039963.39,4,Less-Recent Regulars,0
CUST05785,1,336,717537.99,5,Recent Medium-Value,0
CUST05786,1,294,607552.3,5,Recent Medium-Value,0
CUST05787,2,512,1127933.09,1,High-Value Regulars,0
CUST05788,1,512,1118509.36,1,High-Value Regulars,0
CUST05789,2,444,1004236.78,1,High-Value Regulars,0
CUST05790,5,326,663424.03,2,Occasional Customers,0
CUST05791,5,460,942276.1,4,Less-Recent Regulars,0
CUST05792,2,746,1542444.4,3,Loyal High-Frequency,0
CUST05793,4,474,928898.29,4,Less-Recent Regulars,0
CUST05794,1,478,1017431.96,1,High-Value Regulars,0
CUST05795,1,1122,2398906.97,0,VIP / Champions,0
CUST05796,2,465,1061625.84,1,High-Value Regulars,0
CUST05797,3,716,1451739.18,3,Loyal High-Frequency,0
CUST05798,3,303,643336.72,2,Occasional Customers,0
CUST05799,2,323,658080.65,5,Recent Medium-Value,0
CUST05800,2,1067,2142675.72,0,VIP / Champions,0
CUST05801,1,1069,2274826.07,0,VIP / Champions,0
CUST05802,4,339,781474.36,2,Occasional Customers,0
CUST05803,2,1085,2312954.55,0,VIP / Champions,0
CUST05804,1,689,1529417.43,7,Recent Loyal Customers,0
CUST05805,3,304,667313.68,2,Occasional Customers,0
CUST05806,8,321,744937.68,6,At-Risk Customers,0
CUST05807,3,479,973169.53,4,Less-Recent Regulars,0
CUST05808,2,336,755145.03,5,Recent Medium-Value,0
CUST05809,1,702,1540771.81,7,Recent Loyal Customers,0
CUST05810,1,747,1565388.74,7,Recent Loyal Customers,0
CUST05811,3,481,945275.26,4,Less-Recent Regulars,0
CUST05812,2,681,1300591.86,3,Loyal High-Frequency,0
CUST05813,2,459,918117.08,1,High-Value Regulars,0
CUST05814,7,505,1031139.74,4,Less-Recent Regulars,0
CUST05815,1,450,882621.47,1,High-Value Regulars,0
CUST05816,6,433,952651.54,4,Less-Recent Regulars,0
CUST05817,2,1037,2229155.62,0,VIP / Champions,0
CUST05818,1,326,676273.01,5,Recent Medium-Value,0
CUST05819,4,300,608611.64,2,Occasional Customers,0
CUST05820,1,453,1019980.92,1,High-Value Regulars,0
CUST05821,1,1013,2110231.16,0,VIP / Champions,0
CUST05822,1,467,974346.28,1,High-Value Regulars,0
CUST05823,6,331,690669.28,2,Occasional Customers,0
CUST05824,2,1145,2475516.33,0,VIP / Champions,0
CUST05825,4,299,591322.14,2,Occasional Customers,0
CUST05826,5,327,655331.21,2,Occasional Customers,0
CUST05827,1,475,994407.96,1,High-Value Regulars,0
CUST05828,1,455,933036.44,1,High-Value Regulars,0
CUST05829,1,320,663583.39,5,Recent Medium-Value,0
CUST05830,4,460,1058795.13,4,Less-Recent Regulars,0
CUST05831,3,445,928209.87,4,Less-Recent Regulars,0
CUST05832,3,340,670332.63,2,Occasional Customers,0
CUST05833,2,461,905330.69,1,High-Value Regulars,0
CUST05834,7,358,712038.82,6,At-Risk Customers,0
CUST05835,4,318,747943.49,2,Occasional Customers,0
CUST05836,2,1081,2264620.08,0,VIP / Champions,0
CUST05837,2,327,720242.03,5,Recent Medium-Value,0
CUST05838,4,486,1010711.54,4,Less-Recent Regulars,0
CUST05839,2,520,1140882.94,1,High-Value Regulars,0
CUST05840,1,309,595319.03,5,Recent Medium-Value,0
CUST05841,6,506,1027792.62,4,Less-Recent Regulars,0
CUST05842,2,299,705578.97,5,Recent Medium-Value,0
CUST05843,1,435,852746.73,1,High-Value Regulars,0
CUST05844,3,295,615233.2,2,Occasional Customers,0
CUST05845,2,648,1381091.65,3,Loyal High-Frequency,0
CUST05846,2,676,1364674.73,3,Loyal High-Frequency,0
CUST05847,1,1114,2427171.94,0,VIP / Champions,0
CUST05848,1,738,1507281.59,7,Recent Loyal Customers,0
CUST05849,1,474,984937.18,1,High-Value Regulars,0
CUST05850,1,318,648432.49,5,Recent Medium-Value,0
CUST05851,2,350,749498.37,5,Recent Medium-Value,0
CUST05852,2,307,576311.92,5,Recent Medium-Value,0
CUST05853,2,775,1660301.52,3,Loyal High-Frequency,0
CUST05854,1,688,1409367.62,7,Recent Loyal Customers,0
CUST05855,2,334,799442.23,5,Recent Medium-Value,0
CUST05856,4,345,720215.15,2,Occasional Customers,0
CUST05857,4,328,760768.05,2,Occasional Customers,0
CUST05858,1,1038,2216806.16,0,VIP / Champions,0
CUST05859,1,324,715962.81,5,Recent Medium-Value,0
CUST05860,1,698,1490815.93,7,Recent Loyal Customers,0
CUST05861,2,691,1569534.71,3,Loyal High-Frequency,0
CUST05862,2,658,1467746.17,3,Loyal High-Frequency,0
CUST05863,1,430,886802.13,1,High-Value Regulars,0
CUST05864,4,341,699939.0,2,Occasional Customers,0
CUST05865,2,313,636524.94,5,Recent Medium-Value,0
CUST05866,1,1083,2265132.06,0,VIP / Champions,0
CUST05867,5,454,1001404.11,4,Less-Recent Regulars,0
CUST05868,1,475,959457.47,1,High-Value Regulars,0
CUST05869,1,466,1056961.69,1,High-Value Regulars,0
CUST05870,6,361,752910.36,2,Occasional Customers,0
CUST05871,2,715,1537486.67,3,Loyal High-Frequency,0
CUST05872,1,709,1508935.26,7,Recent Loyal Customers,0
CUST05873,1,319,691023.12,5,Recent Medium-Value,0
CUST05874,2,335,736249.7,5,Recent Medium-Value,0
CUST05875,3,368,713375.11,2,Occasional Customers,0
CUST05876,1,1093,2287405.97,0,VIP / Champions,0
CUST05877,2,440,830869.34,1,High-Value Regulars,0
CUST05878,3,703,1555084.26,3,Loyal High-Frequency,0
CUST05879,4,333,700641.93,2,Occasional Customers,0
CUST05880,1,338,715847.56,5,Recent Medium-Value,0
CUST05881,1,330,665397.14,5,Recent Medium-Value,0
CUST05882,3,460,1002230.45,4,Less-Recent Regulars,0
CUST05883,1,324,683683.57,5,Recent Medium-Value,0
CUST05884,1,1071,2166156.04,0,VIP / Champions,0
CUST05885,1,732,1622339.29,7,Recent Loyal Customers,0
CUST05886,4,284,566475.64,2,Occasional Customers,0
CUST05887,5,373,828628.72,2,Occasional Customers,0
CUST05888,3,313,675172.51,2,Occasional Customers,0
CUST05889,2,318,644242.41,5,Recent Medium-Value,0
CUST05890,1,1076,2240410.84,0,VIP / Champions,0
CUST05891,2,1102,2267883.83,0,VIP / Champions,0
CUST05892,8,350,680192.99,6,At-Risk Customers,0
CUST05893,1,348,709740.79,5,Recent Medium-Value,0
CUST05894,3,349,724176.93,2,Occasional Customers,0
CUST05895,1,457,989952.36,1,High-Value Regulars,0
CUST05896,4,484,1053209.76,4,Less-Recent Regulars,0
CUST05897,2,444,1020275.77,1,High-Value Regulars,0
CUST05898,5,317,730390.51,2,Occasional Customers,0
CUST05899,3,347,763129.85,2,Occasional Customers,0
CUST05900,2,458,970907.39,1,High-Value Regulars,0
CUST05901,12,330,683675.34,6,At-Risk Customers,0
CUST05902,2,455,977291.22,1,High-Value Regulars,0
CUST05903,4,315,631662.71,2,Occasional Customers,0
CUST05904,4,326,645034.87,2,Occasional Customers,0
CUST05905,1,669,1430247.89,7,Recent Loyal Customers,0
CUST05906,4,461,1069227.87,4,Less-Recent Regulars,0
CUST05907,4,1081,2217742.57,0,VIP / Champions,0
CUST05908,1,322,655839.75,5,Recent Medium-Value,0
CUST05909,4,307,597818.57,2,Occasional Customers,0
CUST05910,3,423,818425.79,4,Less-Recent Regulars,0
CUST05911,3,354,708442.67,2,Occasional Customers,0
CUST05912,3,314,613993.97,2,Occasional Customers,0
CUST05913,2,301,675794.3,5,Recent Medium-Value,0
CUST05914,1,484,976566.99,1,High-Value Regulars,0
CUST05915,1,286,591333.65,5,Recent Medium-Value,0
CUST05916,1,342,714524.6,5,Recent Medium-Value,0
CUST05917,1,318,667543.57,5,Recent Medium-Value,0
CUST05918,2,696,1519451.22,3,Loyal High-Frequency,0
CUST05919,3,305,635357.4,2,Occasional Customers,0
CUST05920,2,481,1055386.72,1,High-Value Regulars,0
CUST05921,1,1081,2346127.73,0,VIP / Champions,0
CUST05922,1,353,692750.04,5,Recent Medium-Value,0
CUST05923,1,488,1013679.42,1,High-Value Regulars,0
CUST05924,2,445,887800.89,1,High-Value Regulars,0
CUST05925,2,438,822211.38,1,High-Value Regulars,0
CUST05926,5,678,1463788.39,3,Loyal High-Frequency,0
CUST05927,1,464,950490.72,1,High-Value Regulars,0
CUST05928,2,680,1365887.91,3,Loyal High-Frequency,0
CUST05929,2,336,717690.82,5,Recent Medium-Value,0
CUST05930,4,468,1065280.52,4,Less-Recent Regulars,0
CUST05931,2,341,654047.36,5,Recent Medium-Value,0
CUST05932,2,300,572073.83,5,Recent Medium-Value,0
CUST05933,5,449,873265.89,4,Less-Recent Regulars,0
CUST05934,16,306,624563.0599999999,6,At-Risk Customers,0
CUST05935,9,319,657250.45,6,At-Risk Customers,0
CUST05936,2,1076,2227470.04,0,VIP / Champions,0
CUST05937,3,670,1333890.49,3,Loyal High-Frequency,0
CUST05938,3,319,610461.6,2,Occasional Customers,0
CUST05939,1,355,674252.07,5,Recent Medium-Value,0
CUST05940,8,299,619681.53,6,At-Risk Customers,0
CUST05941,2,320,688777.64,5,Recent Medium-Value,0
CUST05942,6,300,633343.79,2,Occasional Customers,0
CUST05943,1,755,1631317.92,7,Recent Loyal Customers,0
CUST05944,6,318,658398.44,2,Occasional Customers,0
CUST05945,4,658,1302253.34,3,Loyal High-Frequency,0
CUST05946,1,1065,2230575.93,0,VIP / Champions,0
CUST05947,1,315,738323.21,5,Recent Medium-Value,0
CUST05948,1,482,1090589.57,1,High-Value Regulars,0
CUST05949,2,361,784067.57,5,Recent Medium-Value,0
CUST05950,2,450,943636.83,1,High-Value Regulars,0
CUST05951,1,321,700978.88,5,Recent Medium-Value,0
CUST05952,6,479,1012133.84,4,Less-Recent Regulars,0
CUST05953,3,457,934802.78,4,Less-Recent Regulars,0
CUST05954,1,1082,2322158.77,0,VIP / Champions,0
CUST05955,1,312,680120.92,5,Recent Medium-Value,0
CUST05956,2,355,798247.93,5,Recent Medium-Value,0
CUST05957,3,315,671762.75,2,Occasional Customers,0
CUST05958,3,298,652590.38,2,Occasional Customers,0
CUST05959,6,479,1025517.69,4,Less-Recent Regulars,0
CUST05960,1,1131,2468557.15,0,VIP / Champions,0
CUST05961,1,488,1074269.21,1,High-Value Regulars,0
CUST05962,2,469,866143.8099999999,1,High-Value Regulars,0
CUST05963,2,502,1007863.63,1,High-Value Regulars,0
CUST05964,5,309,657753.76,2,Occasional Customers,0
CUST05965,2,1068,2180319.25,0,VIP / Champions,0
CUST05966,3,1069,2201073.71,0,VIP / Champions,0
CUST05967,1,321,644843.37,5,Recent Medium-Value,0
CUST05968,21,330,757892.93,6,At-Risk Customers,0
CUST05969,1,493,1112992.54,1,High-Value Regulars,0
CUST05970,3,1027,2326869.17,0,VIP / Champions,0
CUST05971,7,474,978202.17,4,Less-Recent Regulars,0
CUST05972,2,361,792608.12,5,Recent Medium-Value,0
CUST05973,1,321,741725.44,5,Recent Medium-Value,0
CUST05974,1,440,940232.22,1,High-Value Regulars,0
CUST05975,1,1035,2201360.49,0,VIP / Champions,0
CUST05976,4,690,1459827.28,3,Loyal High-Frequency,0
CUST05977,1,720,1392808.57,7,Recent Loyal Customers,0
CUST05978,1,310,680779.78,5,Recent Medium-Value,0
CUST05979,1,327,748286.7,5,Recent Medium-Value,0
CUST05980,1,706,1447330.98,7,Recent Loyal Customers,0
CUST05981,2,346,727812.59,5,Recent Medium-Value,0
CUST05982,1,315,587452.52,5,Recent Medium-Value,0
CUST05983,1,701,1397952.45,7,Recent Loyal Customers,0
CUST05984,1,469,958918.16,1,High-Value Regulars,0
CUST05985,2,464,935239.05,1,High-Value Regulars,0
CUST05986,1,300,616921.32,5,Recent Medium-Value,0
CUST05987,2,355,687042.7,5,Recent Medium-Value,0
CUST05988,3,710,1488921.01,3,Loyal High-Frequency,0
CUST05989,4,346,742219.3,2,Occasional Customers,0
CUST05990,2,461,1012596.49,1,High-Value Regulars,0
CUST05991,2,460,969533.6,1,High-Value Regulars,0
CUST05992,4,443,887129.27,4,Less-Recent Regulars,0
CUST05993,2,706,1476123.91,3,Loyal High-Frequency,0
CUST05994,3,351,783492.67,2,Occasional Customers,0
CUST05995,9,327,678847.78,6,At-Risk Customers,0
CUST05996,9,702,1507746.5,3,Loyal High-Frequency,0
CUST05997,4,318,710684.83,2,Occasional Customers,0
CUST05998,1,1090,2432799.42,0,VIP / Champions,0
CUST05999,6,315,714137.84,2,Occasional Customers,0
CUST06000,1,470,960216.38,1,High-Value Regulars,0
CUST06001,4,330,650768.89,2,Occasional Customers,0
CUST06002,7,483,1020766.06,4,Less-Recent Regulars,0
CUST06003,1,355,728002.18,5,Recent Medium-Value,0
CUST06004,2,339,760894.6,5,Recent Medium-Value,0
CUST06005,1,1109,2247117.45,0,VIP / Champions,0
CUST06006,1,682,1500309.72,7,Recent Loyal Customers,0
CUST06007,11,481,989281.02,6,At-Risk Customers,0
CUST06008,2,1052,2117256.48,0,VIP / Champions,0
CUST06009,3,310,636904.01,2,Occasional Customers,0
CUST06010,1,341,806789.22,5,Recent Medium-Value,0
CUST06011,1,630,1449664.9,7,Recent Loyal Customers,0
CUST06012,3,305,596199.39,2,Occasional Customers,0
CUST06013,2,641,1259483.6199999999,3,Loyal High-Frequency,0
CUST06014,6,432,875883.32,4,Less-Recent Regulars,0
CUST06015,4,320,634874.08,2,Occasional Customers,0
CUST06016,1,475,922712.57,1,High-Value Regulars,0
CUST06017,3,430,848059.21,4,Less-Recent Regulars,0
CUST06018,4,302,627952.86,2,Occasional Customers,0
CUST06019,1,709,1513982.18,7,Recent Loyal Customers,0
CUST06020,2,333,725021.24,5,Recent Medium-Value,0
CUST06021,1,317,661343.74,5,Recent Medium-Value,0
CUST06022,1,440,960706.68,1,High-Value Regulars,0
CUST06023,10,444,962576.36,6,At-Risk Customers,0
CUST06024,9,385,806098.46,6,At-Risk Customers,0
CUST06025,4,468,963056.98,4,Less-Recent Regulars,0
CUST06026,1,513,1108468.2,1,High-Value Regulars,0
CUST06027,2,314,669525.35,5,Recent Medium-Value,0
CUST06028,1,745,1491327.08,7,Recent Loyal Customers,0
CUST06029,3,355,775603.3,2,Occasional Customers,0
CUST06030,7,334,751850.49,6,At-Risk Customers,0
CUST06031,1,317,754641.0,5,Recent Medium-Value,0
CUST06032,1,682,1504896.68,7,Recent Loyal Customers,0
CUST06033,3,346,688791.32,2,Occasional Customers,0
CUST06034,3,669,1331109.2,3,Loyal High-Frequency,0
CUST06035,1,338,676309.65,5,Recent Medium-Value,0
CUST06036,2,702,1493268.27,3,Loyal High-Frequency,0
CUST06037,1,1138,2463799.06,0,VIP / Champions,0
CUST06038,3,342,675326.71,2,Occasional Customers,0
CUST06039,1,298,609389.14,5,Recent Medium-Value,0
CUST06040,1,330,764157.66,5,Recent Medium-Value,0
CUST06041,1,1070,2415166.73,0,VIP / Champions,0
CUST06042,4,460,958793.61,4,Less-Recent Regulars,0
CUST06043,2,1068,2250386.39,0,VIP / Champions,0
CUST06044,1,485,1051461.0,1,High-Value Regulars,0
CUST06045,2,724,1441961.56,3,Loyal High-Frequency,0
CUST06046,4,1057,2211584.64,0,VIP / Champions,0
CUST06047,1,320,802745.8099999999,5,Recent Medium-Value,0
CUST06048,3,332,742573.21,2,Occasional Customers,0
CUST06049,6,336,666451.96,2,Occasional Customers,0
CUST06050,1,474,1032363.43,1,High-Value Regulars,0
CUST06051,2,476,938430.16,1,High-Value Regulars,0
CUST06052,2,1034,2171234.92,0,VIP / Champions,0
CUST06053,1,728,1535838.83,7,Recent Loyal Customers,0
CUST06054,11,320,601858.48,6,At-Risk Customers,0
CUST06055,3,1051,2096141.47,0,VIP / Champions,0
CUST06056,1,655,1383057.96,7,Recent Loyal Customers,0
CUST06057,10,315,639164.56,6,At-Risk Customers,0
CUST06058,1,736,1537204.79,7,Recent Loyal Customers,0
CUST06059,9,346,697789.44,6,At-Risk Customers,0
CUST06060,2,447,877822.89,1,High-Value Regulars,0
CUST06061,1,699,1499555.69,7,Recent Loyal Customers,0
CUST06062,1,323,701697.8099999999,5,Recent Medium-Value,0
CUST06063,1,729,1704595.42,7,Recent Loyal Customers,0
CUST06064,1,468,1017230.9299999999,1,High-Value Regulars,0
CUST06065,2,459,919446.38,1,High-Value Regulars,0
CUST06066,6,444,997675.54,4,Less-Recent Regulars,0
CUST06067,3,316,715382.57,2,Occasional Customers,0
CUST06068,2,302,721585.08,5,Recent Medium-Value,0
CUST06069,7,321,685120.37,6,At-Risk Customers,0
CUST06070,6,344,687983.0,2,Occasional Customers,0
CUST06071,4,482,937169.63,4,Less-Recent Regulars,0
CUST06072,2,470,1006395.86,1,High-Value Regulars,0
CUST06073,4,299,664533.67,2,Occasional Customers,0
CUST06074,9,683,1509718.8,3,Loyal High-Frequency,0
CUST06075,2,750,1574317.64,3,Loyal High-Frequency,0
CUST06076,8,330,771948.1,6,At-Risk Customers,0
CUST06077,15,335,663779.91,6,At-Risk Customers,0
CUST06078,1,332,749098.35,5,Recent Medium-Value,0
CUST06079,2,476,1004990.16,1,High-Value Regulars,0
CUST06080,3,333,702207.49,2,Occasional Customers,0
CUST06081,3,293,607279.98,2,Occasional Customers,0
CUST06082,1,1051,2130170.89,0,VIP / Champions,0
CUST06083,1,456,902667.98,1,High-Value Regulars,0
CUST06084,8,297,574637.08,6,At-Risk Customers,0
CUST06085,3,452,985718.34,4,Less-Recent Regulars,0
CUST06086,1,344,790911.37,5,Recent Medium-Value,0
CUST06087,5,717,1487622.83,3,Loyal High-Frequency,0
CUST06088,1,1074,2216486.56,0,VIP / Champions,0
CUST06089,17,303,640722.66,6,At-Risk Customers,0
CUST06090,1,1107,2337072.84,0,VIP / Champions,0
CUST06091,2,670,1434097.79,3,Loyal High-Frequency,0
CUST06092,7,301,578416.77,6,At-Risk Customers,0
CUST06093,1,680,1299091.77,7,Recent Loyal Customers,0
CUST06094,6,343,686328.4,2,Occasional Customers,0
CUST06095,3,316,677716.59,2,Occasional Customers,0
CUST06096,2,675,1492536.44,3,Loyal High-Frequency,0
CUST06097,1,312,705934.05,5,Recent Medium-Value,0
CUST06098,6,1099,2309933.03,3,Loyal High-Frequency,0
CUST06099,5,456,978933.77,4,Less-Recent Regulars,0
CUST06100,2,454,878711.09,1,High-Value Regulars,0
CUST06101,3,775,1724738.48,3,Loyal High-Frequency,0
CUST06102,5,680,1516378.24,3,Loyal High-Frequency,0
CUST06103,6,378,862871.98,4,Less-Recent Regulars,0
CUST06104,1,301,649388.53,5,Recent Medium-Value,0
CUST06105,3,710,1413452.92,3,Loyal High-Frequency,0
CUST06106,3,338,741268.77,2,Occasional Customers,0
CUST06107,1,423,846950.97,1,High-Value Regulars,0
CUST06108,3,319,623948.55,2,Occasional Customers,0
CUST06109,5,451,1042114.82,4,Less-Recent Regulars,0
CUST06110,3,340,673809.91,2,Occasional Customers,0
CUST06111,2,680,1529962.32,3,Loyal High-Frequency,0
CUST06112,3,709,1563380.06,3,Loyal High-Frequency,0
CUST06113,2,455,925910.38,1,High-Value Regulars,0
CUST06114,4,314,668837.42,2,Occasional Customers,0
CUST06115,3,327,770154.72,2,Occasional Customers,0
CUST06116,2,332,669514.62,5,Recent Medium-Value,0
CUST06117,4,309,679343.31,2,Occasional Customers,0
CUST06118,10,315,662729.02,6,At-Risk Customers,0
CUST06119,1,498,1106771.77,1,High-Value Regulars,0
CUST06120,1,1038,2093238.0,0,VIP / Champions,0
CUST06121,3,687,1387596.21,3,Loyal High-Frequency,0
CUST06122,2,329,644539.67,5,Recent Medium-Value,0
CUST06123,1,730,1458779.15,7,Recent Loyal Customers,0
CUST06124,5,331,714024.01,2,Occasional Customers,0
CUST06125,3,329,644098.76,2,Occasional Customers,0
CUST06126,2,345,674948.49,5,Recent Medium-Value,0
CUST06127,2,723,1637749.51,3,Loyal High-Frequency,0
CUST06128,11,350,682815.36,6,At-Risk Customers,0
CUST06129,2,349,771043.64,5,Recent Medium-Value,0
CUST06130,1,320,733891.88,5,Recent Medium-Value,0
CUST06131,1,697,1448696.96,7,Recent Loyal Customers,0
CUST06132,2,757,1643823.86,3,Loyal High-Frequency,0
CUST06133,5,471,919866.52,4,Less-Recent Regulars,0
CUST06134,3,1065,2286985.47,0,VIP / Champions,0
CUST06135,4,469,988304.22,4,Less-Recent Regulars,0
CUST06136,4,472,1023410.61,4,Less-Recent Regulars,0
CUST06137,2,1103,2329270.84,0,VIP / Champions,0
CUST06138,1,484,1102715.63,1,High-Value Regulars,0
CUST06139,1,448,888996.29,1,High-Value Regulars,0
CUST06140,1,328,662089.57,5,Recent Medium-Value,0
CUST06141,1,672,1373943.92,7,Recent Loyal Customers,0
CUST06142,6,306,606600.97,2,Occasional Customers,0
CUST06143,2,487,1032758.42,1,High-Value Regulars,0
CUST06144,4,726,1474468.08,3,Loyal High-Frequency,0
CUST06145,1,450,924815.32,1,High-Value Regulars,0
CUST06146,3,669,1286817.26,3,Loyal High-Frequency,0
CUST06147,1,736,1546564.54,7,Recent Loyal Customers,0
CUST06148,1,690,1493662.56,7,Recent Loyal Customers,0
CUST06149,2,312,704164.41,5,Recent Medium-Value,0
CUST06150,1,333,763184.72,5,Recent Medium-Value,0
CUST06151,2,1057,2250294.56,0,VIP / Champions,0
CUST06152,2,338,610987.87,5,Recent Medium-Value,0
CUST06153,4,720,1466772.93,3,Loyal High-Frequency,0
CUST06154,1,508,1133097.21,1,High-Value Regulars,0
CUST06155,3,1057,2179130.37,0,VIP / Champions,0
CUST06156,3,290,600508.3,2,Occasional Customers,0
CUST06157,2,730,1397339.62,3,Loyal High-Frequency,0
CUST06158,1,471,1012166.37,1,High-Value Regulars,0
CUST06159,5,347,646580.98,2,Occasional Customers,0
CUST06160,1,491,998662.93,1,High-Value Regulars,0
CUST06161,1,505,1055685.42,1,High-Value Regulars,0
CUST06162,4,336,796347.28,2,Occasional Customers,0
CUST06163,4,360,763605.34,2,Occasional Customers,0
CUST06164,2,1092,2347120.11,0,VIP / Champions,0
CUST06165,3,465,870897.82,4,Less-Recent Regulars,0
CUST06166,4,682,1394734.91,3,Loyal High-Frequency,0
CUST06167,3,342,673149.2,2,Occasional Customers,0
CUST06168,1,461,958663.55,1,High-Value Regulars,0
CUST06169,6,306,624734.57,2,Occasional Customers,0
CUST06170,2,342,657196.92,5,Recent Medium-Value,0
CUST06171,2,1057,2158230.3,0,VIP / Champions,0
CUST06172,1,318,722563.65,5,Recent Medium-Value,0
CUST06173,1,471,943733.39,1,High-Value Regulars,0
CUST06174,1,1040,2203541.59,0,VIP / Champions,0
CUST06175,2,495,945236.01,1,High-Value Regulars,0
CUST06176,1,318,665592.55,5,Recent Medium-Value,0
CUST06177,1,470,959844.59,1,High-Value Regulars,0
CUST06178,1,475,1041556.95,1,High-Value Regulars,0
CUST06179,1,447,919270.96,1,High-Value Regulars,0
CUST06180,1,729,1580352.55,7,Recent Loyal Customers,0
CUST06181,1,457,970865.29,1,High-Value Regulars,0
CUST06182,1,730,1449767.1,7,Recent Loyal Customers,0
CUST06183,6,339,774213.82,2,Occasional Customers,0
CUST06184,5,480,994132.6900000001,4,Less-Recent Regulars,0
CUST06185,1,470,1010168.91,1,High-Value Regulars,0
CUST06186,2,677,1503851.19,3,Loyal High-Frequency,0
CUST06187,2,672,1474375.63,3,Loyal High-Frequency,0
CUST06188,2,341,689685.66,5,Recent Medium-Value,0
CUST06189,9,314,574228.81,6,At-Risk Customers,0
CUST06190,4,733,1562703.31,3,Loyal High-Frequency,0
CUST06191,2,451,1035327.73,1,High-Value Regulars,0
CUST06192,3,460,936393.89,4,Less-Recent Regulars,0
CUST06193,1,1090,2156659.38,0,VIP / Champions,0
CUST06194,2,349,778584.95,5,Recent Medium-Value,0
CUST06195,1,465,952604.14,1,High-Value Regulars,0
CUST06196,9,324,551012.82,6,At-Risk Customers,0
CUST06197,3,319,706942.06,2,Occasional Customers,0
CUST06198,1,462,1018016.73,1,High-Value Regulars,0
CUST06199,3,323,714582.58,2,Occasional Customers,0
CUST06200,3,341,809009.86,2,Occasional Customers,0
CUST06201,6,310,692018.74,2,Occasional Customers,0
CUST06202,3,456,900921.82,4,Less-Recent Regulars,0
CUST06203,2,1099,2458590.23,0,VIP / Champions,0
CUST06204,3,475,1008519.24,4,Less-Recent Regulars,0
CUST06205,3,487,902689.33,4,Less-Recent Regulars,0
CUST06206,6,299,681233.17,2,Occasional Customers,0
CUST06207,2,322,721758.76,5,Recent Medium-Value,0
CUST06208,1,693,1493150.63,7,Recent Loyal Customers,0
CUST06209,9,322,689720.29,6,At-Risk Customers,0
CUST06210,1,734,1623905.59,7,Recent Loyal Customers,0
CUST06211,1,331,663261.38,5,Recent Medium-Value,0
CUST06212,3,475,955503.85,4,Less-Recent Regulars,0
CUST06213,1,457,994961.96,1,High-Value Regulars,0
CUST06214,14,321,624200.89,6,At-Risk Customers,0
CUST06215,2,434,879281.24,1,High-Value Regulars,0
CUST06216,1,337,719083.08,5,Recent Medium-Value,0
CUST06217,4,349,710323.38,2,Occasional Customers,0
CUST06218,2,329,685033.89,5,Recent Medium-Value,0
CUST06219,1,765,1527426.31,7,Recent Loyal Customers,0
CUST06220,2,472,955490.94,1,High-Value Regulars,0
CUST06221,1,1058,2298268.22,0,VIP / Champions,0
CUST06222,6,328,655043.98,2,Occasional Customers,0
CUST06223,1,352,716001.75,5,Recent Medium-Value,0
CUST06224,4,673,1503817.55,3,Loyal High-Frequency,0
CUST06225,6,298,606788.7,2,Occasional Customers,0
CUST06226,1,312,639745.11,5,Recent Medium-Value,0
CUST06227,1,718,1573466.55,7,Recent Loyal Customers,0
CUST06228,1,326,695357.31,5,Recent Medium-Value,0
CUST06229,2,504,1097946.9,1,High-Value Regulars,0
CUST06230,9,302,641547.52,6,At-Risk Customers,0
CUST06231,2,728,1528840.93,3,Loyal High-Frequency,0
CUST06232,1,508,1080306.35,1,High-Value Regulars,0
CUST06233,8,482,1010339.12,4,Less-Recent Regulars,0
CUST06234,3,301,621525.99,2,Occasional Customers,0
CUST06235,2,340,736173.09,5,Recent Medium-Value,0
CUST06236,2,315,733962.79,5,Recent Medium-Value,0
CUST06237,1,1031,2255663.84,0,VIP / Champions,0
CUST06238,1,347,742737.97,5,Recent Medium-Value,0
CUST06239,3,346,789187.08,2,Occasional Customers,0
CUST06240,13,458,925582.69,6,At-Risk Customers,0
CUST06241,2,317,629899.17,5,Recent Medium-Value,0
CUST06242,6,326,674656.47,2,Occasional Customers,0
CUST06243,3,313,655374.09,2,Occasional Customers,0
CUST06244,10,302,583821.61,6,At-Risk Customers,0
CUST06245,1,689,1451680.63,7,Recent Loyal Customers,0
CUST06246,3,309,671762.05,2,Occasional Customers,0
CUST06247,1,322,667783.04,5,Recent Medium-Value,0
CUST06248,1,763,1657070.19,7,Recent Loyal Customers,0
CUST06249,4,463,936428.93,4,Less-Recent Regulars,0
CUST06250,4,324,642207.43,2,Occasional Customers,0
CUST06251,1,467,991075.35,1,High-Value Regulars,0
CUST06252,2,428,902963.54,1,High-Value Regulars,0
CUST06253,4,292,542065.28,2,Occasional Customers,0
CUST06254,1,684,1386566.69,7,Recent Loyal Customers,0
CUST06255,1,734,1587581.35,7,Recent Loyal Customers,0
CUST06256,1,325,749291.37,5,Recent Medium-Value,0
CUST06257,15,328,595699.8,6,At-Risk Customers,0
CUST06258,5,493,1070318.1,4,Less-Recent Regulars,0
CUST06259,1,329,680629.53,5,Recent Medium-Value,0
CUST06260,1,329,774623.3,5,Recent Medium-Value,0
CUST06261,16,349,695152.55,6,At-Risk Customers,0
CUST06262,3,335,666975.26,2,Occasional Customers,0
CUST06263,4,312,669654.2,2,Occasional Customers,0
CUST06264,4,431,996837.98,4,Less-Recent Regulars,0
CUST06265,2,505,1075151.96,1,High-Value Regulars,0
CUST06266,7,455,987291.2,4,Less-Recent Regulars,0
CUST06267,1,695,1471298.18,7,Recent Loyal Customers,0
CUST06268,12,323,649479.89,6,At-Risk Customers,0
CUST06269,6,320,641679.42,2,Occasional Customers,0
CUST06270,4,434,848923.36,4,Less-Recent Regulars,0
CUST06271,2,463,853230.88,1,High-Value Regulars,0
CUST06272,5,328,708304.67,2,Occasional Customers,0
CUST06273,1,315,639660.23,5,Recent Medium-Value,0
CUST06274,5,327,684776.04,2,Occasional Customers,0
CUST06275,6,441,902054.44,4,Less-Recent Regulars,0
CUST06276,1,476,1018945.22,1,High-Value Regulars,0
CUST06277,5,446,834475.78,4,Less-Recent Regulars,0
CUST06278,1,458,949568.38,1,High-Value Regulars,0
CUST06279,2,311,650310.64,5,Recent Medium-Value,0
CUST06280,2,726,1561519.11,3,Loyal High-Frequency,0
CUST06281,1,348,762077.14,5,Recent Medium-Value,0
CUST06282,2,468,1026235.47,1,High-Value Regulars,0
CUST06283,1,441,885756.19,1,High-Value Regulars,0
CUST06284,1,321,642164.79,5,Recent Medium-Value,0
CUST06285,2,327,709236.41,5,Recent Medium-Value,0
CUST06286,7,333,777075.99,6,At-Risk Customers,0
CUST06287,3,464,1044830.33,4,Less-Recent Regulars,0
CUST06288,1,338,756877.05,5,Recent Medium-Value,0
CUST06289,1,1087,2337159.06,0,VIP / Champions,0
CUST06290,2,453,977677.23,1,High-Value Regulars,0
CUST06291,4,317,664630.52,2,Occasional Customers,0
CUST06292,2,343,706726.63,5,Recent Medium-Value,0
CUST06293,1,349,820957.47,5,Recent Medium-Value,0
CUST06294,1,458,1007724.45,1,High-Value Regulars,0
CUST06295,2,1090,2321846.33,0,VIP / Champions,0
CUST06296,1,713,1557470.97,7,Recent Loyal Customers,0
CUST06297,2,350,717501.67,5,Recent Medium-Value,0
CUST06298,6,297,610159.3099999999,2,Occasional Customers,0
CUST06299,3,739,1621221.23,3,Loyal High-Frequency,0
CUST06300,2,332,621974.93,5,Recent Medium-Value,0
CUST06301,2,687,1480593.54,3,Loyal High-Frequency,0
CUST06302,6,345,763199.62,2,Occasional Customers,0
CUST06303,6,341,664826.49,2,Occasional Customers,0
CUST06304,1,321,690024.39,5,Recent Medium-Value,0
CUST06305,8,325,642208.63,6,At-Risk Customers,0
CUST06306,1,319,686475.02,5,Recent Medium-Value,0
CUST06307,2,502,1110370.58,1,High-Value Regulars,0
CUST06308,4,470,967820.56,4,Less-Recent Regulars,0
CUST06309,3,438,869447.85,4,Less-Recent Regulars,0
CUST06310,5,327,742672.52,2,Occasional Customers,0
CUST06311,2,695,1425710.62,3,Loyal High-Frequency,0
CUST06312,2,307,640553.49,5,Recent Medium-Value,0
CUST06313,2,649,1474311.1,3,Loyal High-Frequency,0
CUST06314,1,319,633756.99,5,Recent Medium-Value,0
CUST06315,3,481,988336.6900000001,4,Less-Recent Regulars,0
CUST06316,1,498,1112257.22,1,High-Value Regulars,0
CUST06317,4,475,1112050.78,4,Less-Recent Regulars,0
CUST06318,1,457,957331.29,1,High-Value Regulars,0
CUST06319,3,474,1000669.93,4,Less-Recent Regulars,0
CUST06320,4,445,896123.53,4,Less-Recent Regulars,0
CUST06321,1,328,660494.59,5,Recent Medium-Value,0
CUST06322,4,310,647749.89,2,Occasional Customers,0
CUST06323,4,680,1302508.94,3,Loyal High-Frequency,0
CUST06324,3,467,1058472.44,4,Less-Recent Regulars,0
CUST06325,1,311,605787.83,5,Recent Medium-Value,0
CUST06326,1,733,1540319.87,7,Recent Loyal Customers,0
CUST06327,2,690,1470603.44,3,Loyal High-Frequency,0
CUST06328,3,444,973031.4400000001,4,Less-Recent Regulars,0
CUST06329,1,1074,2263926.59,0,VIP / Champions,0
CUST06330,5,328,680405.4,2,Occasional Customers,0
CUST06331,2,315,604745.25,5,Recent Medium-Value,0
CUST06332,7,314,732130.77,6,At-Risk Customers,0
CUST06333,5,314,639305.98,2,Occasional Customers,0
CUST06334,1,671,1570162.49,7,Recent Loyal Customers,0
CUST06335,1,494,946401.49,1,High-Value Regulars,0
CUST06336,2,317,640694.93,5,Recent Medium-Value,0
CUST06337,2,488,1049238.18,1,High-Value Regulars,0
CUST06338,1,330,639189.46,5,Recent Medium-Value,0
CUST06339,1,500,1037387.82,1,High-Value Regulars,0
CUST06340,1,1060,2190640.18,0,VIP / Champions,0
CUST06341,3,326,684818.1,2,Occasional Customers,0
CUST06342,1,449,951597.85,1,High-Value Regulars,0
CUST06343,9,328,666290.7,6,At-Risk Customers,0
CUST06344,2,307,646723.4,5,Recent Medium-Value,0
CUST06345,2,368,799244.87,5,Recent Medium-Value,0
CUST06346,1,699,1378486.24,7,Recent Loyal Customers,0
CUST06347,1,330,701249.79,5,Recent Medium-Value,0
CUST06348,1,341,710114.24,5,Recent Medium-Value,0
CUST06349,1,316,639546.47,5,Recent Medium-Value,0
CUST06350,1,450,957938.14,1,High-Value Regulars,0
CUST06351,3,344,837435.4,2,Occasional Customers,0
CUST06352,6,294,600132.21,2,Occasional Customers,0
CUST06353,6,432,886811.97,4,Less-Recent Regulars,0
CUST06354,1,462,936740.06,1,High-Value Regulars,0
CUST06355,6,304,598240.87,2,Occasional Customers,0
CUST06356,2,1084,2269617.8,0,VIP / Champions,0
CUST06357,2,336,670085.44,5,Recent Medium-Value,0
CUST06358,1,706,1433040.94,7,Recent Loyal Customers,0
CUST06359,1,485,1057124.06,1,High-Value Regulars,0
CUST06360,3,318,685280.38,2,Occasional Customers,0
CUST06361,3,496,1023159.16,4,Less-Recent Regulars,0
CUST06362,2,310,625210.64,5,Recent Medium-Value,0
CUST06363,1,1094,2253614.35,0,VIP / Champions,0
CUST06364,1,662,1450304.89,7,Recent Loyal Customers,0
CUST06365,1,677,1493681.46,7,Recent Loyal Customers,0
CUST06366,2,1074,2166374.34,0,VIP / Champions,0
CUST06367,1,1090,2264461.93,0,VIP / Champions,0
CUST06368,2,293,624576.95,5,Recent Medium-Value,0
CUST06369,1,664,1394891.92,7,Recent Loyal Customers,0
CUST06370,3,709,1470999.66,3,Loyal High-Frequency,0
CUST06371,2,462,987228.61,1,High-Value Regulars,0
CUST06372,4,428,884217.55,4,Less-Recent Regulars,0
CUST06373,1,459,881548.48,1,High-Value Regulars,0
CUST06374,1,514,1082933.63,1,High-Value Regulars,0
CUST06375,3,455,981297.47,4,Less-Recent Regulars,0
CUST06376,2,502,1058568.87,1,High-Value Regulars,0
CUST06377,6,766,1561134.64,3,Loyal High-Frequency,0
CUST06378,1,1053,2206952.98,0,VIP / Champions,0
CUST06379,5,511,1092307.99,4,Less-Recent Regulars,0
CUST06380,1,1074,2366292.51,0,VIP / Champions,0
CUST06381,1,1100,2337000.63,0,VIP / Champions,0
CUST06382,3,464,1083057.11,4,Less-Recent Regulars,0
CUST06383,3,323,601439.09,2,Occasional Customers,0
CUST06384,1,454,978305.68,1,High-Value Regulars,0
CUST06385,1,1082,2342754.94,0,VIP / Champions,0
CUST06386,10,348,769134.36,6,At-Risk Customers,0
CUST06387,1,714,1510328.82,7,Recent Loyal Customers,0
CUST06388,2,1150,2387101.4,0,VIP / Champions,0
CUST06389,3,707,1501385.78,3,Loyal High-Frequency,0
CUST06390,2,1019,2240407.35,0,VIP / Champions,0
CUST06391,2,713,1530020.6,3,Loyal High-Frequency,0
CUST06392,1,1031,2231849.43,0,VIP / Champions,0
CUST06393,1,1108,2278775.76,0,VIP / Champions,0
CUST06394,4,453,967397.59,4,Less-Recent Regulars,0
CUST06395,9,447,885315.1,6,At-Risk Customers,0
CUST06396,2,752,1663014.77,3,Loyal High-Frequency,0
CUST06397,2,675,1409516.73,3,Loyal High-Frequency,0
CUST06398,3,477,907305.8099999999,4,Less-Recent Regulars,0
CUST06399,2,662,1329685.72,3,Loyal High-Frequency,0
CUST06400,6,357,715941.1,2,Occasional Customers,0
CUST06401,3,1065,2233781.73,0,VIP / Champions,0
CUST06402,3,452,1073098.44,4,Less-Recent Regulars,0
CUST06403,2,332,678830.14,5,Recent Medium-Value,0
CUST06404,1,346,760939.84,5,Recent Medium-Value,0
CUST06405,4,479,979022.95,4,Less-Recent Regulars,0
CUST06406,1,1130,2411761.8,0,VIP / Champions,0
CUST06407,3,475,1092105.34,4,Less-Recent Regulars,0
CUST06408,5,331,630288.19,2,Occasional Customers,0
CUST06409,3,347,744063.24,2,Occasional Customers,0
CUST06410,1,453,976478.77,1,High-Value Regulars,0
CUST06411,2,684,1462727.1,3,Loyal High-Frequency,0
CUST06412,6,314,591587.76,2,Occasional Customers,0
CUST06413,1,1069,2150337.23,0,VIP / Champions,0
CUST06414,8,318,641570.0599999999,6,At-Risk Customers,0
CUST06415,3,434,923016.21,4,Less-Recent Regulars,0
CUST06416,4,1119,2318851.26,0,VIP / Champions,0
CUST06417,1,471,996329.75,1,High-Value Regulars,0
CUST06418,10,470,958849.0,6,At-Risk Customers,0
CUST06419,1,343,715965.7,5,Recent Medium-Value,0
CUST06420,4,701,1498049.79,3,Loyal High-Frequency,0
CUST06421,1,1064,2145682.41,0,VIP / Champions,0
CUST06422,3,450,874353.88,4,Less-Recent Regulars,0
CUST06423,5,1053,2292070.88,3,Loyal High-Frequency,0
CUST06424,1,317,655650.46,5,Recent Medium-Value,0
CUST06425,4,466,1056765.89,4,Less-Recent Regulars,0
CUST06426,4,315,687762.02,2,Occasional Customers,0
CUST06427,2,351,751593.34,5,Recent Medium-Value,0
CUST06428,2,512,1152464.99,1,High-Value Regulars,0
CUST06429,3,470,940938.45,4,Less-Recent Regulars,0
CUST06430,3,451,942089.66,4,Less-Recent Regulars,0
CUST06431,1,698,1604603.61,7,Recent Loyal Customers,0
CUST06432,1,447,942006.06,1,High-Value Regulars,0
CUST06433,1,303,566417.4,5,Recent Medium-Value,0
CUST06434,1,715,1544842.34,7,Recent Loyal Customers,0
CUST06435,1,690,1362290.68,7,Recent Loyal Customers,0
CUST06436,2,497,996068.53,1,High-Value Regulars,0
CUST06437,1,482,962364.92,1,High-Value Regulars,0
CUST06438,1,486,948235.73,1,High-Value Regulars,0
CUST06439,2,447,912369.06,1,High-Value Regulars,0
CUST06440,4,331,660386.47,2,Occasional Customers,0
CUST06441,3,709,1514059.15,3,Loyal High-Frequency,0
CUST06442,4,700,1411170.3,3,Loyal High-Frequency,0
CUST06443,1,717,1487349.01,7,Recent Loyal Customers,0
CUST06444,1,1027,2001658.95,0,VIP / Champions,0
CUST06445,2,472,1028452.23,1,High-Value Regulars,0
CUST06446,1,1019,2084875.98,0,VIP / Champions,0
CUST06447,2,321,710792.2,5,Recent Medium-Value,0
CUST06448,1,1093,2282627.6,0,VIP / Champions,0
CUST06449,5,462,988313.05,4,Less-Recent Regulars,0
CUST06450,1,479,966176.87,1,High-Value Regulars,0
CUST06451,2,705,1444664.99,3,Loyal High-Frequency,0
CUST06452,1,1051,2154324.86,0,VIP / Champions,0
CUST06453,1,355,789709.17,5,Recent Medium-Value,0
CUST06454,1,337,794888.18,5,Recent Medium-Value,0
CUST06455,2,693,1504743.76,3,Loyal High-Frequency,0
CUST06456,4,321,688541.95,2,Occasional Customers,0
CUST06457,15,302,629373.16,6,At-Risk Customers,0
CUST06458,2,336,754625.29,5,Recent Medium-Value,0
CUST06459,1,337,694763.2,5,Recent Medium-Value,0
CUST06460,1,686,1474637.69,7,Recent Loyal Customers,0
CUST06461,5,298,651455.2,2,Occasional Customers,0
CUST06462,3,477,1042218.16,4,Less-Recent Regulars,0
CUST06463,10,339,689800.84,6,At-Risk Customers,0
CUST06464,2,447,959439.3,1,High-Value Regulars,0
CUST06465,1,1070,2366043.03,0,VIP / Champions,0
CUST06466,3,323,594065.45,2,Occasional Customers,0
CUST06467,1,1087,2307476.43,0,VIP / Champions,0
CUST06468,1,632,1324399.38,7,Recent Loyal Customers,0
CUST06469,9,330,697097.7,6,At-Risk Customers,0
CUST06470,4,317,704862.44,2,Occasional Customers,0
CUST06471,1,357,686078.18,5,Recent Medium-Value,0
CUST06472,1,1086,2267161.2,0,VIP / Champions,0
CUST06473,1,482,1089279.86,1,High-Value Regulars,0
CUST06474,1,481,947840.26,1,High-Value Regulars,0
CUST06475,1,334,721318.38,5,Recent Medium-Value,0
CUST06476,5,347,764400.19,2,Occasional Customers,0
CUST06477,1,1085,2371477.23,0,VIP / Champions,0
CUST06478,1,1058,2237721.46,0,VIP / Champions,0
CUST06479,2,303,672097.03,5,Recent Medium-Value,0
CUST06480,2,682,1339406.47,3,Loyal High-Frequency,0
CUST06481,2,467,996085.86,1,High-Value Regulars,0
CUST06482,4,431,774862.22,4,Less-Recent Regulars,0
CUST06483,1,752,1612200.14,7,Recent Loyal Customers,0
CUST06484,2,690,1488262.76,3,Loyal High-Frequency,0
CUST06485,3,733,1480974.95,3,Loyal High-Frequency,0
CUST06486,2,472,941129.76,1,High-Value Regulars,0
CUST06487,8,432,856639.75,6,At-Risk Customers,0
CUST06488,4,754,1516304.08,3,Loyal High-Frequency,0
CUST06489,3,720,1398606.19,3,Loyal High-Frequency,0
CUST06490,1,1088,2202735.85,0,VIP / Champions,0
CUST06491,8,682,1505368.62,3,Loyal High-Frequency,0
CUST06492,1,312,673491.16,5,Recent Medium-Value,0
CUST06493,2,713,1434423.42,3,Loyal High-Frequency,0
CUST06494,9,332,675491.13,6,At-Risk Customers,0
CUST06495,1,687,1426680.47,7,Recent Loyal Customers,0
CUST06496,9,307,687541.65,6,At-Risk Customers,0
CUST06497,4,299,695331.89,2,Occasional Customers,0
CUST06498,6,293,649918.04,2,Occasional Customers,0
CUST06499,1,1058,2267651.77,0,VIP / Champions,0
CUST06500,2,1065,2184560.55,0,VIP / Champions,0
CUST06501,1,448,1057678.79,1,High-Value Regulars,0
CUST06502,1,474,987133.19,1,High-Value Regulars,0
CUST06503,1,495,1024260.9,1,High-Value Regulars,0
CUST06504,14,437,938770.7,6,At-Risk Customers,0
CUST06505,3,352,761479.28,2,Occasional Customers,0
CUST06506,9,303,620360.03,6,At-Risk Customers,0
CUST06507,1,451,1027377.76,1,High-Value Regulars,0
CUST06508,4,332,692002.25,2,Occasional Customers,0
CUST06509,1,473,937854.46,1,High-Value Regulars,0
CUST06510,2,1083,2339417.4,0,VIP / Champions,0
CUST06511,2,712,1533759.83,3,Loyal High-Frequency,0
CUST06512,5,440,982512.22,4,Less-Recent Regulars,0
CUST06513,1,324,620932.27,5,Recent Medium-Value,0
CUST06514,10,447,984468.43,6,At-Risk Customers,0
CUST06515,17,351,792483.6900000001,6,At-Risk Customers,0
CUST06516,4,314,616780.54,2,Occasional Customers,0
CUST06517,2,1087,2295953.4,0,VIP / Champions,0
CUST06518,1,1046,2287484.11,0,VIP / Champions,0
CUST06519,1,478,995310.4400000001,1,High-Value Regulars,0
CUST06520,10,440,938231.85,6,At-Risk Customers,0
CUST06521,3,323,780656.46,2,Occasional Customers,0
CUST06522,3,362,747818.45,2,Occasional Customers,0
CUST06523,1,334,679126.53,5,Recent Medium-Value,0
CUST06524,3,1081,2162740.06,0,VIP / Champions,0
CUST06525,2,646,1302838.0,3,Loyal High-Frequency,0
CUST06526,12,303,682923.91,6,At-Risk Customers,0
CUST06527,10,307,636800.54,6,At-Risk Customers,0
CUST06528,10,316,688769.83,6,At-Risk Customers,0
CUST06529,12,356,724229.23,6,At-Risk Customers,0
CUST06530,2,353,705691.05,5,Recent Medium-Value,0
CUST06531,5,306,648808.36,2,Occasional Customers,0
CUST06532,1,1114,2283476.14,0,VIP / Champions,0
CUST06533,5,323,629125.73,2,Occasional Customers,0
CUST06534,7,424,878644.91,4,Less-Recent Regulars,0
CUST06535,1,462,984164.97,1,High-Value Regulars,0
CUST06536,3,505,1084770.9,4,Less-Recent Regulars,0
CUST06537,8,306,600434.78,6,At-Risk Customers,0
CUST06538,1,728,1463603.85,7,Recent Loyal Customers,0
CUST06539,3,321,633875.99,2,Occasional Customers,0
CUST06540,4,473,975241.39,4,Less-Recent Regulars,0
CUST06541,13,287,595301.57,6,At-Risk Customers,0
CUST06542,1,1100,2176824.07,0,VIP / Champions,0
CUST06543,13,294,617720.18,6,At-Risk Customers,0
CUST06544,3,718,1385064.32,3,Loyal High-Frequency,0
CUST06545,2,715,1567512.04,3,Loyal High-Frequency,0
CUST06546,1,686,1429241.85,7,Recent Loyal Customers,0
CUST06547,2,1097,2400402.14,0,VIP / Champions,0
CUST06548,4,482,1007258.55,4,Less-Recent Regulars,0
CUST06549,3,686,1563393.84,3,Loyal High-Frequency,0
CUST06550,1,452,975251.83,1,High-Value Regulars,0
CUST06551,2,698,1571902.36,3,Loyal High-Frequency,0
CUST06552,3,461,960212.67,4,Less-Recent Regulars,0
CUST06553,3,684,1386421.26,3,Loyal High-Frequency,0
CUST06554,11,329,719050.46,6,At-Risk Customers,0
CUST06555,5,358,721619.87,2,Occasional Customers,0
CUST06556,1,315,697915.75,5,Recent Medium-Value,0
CUST06557,3,468,988856.2,4,Less-Recent Regulars,0
CUST06558,3,678,1367863.64,3,Loyal High-Frequency,0
CUST06559,5,322,656086.78,2,Occasional Customers,0
CUST06560,8,459,950888.59,4,Less-Recent Regulars,0
CUST06561,4,456,969339.66,4,Less-Recent Regulars,0
CUST06562,1,470,1058207.17,1,High-Value Regulars,0
CUST06563,5,328,693325.35,2,Occasional Customers,0
CUST06564,4,331,712794.15,2,Occasional Customers,0
CUST06565,1,707,1424598.9,7,Recent Loyal Customers,0
CUST06566,7,339,641544.95,6,At-Risk Customers,0
CUST06567,6,477,1048826.89,4,Less-Recent Regulars,0
CUST06568,3,328,722217.03,2,Occasional Customers,0
CUST06569,3,343,735533.35,2,Occasional Customers,0
CUST06570,2,341,745366.84,5,Recent Medium-Value,0
CUST06571,4,303,664687.39,2,Occasional Customers,0
CUST06572,2,1077,2335581.47,0,VIP / Champions,0
CUST06573,6,450,942224.79,4,Less-Recent Regulars,0
CUST06574,1,495,1069466.76,1,High-Value Regulars,0
CUST06575,1,674,1352255.21,7,Recent Loyal Customers,0
CUST06576,1,326,678580.73,5,Recent Medium-Value,0
CUST06577,1,517,1168372.01,1,High-Value Regulars,0
CUST06578,5,490,1065674.95,4,Less-Recent Regulars,0
CUST06579,1,691,1491281.46,7,Recent Loyal Customers,0
CUST06580,7,313,729617.47,6,At-Risk Customers,0
CUST06581,8,467,1057700.33,4,Less-Recent Regulars,0
CUST06582,1,338,708248.31,5,Recent Medium-Value,0
CUST06583,3,474,927694.06,4,Less-Recent Regulars,0
CUST06584,2,329,770035.17,5,Recent Medium-Value,0
CUST06585,1,708,1559751.51,7,Recent Loyal Customers,0
CUST06586,1,696,1494462.44,7,Recent Loyal Customers,0
CUST06587,5,478,1104040.59,4,Less-Recent Regulars,0
CUST06588,4,347,696527.73,2,Occasional Customers,0
CUST06589,3,313,653869.69,2,Occasional Customers,0
CUST06590,4,318,669464.71,2,Occasional Customers,0
CUST06591,7,325,673410.27,6,At-Risk Customers,0
CUST06592,2,459,911622.96,1,High-Value Regulars,0
CUST06593,2,468,866310.08,1,High-Value Regulars,0
CUST06594,2,333,680025.11,5,Recent Medium-Value,0
CUST06595,5,748,1663527.38,3,Loyal High-Frequency,0
CUST06596,4,457,901133.07,4,Less-Recent Regulars,0
CUST06597,5,750,1586504.47,3,Loyal High-Frequency,0
CUST06598,1,697,1495205.74,7,Recent Loyal Customers,0
CUST06599,3,328,624304.0,2,Occasional Customers,0
CUST06600,3,1067,2340390.68,0,VIP / Champions,0
CUST06601,1,470,927015.22,1,High-Value Regulars,0
CUST06602,1,701,1489731.61,7,Recent Loyal Customers,0
CUST06603,3,1125,2407487.97,0,VIP / Champions,0
CUST06604,2,682,1494211.19,3,Loyal High-Frequency,0
CUST06605,1,457,860152.23,1,High-Value Regulars,0
CUST06606,3,450,858708.18,4,Less-Recent Regulars,0
CUST06607,9,461,979812.52,6,At-Risk Customers,0
CUST06608,8,665,1407742.66,4,Less-Recent Regulars,0
CUST06609,7,323,641365.18,6,At-Risk Customers,0
CUST06610,1,311,592752.04,5,Recent Medium-Value,0
CUST06611,4,336,658806.28,2,Occasional Customers,0
CUST06612,2,478,958549.6,1,High-Value Regulars,0
CUST06613,5,482,1063915.79,4,Less-Recent Regulars,0
CUST06614,4,663,1305068.71,3,Loyal High-Frequency,0
CUST06615,3,328,705605.5599999999,2,Occasional Customers,0
CUST06616,1,504,1111568.84,1,High-Value Regulars,0
CUST06617,6,324,667500.98,2,Occasional Customers,0
CUST06618,2,696,1510226.34,3,Loyal High-Frequency,0
CUST06619,7,306,646097.83,6,At-Risk Customers,0
CUST06620,2,313,585112.73,5,Recent Medium-Value,0
CUST06621,1,296,721440.06,5,Recent Medium-Value,0
CUST06622,1,429,886538.42,1,High-Value Regulars,0
CUST06623,1,339,773415.24,5,Recent Medium-Value,0
CUST06624,1,504,1003355.87,1,High-Value Regulars,0
CUST06625,1,704,1470835.59,7,Recent Loyal Customers,0
CUST06626,3,344,725969.5,2,Occasional Customers,0
CUST06627,2,499,964863.85,1,High-Value Regulars,0
CUST06628,4,681,1452227.9,3,Loyal High-Frequency,0
CUST06629,1,696,1550998.3,7,Recent Loyal Customers,0
CUST06630,1,726,1443617.1199999999,7,Recent Loyal Customers,0
CUST06631,4,317,549081.38,2,Occasional Customers,0
CUST06632,1,474,975136.61,1,High-Value Regulars,0
CUST06633,1,1124,2447349.82,0,VIP / Champions,0
CUST06634,4,350,753421.28,2,Occasional Customers,0
CUST06635,1,354,832849.42,5,Recent Medium-Value,0
CUST06636,2,458,926562.9,1,High-Value Regulars,0
CUST06637,2,326,638522.94,5,Recent Medium-Value,0
CUST06638,4,503,1084849.26,4,Less-Recent Regulars,0
CUST06639,1,437,1072504.94,1,High-Value Regulars,0
CUST06640,17,332,799592.58,6,At-Risk Customers,0
CUST06641,2,310,677897.27,5,Recent Medium-Value,0
CUST06642,2,467,931758.84,1,High-Value Regulars,0
CUST06643,1,672,1371431.04,7,Recent Loyal Customers,0
CUST06644,3,730,1635339.97,3,Loyal High-Frequency,0
CUST06645,3,346,756020.88,2,Occasional Customers,0
CUST06646,4,329,684365.34,2,Occasional Customers,0
CUST06647,1,1083,2247526.59,0,VIP / Champions,0
CUST06648,2,360,748390.23,5,Recent Medium-Value,0
CUST06649,3,473,983296.0599999999,4,Less-Recent Regulars,0
CUST06650,1,291,592732.72,5,Recent Medium-Value,0
CUST06651,1,339,721325.93,5,Recent Medium-Value,0
CUST06652,3,742,1500240.85,3,Loyal High-Frequency,0
CUST06653,1,321,710806.67,5,Recent Medium-Value,0
CUST06654,6,480,928037.66,4,Less-Recent Regulars,0
CUST06655,1,447,881233.39,1,High-Value Regulars,0
CUST06656,7,287,549989.67,6,At-Risk Customers,0
CUST06657,7,699,1436079.78,3,Loyal High-Frequency,0
CUST06658,6,326,628248.02,2,Occasional Customers,0
CUST06659,1,494,1039548.71,1,High-Value Regulars,0
CUST06660,6,732,1530983.96,3,Loyal High-Frequency,0
CUST06661,4,347,806041.71,2,Occasional Customers,0
CUST06662,1,328,688199.16,5,Recent Medium-Value,0
CUST06663,8,475,1023121.99,4,Less-Recent Regulars,0
CUST06664,11,331,764326.69,6,At-Risk Customers,0
CUST06665,7,336,727377.88,6,At-Risk Customers,0
CUST06666,7,444,958110.8,4,Less-Recent Regulars,0
CUST06667,6,459,991796.07,4,Less-Recent Regulars,0
CUST06668,1,729,1430640.94,7,Recent Loyal Customers,0
CUST06669,4,346,643522.32,2,Occasional Customers,0
CUST06670,1,450,928238.39,1,High-Value Regulars,0
CUST06671,2,1069,2225654.83,0,VIP / Champions,0
CUST06672,2,1104,2297258.87,0,VIP / Champions,0
CUST06673,5,446,897448.76,4,Less-Recent Regulars,0
CUST06674,2,479,1050086.42,1,High-Value Regulars,0
CUST06675,1,703,1545432.85,7,Recent Loyal Customers,0
CUST06676,1,1104,2254519.08,0,VIP / Champions,0
CUST06677,8,311,706287.71,6,At-Risk Customers,0
CUST06678,3,354,756484.6,2,Occasional Customers,0
CUST06679,3,341,649981.91,2,Occasional Customers,0
CUST06680,1,1136,2368669.01,0,VIP / Champions,0
CUST06681,1,659,1423369.6,7,Recent Loyal Customers,0
CUST06682,3,332,680974.15,2,Occasional Customers,0
CUST06683,4,696,1522166.6,3,Loyal High-Frequency,0
CUST06684,1,702,1399435.6,7,Recent Loyal Customers,0
CUST06685,11,683,1510403.29,4,Less-Recent Regulars,0
CUST06686,1,694,1478204.08,7,Recent Loyal Customers,0
CUST06687,2,337,730552.03,5,Recent Medium-Value,0
CUST06688,5,344,698861.2,2,Occasional Customers,0
CUST06689,3,342,670668.57,2,Occasional Customers,0
CUST06690,2,454,966498.99,1,High-Value Regulars,0
CUST06691,1,487,1118467.45,1,High-Value Regulars,0
CUST06692,5,445,912685.46,4,Less-Recent Regulars,0
CUST06693,3,463,934833.43,4,Less-Recent Regulars,0
CUST06694,1,424,911479.3,1,High-Value Regulars,0
CUST06695,2,343,737759.1,5,Recent Medium-Value,0
CUST06696,1,640,1315020.93,7,Recent Loyal Customers,0
CUST06697,2,476,1001754.01,1,High-Value Regulars,0
CUST06698,1,706,1575470.54,7,Recent Loyal Customers,0
CUST06699,1,354,678011.09,5,Recent Medium-Value,0
CUST06700,5,342,728067.09,2,Occasional Customers,0
CUST06701,3,500,1168934.33,4,Less-Recent Regulars,0
CUST06702,8,297,615289.58,6,At-Risk Customers,0
CUST06703,2,485,995477.88,1,High-Value Regulars,0
CUST06704,1,665,1398009.35,7,Recent Loyal Customers,0
CUST06705,1,322,729177.76,5,Recent Medium-Value,0
CUST06706,3,345,762924.02,2,Occasional Customers,0
CUST06707,1,466,964996.96,1,High-Value Regulars,0
CUST06708,1,1097,2323113.59,0,VIP / Champions,0
CUST06709,1,320,706908.55,5,Recent Medium-Value,0
CUST06710,6,475,1031611.17,4,Less-Recent Regulars,0
CUST06711,7,329,627158.65,6,At-Risk Customers,0
CUST06712,5,457,993289.33,4,Less-Recent Regulars,0
CUST06713,3,428,885068.11,4,Less-Recent Regulars,0
CUST06714,1,456,1003673.15,1,High-Value Regulars,0
CUST06715,2,483,989318.33,1,High-Value Regulars,0
CUST06716,5,460,972982.26,4,Less-Recent Regulars,0
CUST06717,1,663,1372285.26,7,Recent Loyal Customers,0
CUST06718,3,307,684954.77,2,Occasional Customers,0
CUST06719,1,338,671800.56,5,Recent Medium-Value,0
CUST06720,4,470,1027587.86,4,Less-Recent Regulars,0
CUST06721,4,723,1593043.52,3,Loyal High-Frequency,0
CUST06722,8,327,634342.26,6,At-Risk Customers,0
CUST06723,2,325,648607.5,5,Recent Medium-Value,0
CUST06724,1,317,669214.87,5,Recent Medium-Value,0
CUST06725,1,339,679855.64,5,Recent Medium-Value,0
CUST06726,1,511,1019496.89,1,High-Value Regulars,0
CUST06727,1,457,893434.09,1,High-Value Regulars,0
CUST06728,1,338,729135.96,5,Recent Medium-Value,0
CUST06729,1,309,725184.3099999999,5,Recent Medium-Value,0
CUST06730,1,1063,2180543.86,0,VIP / Champions,0
CUST06731,2,495,1102410.52,1,High-Value Regulars,0
CUST06732,2,706,1578229.63,3,Loyal High-Frequency,0
CUST06733,3,353,816460.84,2,Occasional Customers,0
CUST06734,1,451,1050021.16,1,High-Value Regulars,0
CUST06735,1,317,735723.75,5,Recent Medium-Value,0
CUST06736,1,336,689035.87,5,Recent Medium-Value,0
CUST06737,5,330,741948.3,2,Occasional Customers,0
CUST06738,8,302,575934.72,6,At-Risk Customers,0
CUST06739,3,667,1415143.74,3,Loyal High-Frequency,0
CUST06740,1,492,1081209.43,1,High-Value Regulars,0
CUST06741,3,338,753810.4,2,Occasional Customers,0
CUST06742,4,418,833685.73,4,Less-Recent Regulars,0
CUST06743,1,702,1587091.35,7,Recent Loyal Customers,0
CUST06744,2,1178,2559209.76,0,VIP / Champions,0
CUST06745,1,347,758618.45,5,Recent Medium-Value,0
CUST06746,2,1088,2202688.05,0,VIP / Champions,0
CUST06747,1,323,721495.1,5,Recent Medium-Value,0
CUST06748,1,665,1417115.85,7,Recent Loyal Customers,0
CUST06749,2,714,1474523.08,3,Loyal High-Frequency,0
CUST06750,1,1053,2164755.29,0,VIP / Champions,0
CUST06751,7,466,982663.61,4,Less-Recent Regulars,0
CUST06752,1,696,1420434.13,7,Recent Loyal Customers,0
CUST06753,5,469,978264.54,4,Less-Recent Regulars,0
CUST06754,5,331,770052.03,2,Occasional Customers,0
CUST06755,1,733,1601682.77,7,Recent Loyal Customers,0
CUST06756,1,726,1470051.7,7,Recent Loyal Customers,0
CUST06757,1,445,876685.5,1,High-Value Regulars,0
CUST06758,3,641,1319124.79,3,Loyal High-Frequency,0
CUST06759,2,478,938700.3099999999,1,High-Value Regulars,0
CUST06760,5,689,1384356.78,3,Loyal High-Frequency,0
CUST06761,1,450,926724.43,1,High-Value Regulars,0
CUST06762,1,472,998310.56,1,High-Value Regulars,0
CUST06763,1,351,796946.88,5,Recent Medium-Value,0
CUST06764,5,354,720302.79,2,Occasional Customers,0
CUST06765,5,487,1051266.6,4,Less-Recent Regulars,0
CUST06766,2,679,1348016.8800000001,3,Loyal High-Frequency,0
CUST06767,3,322,687027.79,2,Occasional Customers,0
CUST06768,1,342,652158.55,5,Recent Medium-Value,0
CUST06769,11,340,718106.91,6,At-Risk Customers,0
CUST06770,3,671,1365517.74,3,Loyal High-Frequency,0
CUST06771,3,733,1499511.12,3,Loyal High-Frequency,0
CUST06772,2,341,694882.15,5,Recent Medium-Value,0
CUST06773,5,469,1006302.32,4,Less-Recent Regulars,0
CUST06774,1,697,1412215.26,7,Recent Loyal Customers,0
CUST06775,2,337,752874.53,5,Recent Medium-Value,0
CUST06776,1,341,705835.91,5,Recent Medium-Value,0
CUST06777,3,332,689941.15,2,Occasional Customers,0
CUST06778,2,309,665312.46,5,Recent Medium-Value,0
CUST06779,8,331,703620.68,6,At-Risk Customers,0
CUST06780,1,342,753345.4,5,Recent Medium-Value,0
CUST06781,1,1014,2085387.28,0,VIP / Champions,0
CUST06782,1,473,1089019.47,1,High-Value Regulars,0
CUST06783,2,313,579880.79,5,Recent Medium-Value,0
CUST06784,7,360,789173.01,6,At-Risk Customers,0
CUST06785,3,309,589662.75,2,Occasional Customers,0
CUST06786,1,307,672687.55,5,Recent Medium-Value,0
CUST06787,1,350,779654.0599999999,5,Recent Medium-Value,0
CUST06788,2,359,756630.64,5,Recent Medium-Value,0
CUST06789,5,479,903228.71,4,Less-Recent Regulars,0
CUST06790,1,454,913829.78,1,High-Value Regulars,0
CUST06791,1,710,1545904.22,7,Recent Loyal Customers,0
CUST06792,1,335,766376.38,5,Recent Medium-Value,0
CUST06793,3,334,801824.59,2,Occasional Customers,0
CUST06794,2,303,608185.18,5,Recent Medium-Value,0
CUST06795,2,345,709675.18,5,Recent Medium-Value,0
CUST06796,1,344,653623.16,5,Recent Medium-Value,0
CUST06797,2,363,846863.58,5,Recent Medium-Value,0
CUST06798,2,1074,2300458.56,0,VIP / Champions,0
CUST06799,1,503,1133699.89,1,High-Value Regulars,0
CUST06800,3,737,1514817.69,3,Loyal High-Frequency,0
CUST06801,3,465,971250.27,4,Less-Recent Regulars,0
CUST06802,1,699,1533081.95,7,Recent Loyal Customers,0
CUST06803,7,326,712877.5599999999,6,At-Risk Customers,0
CUST06804,3,334,737381.96,2,Occasional Customers,0
CUST06805,3,471,996695.26,4,Less-Recent Regulars,0
CUST06806,3,1089,2315963.74,0,VIP / Champions,0
CUST06807,1,702,1469444.06,7,Recent Loyal Customers,0
CUST06808,4,371,828895.65,2,Occasional Customers,0
CUST06809,2,1078,2357645.67,0,VIP / Champions,0
CUST06810,3,489,1040219.03,4,Less-Recent Regulars,0
CUST06811,4,453,1007712.05,4,Less-Recent Regulars,0
CUST06812,1,371,735158.71,5,Recent Medium-Value,0
CUST06813,3,490,1073363.46,4,Less-Recent Regulars,0
CUST06814,3,446,986849.46,4,Less-Recent Regulars,0
CUST06815,1,716,1394983.31,7,Recent Loyal Customers,0
CUST06816,1,1053,2194914.4,0,VIP / Champions,0
CUST06817,2,732,1531988.64,3,Loyal High-Frequency,0
CUST06818,10,328,681749.55,6,At-Risk Customers,0
CUST06819,13,338,654293.77,6,At-Risk Customers,0
CUST06820,2,447,897993.92,1,High-Value Regulars,0
CUST06821,1,316,730147.84,5,Recent Medium-Value,0
CUST06822,1,439,927226.47,1,High-Value Regulars,0
CUST06823,2,349,732101.98,5,Recent Medium-Value,0
CUST06824,1,315,651699.13,5,Recent Medium-Value,0
CUST06825,1,364,738929.8,5,Recent Medium-Value,0
CUST06826,2,721,1601126.64,3,Loyal High-Frequency,0
CUST06827,3,454,1038847.43,4,Less-Recent Regulars,0
CUST06828,5,308,653486.67,2,Occasional Customers,0
CUST06829,3,315,664165.27,2,Occasional Customers,0
CUST06830,3,336,674661.44,2,Occasional Customers,0
CUST06831,7,685,1497317.45,3,Loyal High-Frequency,0
CUST06832,1,344,678392.55,5,Recent Medium-Value,0
CUST06833,6,344,790562.86,2,Occasional Customers,0
CUST06834,5,346,657832.48,2,Occasional Customers,0
CUST06835,11,352,707578.2,6,At-Risk Customers,0
CUST06836,3,456,873522.43,4,Less-Recent Regulars,0
CUST06837,1,707,1481270.84,7,Recent Loyal Customers,0
CUST06838,1,721,1599226.67,7,Recent Loyal Customers,0
CUST06839,4,322,717211.72,2,Occasional Customers,0
CUST06840,1,306,630446.81,5,Recent Medium-Value,0
CUST06841,7,445,816440.98,6,At-Risk Customers,0
CUST06842,1,319,745159.1,5,Recent Medium-Value,0
CUST06843,6,310,672025.07,2,Occasional Customers,0
CUST06844,4,302,567356.35,2,Occasional Customers,0
CUST06845,4,327,623654.28,2,Occasional Customers,0
CUST06846,2,334,731590.35,5,Recent Medium-Value,0
CUST06847,5,467,962138.52,4,Less-Recent Regulars,0
CUST06848,1,657,1382514.87,7,Recent Loyal Customers,0
CUST06849,2,487,1175518.1,1,High-Value Regulars,0
CUST06850,3,337,693980.33,2,Occasional Customers,0
CUST06851,2,476,944355.77,1,High-Value Regulars,0
CUST06852,5,324,636476.95,2,Occasional Customers,0
CUST06853,9,332,664324.8,6,At-Risk Customers,0
CUST06854,1,462,1007200.01,1,High-Value Regulars,0
CUST06855,3,322,716114.76,2,Occasional Customers,0
CUST06856,3,451,999778.44,4,Less-Recent Regulars,0
CUST06857,2,329,701956.93,5,Recent Medium-Value,0
CUST06858,6,320,729603.53,2,Occasional Customers,0
CUST06859,3,459,1003988.63,4,Less-Recent Regulars,0
CUST06860,2,458,980992.15,1,High-Value Regulars,0
CUST06861,1,684,1359536.61,7,Recent Loyal Customers,0
CUST06862,8,294,680069.91,6,At-Risk Customers,0
CUST06863,1,1080,2263827.74,0,VIP / Champions,0
CUST06864,7,329,743529.13,6,At-Risk Customers,0
CUST06865,1,1033,2160262.17,0,VIP / Champions,0
CUST06866,17,292,592612.0599999999,6,At-Risk Customers,0
CUST06867,3,1067,2273421.2,0,VIP / Champions,0
CUST06868,3,1043,2228027.66,0,VIP / Champions,0
CUST06869,2,332,738300.87,5,Recent Medium-Value,0
CUST06870,2,310,630739.57,5,Recent Medium-Value,0
CUST06871,2,446,804600.55,1,High-Value Regulars,0
CUST06872,13,319,634652.17,6,At-Risk Customers,0
CUST06873,1,334,627990.56,5,Recent Medium-Value,0
CUST06874,2,1063,2189333.57,0,VIP / Champions,0
CUST06875,2,683,1496261.76,3,Loyal High-Frequency,0
CUST06876,1,726,1478871.0,7,Recent Loyal Customers,0
CUST06877,3,681,1400083.93,3,Loyal High-Frequency,0
CUST06878,1,500,1118088.09,1,High-Value Regulars,0
CUST06879,1,722,1566503.17,7,Recent Loyal Customers,0
CUST06880,4,715,1496528.16,3,Loyal High-Frequency,0
CUST06881,2,319,666786.08,5,Recent Medium-Value,0
CUST06882,5,336,690629.86,2,Occasional Customers,0
CUST06883,1,441,947696.54,1,High-Value Regulars,0
CUST06884,2,688,1430095.19,3,Loyal High-Frequency,0
CUST06885,6,303,614977.62,2,Occasional Customers,0
CUST06886,1,314,735386.46,5,Recent Medium-Value,0
CUST06887,1,1087,2264892.64,0,VIP / Champions,0
CUST06888,1,312,672217.74,5,Recent Medium-Value,0
CUST06889,6,416,867047.61,4,Less-Recent Regulars,0
CUST06890,2,711,1417198.38,3,Loyal High-Frequency,0
CUST06891,1,325,742182.38,5,Recent Medium-Value,0
CUST06892,3,468,906481.17,4,Less-Recent Regulars,0
CUST06893,1,452,924683.72,1,High-Value Regulars,0
CUST06894,1,303,608498.59,5,Recent Medium-Value,0
CUST06895,4,496,1108571.28,4,Less-Recent Regulars,0
CUST06896,3,475,997380.76,4,Less-Recent Regulars,0
CUST06897,3,489,1046955.65,4,Less-Recent Regulars,0
CUST06898,2,360,763554.0700000001,5,Recent Medium-Value,0
CUST06899,2,660,1283455.14,3,Loyal High-Frequency,0
CUST06900,3,689,1446088.77,3,Loyal High-Frequency,0
CUST06901,1,724,1506625.32,7,Recent Loyal Customers,0
CUST06902,3,451,946113.63,4,Less-Recent Regulars,0
CUST06903,1,745,1481013.8,7,Recent Loyal Customers,0
CUST06904,2,723,1530583.75,3,Loyal High-Frequency,0
CUST06905,1,1037,2219003.8,0,VIP / Champions,0
CUST06906,1,686,1345240.93,7,Recent Loyal Customers,0
CUST06907,1,346,762255.49,5,Recent Medium-Value,0
CUST06908,5,302,681930.76,2,Occasional Customers,0
CUST06909,1,499,1117061.54,1,High-Value Regulars,0
CUST06910,2,712,1464722.63,3,Loyal High-Frequency,0
CUST06911,1,699,1505280.97,7,Recent Loyal Customers,0
CUST06912,3,295,617406.93,2,Occasional Customers,0
CUST06913,1,470,974812.14,1,High-Value Regulars,0
CUST06914,1,428,921848.86,1,High-Value Regulars,0
CUST06915,1,426,918790.08,1,High-Value Regulars,0
CUST06916,4,504,975237.5,4,Less-Recent Regulars,0
CUST06917,4,773,1605529.78,3,Loyal High-Frequency,0
CUST06918,5,708,1478602.9,3,Loyal High-Frequency,0
CUST06919,1,455,947382.52,1,High-Value Regulars,0
CUST06920,1,322,610506.22,5,Recent Medium-Value,0
CUST06921,1,493,1050137.14,1,High-Value Regulars,0
CUST06922,1,340,616117.99,5,Recent Medium-Value,0
CUST06923,6,446,1012694.15,4,Less-Recent Regulars,0
CUST06924,2,330,677551.5,5,Recent Medium-Value,0
CUST06925,2,325,691620.72,5,Recent Medium-Value,0
CUST06926,2,489,1024142.22,1,High-Value Regulars,0
CUST06927,3,449,939461.62,4,Less-Recent Regulars,0
CUST06928,1,1099,2232243.93,0,VIP / Champions,0
CUST06929,2,456,919013.55,1,High-Value Regulars,0
CUST06930,1,491,998951.58,1,High-Value Regulars,0
CUST06931,4,713,1567104.21,3,Loyal High-Frequency,0
CUST06932,6,337,742662.19,2,Occasional Customers,0
CUST06933,2,350,835602.3,5,Recent Medium-Value,0
CUST06934,2,302,605508.64,5,Recent Medium-Value,0
CUST06935,6,485,1090458.39,4,Less-Recent Regulars,0
CUST06936,3,491,1052535.57,4,Less-Recent Regulars,0
CUST06937,2,688,1441964.9,3,Loyal High-Frequency,0
CUST06938,3,486,899565.4400000001,4,Less-Recent Regulars,0
CUST06939,1,299,675297.65,5,Recent Medium-Value,0
CUST06940,1,726,1458699.65,7,Recent Loyal Customers,0
CUST06941,4,329,749433.91,2,Occasional Customers,0
CUST06942,2,709,1473706.63,3,Loyal High-Frequency,0
CUST06943,1,461,899140.2,1,High-Value Regulars,0
CUST06944,4,451,885698.16,4,Less-Recent Regulars,0
CUST06945,1,729,1519484.88,7,Recent Loyal Customers,0
CUST06946,5,338,675073.52,2,Occasional Customers,0
CUST06947,4,482,1045730.15,4,Less-Recent Regulars,0
CUST06948,1,1088,2267097.91,0,VIP / Champions,0
CUST06949,3,314,687946.69,2,Occasional Customers,0
CUST06950,5,689,1461407.66,3,Loyal High-Frequency,0
CUST06951,1,443,916690.75,1,High-Value Regulars,0
CUST06952,2,1093,2243359.37,0,VIP / Champions,0
CUST06953,3,326,627478.46,2,Occasional Customers,0
CUST06954,1,685,1447234.85,7,Recent Loyal Customers,0
CUST06955,5,461,1018363.96,4,Less-Recent Regulars,0
CUST06956,4,333,780662.42,2,Occasional Customers,0
CUST06957,1,497,1010658.56,1,High-Value Regulars,0
CUST06958,2,1063,2336051.29,0,VIP / Champions,0
CUST06959,1,472,1026469.25,1,High-Value Regulars,0
CUST06960,3,336,702587.51,2,Occasional Customers,0
CUST06961,6,362,818392.96,2,Occasional Customers,0
CUST06962,5,310,744610.5,2,Occasional Customers,0
CUST06963,8,316,609743.1,6,At-Risk Customers,0
CUST06964,4,501,983817.38,4,Less-Recent Regulars,0
CUST06965,1,313,618845.8,5,Recent Medium-Value,0
CUST06966,2,674,1479901.79,3,Loyal High-Frequency,0
CUST06967,3,719,1441832.77,3,Loyal High-Frequency,0
CUST06968,1,469,914252.6900000001,1,High-Value Regulars,0
CUST06969,2,325,817458.24,5,Recent Medium-Value,0
CUST06970,3,475,1035625.57,4,Less-Recent Regulars,0
CUST06971,1,466,1001454.09,1,High-Value Regulars,0
CUST06972,5,326,631714.89,2,Occasional Customers,0
CUST06973,1,754,1661484.98,7,Recent Loyal Customers,0
CUST06974,2,445,983850.27,1,High-Value Regulars,0
CUST06975,2,1034,2167349.57,0,VIP / Champions,0
CUST06976,1,470,904549.84,1,High-Value Regulars,0
CUST06977,3,343,714187.29,2,Occasional Customers,0
CUST06978,1,490,1031035.38,1,High-Value Regulars,0
CUST06979,2,306,634958.46,5,Recent Medium-Value,0
CUST06980,3,349,729990.13,2,Occasional Customers,0
CUST06981,6,331,717296.92,2,Occasional Customers,0
CUST06982,4,366,736913.67,2,Occasional Customers,0
CUST06983,3,319,634227.0599999999,2,Occasional Customers,0
CUST06984,1,458,1067536.26,1,High-Value Regulars,0
CUST06985,6,455,921745.98,4,Less-Recent Regulars,0
CUST06986,1,351,755190.75,5,Recent Medium-Value,0
CUST06987,2,437,924825.49,1,High-Value Regulars,0
CUST06988,1,1049,2390413.59,0,VIP / Champions,0
CUST06989,1,476,1005695.71,1,High-Value Regulars,0
CUST06990,2,714,1521808.1,3,Loyal High-Frequency,0
CUST06991,1,717,1462620.92,7,Recent Loyal Customers,0
CUST06992,1,469,1050138.11,1,High-Value Regulars,0
CUST06993,9,337,701077.99,6,At-Risk Customers,0
CUST06994,3,310,726348.76,2,Occasional Customers,0
CUST06995,1,308,699886.1,5,Recent Medium-Value,0
CUST06996,9,336,667643.75,6,At-Risk Customers,0
CUST06997,3,778,1684269.31,3,Loyal High-Frequency,0
CUST06998,1,303,686606.4,5,Recent Medium-Value,0
CUST06999,1,718,1476416.29,7,Recent Loyal Customers,0
CUST07000,9,457,885712.43,6,At-Risk Customers,0
CUST07001,2,471,990997.97,1,High-Value Regulars,0
CUST07002,5,303,689163.42,2,Occasional Customers,0
CUST07003,2,698,1392172.75,3,Loyal High-Frequency,0
CUST07004,6,356,730409.13,2,Occasional Customers,0
CUST07005,1,443,869817.61,1,High-Value Regulars,0
CUST07006,1,314,620784.78,5,Recent Medium-Value,0
CUST07007,1,681,1395292.93,7,Recent Loyal Customers,0
CUST07008,2,432,874334.66,1,High-Value Regulars,0
CUST07009,2,490,1068406.18,1,High-Value Regulars,0
CUST07010,2,307,624984.01,5,Recent Medium-Value,0
CUST07011,5,464,1027272.89,4,Less-Recent Regulars,0
CUST07012,1,339,654221.34,5,Recent Medium-Value,0
CUST07013,1,461,989640.46,1,High-Value Regulars,0
CUST07014,2,313,735723.73,5,Recent Medium-Value,0
CUST07015,2,726,1460720.02,3,Loyal High-Frequency,0
CUST07016,2,330,647885.33,5,Recent Medium-Value,0
CUST07017,2,473,1054197.85,1,High-Value Regulars,0
CUST07018,1,296,627679.96,5,Recent Medium-Value,0
CUST07019,1,733,1531842.19,7,Recent Loyal Customers,0
CUST07020,1,345,698675.43,5,Recent Medium-Value,0
CUST07021,1,1061,2227404.16,0,VIP / Champions,0
CUST07022,3,325,671707.92,2,Occasional Customers,0
CUST07023,7,479,1052937.16,4,Less-Recent Regulars,0
CUST07024,1,1099,2283690.58,0,VIP / Champions,0
CUST07025,4,721,1490055.26,3,Loyal High-Frequency,0
CUST07026,1,347,753513.68,5,Recent Medium-Value,0
CUST07027,3,1122,2468881.89,0,VIP / Champions,0
CUST07028,19,366,761159.44,6,At-Risk Customers,0
CUST07029,3,482,965749.22,4,Less-Recent Regulars,0
CUST07030,1,705,1572746.76,7,Recent Loyal Customers,0
CUST07031,1,332,692252.07,5,Recent Medium-Value,0
CUST07032,3,708,1486413.08,3,Loyal High-Frequency,0
CUST07033,3,438,912612.76,4,Less-Recent Regulars,0
CUST07034,2,674,1392750.52,3,Loyal High-Frequency,0
CUST07035,4,299,639714.42,2,Occasional Customers,0
CUST07036,1,751,1481621.79,7,Recent Loyal Customers,0
CUST07037,2,503,1078477.13,1,High-Value Regulars,0
CUST07038,1,447,847118.02,1,High-Value Regulars,0
CUST07039,2,318,676520.83,5,Recent Medium-Value,0
CUST07040,1,307,604539.0,5,Recent Medium-Value,0
CUST07041,10,310,724000.23,6,At-Risk Customers,0
CUST07042,4,331,670271.79,2,Occasional Customers,0
CUST07043,3,452,840421.93,4,Less-Recent Regulars,0
CUST07044,2,658,1350086.58,3,Loyal High-Frequency,0
CUST07045,5,342,710685.44,2,Occasional Customers,0
CUST07046,1,1057,2187452.64,0,VIP / Champions,0
CUST07047,4,340,735501.16,2,Occasional Customers,0
CUST07048,2,442,957133.03,1,High-Value Regulars,0
CUST07049,1,682,1428246.18,7,Recent Loyal Customers,0
CUST07050,3,466,962603.33,4,Less-Recent Regulars,0
CUST07051,12,471,988437.54,6,At-Risk Customers,0
CUST07052,5,334,702770.97,2,Occasional Customers,0
CUST07053,6,457,991670.53,4,Less-Recent Regulars,0
CUST07054,1,1065,2223849.89,0,VIP / Champions,0
CUST07055,2,310,683522.8,5,Recent Medium-Value,0
CUST07056,5,748,1557772.59,3,Loyal High-Frequency,0
CUST07057,2,717,1568391.17,3,Loyal High-Frequency,0
CUST07058,2,713,1596695.35,3,Loyal High-Frequency,0
CUST07059,1,333,693907.16,5,Recent Medium-Value,0
CUST07060,1,457,888565.97,1,High-Value Regulars,0
CUST07061,2,303,612339.67,5,Recent Medium-Value,0
CUST07062,1,454,1012053.9,1,High-Value Regulars,0
CUST07063,3,650,1420539.11,3,Loyal High-Frequency,0
CUST07064,4,298,670522.55,2,Occasional Customers,0
CUST07065,2,1040,2124131.8,0,VIP / Champions,0
CUST07066,2,495,943658.14,1,High-Value Regulars,0
CUST07067,3,473,1001465.87,4,Less-Recent Regulars,0
CUST07068,3,711,1399707.75,3,Loyal High-Frequency,0
CUST07069,4,665,1326910.64,3,Loyal High-Frequency,0
CUST07070,2,1106,2366512.83,0,VIP / Champions,0
CUST07071,2,474,976280.16,1,High-Value Regulars,0
CUST07072,3,437,976121.04,4,Less-Recent Regulars,0
CUST07073,4,326,697967.87,2,Occasional Customers,0
CUST07074,2,680,1417373.76,3,Loyal High-Frequency,0
CUST07075,2,462,1006110.87,1,High-Value Regulars,0
CUST07076,4,347,716548.4299999999,2,Occasional Customers,0
CUST07077,1,1065,2195385.22,0,VIP / Champions,0
CUST07078,1,493,998319.04,1,High-Value Regulars,0
CUST07079,1,705,1550603.69,7,Recent Loyal Customers,0
CUST07080,2,519,1072109.31,1,High-Value Regulars,0
CUST07081,1,342,678588.82,5,Recent Medium-Value,0
CUST07082,3,459,946086.73,4,Less-Recent Regulars,0
CUST07083,3,453,1018493.12,4,Less-Recent Regulars,0
CUST07084,3,1060,2187615.41,0,VIP / Champions,0
CUST07085,4,335,709713.52,2,Occasional Customers,0
CUST07086,1,455,1007674.55,1,High-Value Regulars,0
CUST07087,1,466,1030257.06,1,High-Value Regulars,0
CUST07088,5,480,976026.16,4,Less-Recent Regulars,0
CUST07089,2,294,630037.36,5,Recent Medium-Value,0
CUST07090,1,456,919503.8,1,High-Value Regulars,0
CUST07091,6,310,629093.01,2,Occasional Customers,0
CUST07092,1,464,966557.63,1,High-Value Regulars,0
CUST07093,4,446,948585.15,4,Less-Recent Regulars,0
CUST07094,6,316,567586.66,2,Occasional Customers,0
CUST07095,1,1059,2139921.0,0,VIP / Champions,0
CUST07096,2,676,1459027.0,3,Loyal High-Frequency,0
CUST07097,1,1050,2237264.97,0,VIP / Champions,0
CUST07098,1,697,1471224.08,7,Recent Loyal Customers,0
CUST07099,1,484,988053.44,1,High-Value Regulars,0
CUST07100,2,467,1070835.15,1,High-Value Regulars,0
CUST07101,2,295,622538.45,5,Recent Medium-Value,0
CUST07102,4,310,708897.77,2,Occasional Customers,0
CUST07103,2,465,986419.49,1,High-Value Regulars,0
CUST07104,2,300,531127.12,5,Recent Medium-Value,0
CUST07105,2,719,1638703.07,3,Loyal High-Frequency,0
CUST07106,1,304,690989.32,5,Recent Medium-Value,0
CUST07107,3,347,748641.81,2,Occasional Customers,0
CUST07108,3,471,1056523.09,4,Less-Recent Regulars,0
CUST07109,1,483,1083464.06,1,High-Value Regulars,0
CUST07110,3,323,758121.29,2,Occasional Customers,0
CUST07111,1,298,613171.18,5,Recent Medium-Value,0
CUST07112,3,500,981416.86,4,Less-Recent Regulars,0
CUST07113,1,732,1639629.01,7,Recent Loyal Customers,0
CUST07114,3,345,781771.86,2,Occasional Customers,0
CUST07115,1,690,1483584.52,7,Recent Loyal Customers,0
CUST07116,7,451,1015708.55,4,Less-Recent Regulars,0
CUST07117,1,676,1355725.89,7,Recent Loyal Customers,0
CUST07118,2,314,694734.96,5,Recent Medium-Value,0
CUST07119,1,1061,2249687.38,0,VIP / Champions,0
CUST07120,3,465,938843.25,4,Less-Recent Regulars,0
CUST07121,5,341,696941.56,2,Occasional Customers,0
CUST07122,2,701,1506241.6,3,Loyal High-Frequency,0
CUST07123,2,480,1038505.88,1,High-Value Regulars,0
CUST07124,2,313,608991.88,5,Recent Medium-Value,0
CUST07125,1,683,1418922.36,7,Recent Loyal Customers,0
CUST07126,1,701,1521953.95,7,Recent Loyal Customers,0
CUST07127,2,301,606642.83,5,Recent Medium-Value,0
CUST07128,1,453,920740.27,1,High-Value Regulars,0
CUST07129,7,321,704292.77,6,At-Risk Customers,0
CUST07130,3,303,637950.66,2,Occasional Customers,0
CUST07131,2,441,916200.4,1,High-Value Regulars,0
CUST07132,3,332,718062.07,2,Occasional Customers,0
CUST07133,6,318,633298.09,2,Occasional Customers,0
CUST07134,2,339,660932.63,5,Recent Medium-Value,0
CUST07135,1,334,721089.68,5,Recent Medium-Value,0
CUST07136,1,673,1472603.99,7,Recent Loyal Customers,0
CUST07137,2,311,705131.53,5,Recent Medium-Value,0
CUST07138,2,328,659153.12,5,Recent Medium-Value,0
CUST07139,2,339,775106.27,5,Recent Medium-Value,0
CUST07140,2,486,1062930.01,1,High-Value Regulars,0
CUST07141,3,452,916956.3,4,Less-Recent Regulars,0
CUST07142,4,435,901835.28,4,Less-Recent Regulars,0
CUST07143,1,356,745586.51,5,Recent Medium-Value,0
CUST07144,1,708,1458109.57,7,Recent Loyal Customers,0
CUST07145,1,1033,2141437.1,0,VIP / Champions,0
CUST07146,1,682,1371076.09,7,Recent Loyal Customers,0
CUST07147,1,674,1512104.53,7,Recent Loyal Customers,0
CUST07148,2,357,646042.9,5,Recent Medium-Value,0
CUST07149,5,477,1018668.54,4,Less-Recent Regulars,0
CUST07150,2,339,736271.27,5,Recent Medium-Value,0
CUST07151,1,712,1577992.09,7,Recent Loyal Customers,0
CUST07152,1,718,1535343.66,7,Recent Loyal Customers,0
CUST07153,6,323,643166.77,2,Occasional Customers,0
CUST07154,1,648,1342492.11,7,Recent Loyal Customers,0
CUST07155,3,459,975863.68,4,Less-Recent Regulars,0
CUST07156,1,1042,2188640.53,0,VIP / Champions,0
CUST07157,1,1027,2340956.62,0,VIP / Champions,0
CUST07158,2,334,670289.58,5,Recent Medium-Value,0
CUST07159,3,686,1388944.96,3,Loyal High-Frequency,0
CUST07160,5,366,788486.62,2,Occasional Customers,0
CUST07161,4,490,1046984.57,4,Less-Recent Regulars,0
CUST07162,3,453,938782.46,4,Less-Recent Regulars,0
CUST07163,7,360,773732.69,6,At-Risk Customers,0
CUST07164,2,718,1412749.07,3,Loyal High-Frequency,0
CUST07165,4,443,844384.92,4,Less-Recent Regulars,0
CUST07166,1,435,916710.83,1,High-Value Regulars,0
CUST07167,2,474,1086915.59,1,High-Value Regulars,0
CUST07168,3,464,1053625.75,4,Less-Recent Regulars,0
CUST07169,1,344,724447.2,5,Recent Medium-Value,0
CUST07170,6,324,685120.38,2,Occasional Customers,0
CUST07171,1,357,674740.86,5,Recent Medium-Value,0
CUST07172,2,671,1385124.02,3,Loyal High-Frequency,0
CUST07173,5,331,674590.25,2,Occasional Customers,0
CUST07174,1,330,637522.12,5,Recent Medium-Value,0
CUST07175,4,476,1018042.79,4,Less-Recent Regulars,0
CUST07176,3,692,1559925.8,3,Loyal High-Frequency,0
CUST07177,1,733,1514346.44,7,Recent Loyal Customers,0
CUST07178,5,362,795014.91,2,Occasional Customers,0
CUST07179,2,442,882974.44,1,High-Value Regulars,0
CUST07180,10,359,692709.14,6,At-Risk Customers,0
CUST07181,1,1137,2324377.32,0,VIP / Champions,0
CUST07182,7,463,958914.28,4,Less-Recent Regulars,0
CUST07183,3,344,733864.72,2,Occasional Customers,0
CUST07184,8,313,686623.4,6,At-Risk Customers,0
CUST07185,1,706,1507878.55,7,Recent Loyal Customers,0
CUST07186,2,313,674125.53,5,Recent Medium-Value,0
CUST07187,1,1009,2125471.06,0,VIP / Champions,0
CUST07188,1,454,982486.57,1,High-Value Regulars,0
CUST07189,4,463,1055247.56,4,Less-Recent Regulars,0
CUST07190,3,693,1424320.66,3,Loyal High-Frequency,0
CUST07191,1,699,1417728.43,7,Recent Loyal Customers,0
CUST07192,3,487,986769.83,4,Less-Recent Regulars,0
CUST07193,4,327,683764.37,2,Occasional Customers,0
CUST07194,1,671,1467577.56,7,Recent Loyal Customers,0
CUST07195,1,699,1460133.12,7,Recent Loyal Customers,0
CUST07196,4,723,1502773.23,3,Loyal High-Frequency,0
CUST07197,4,315,659996.24,2,Occasional Customers,0
CUST07198,1,1087,2275661.27,0,VIP / Champions,0
CUST07199,1,476,962118.84,1,High-Value Regulars,0
CUST07200,1,333,697528.59,5,Recent Medium-Value,0
CUST07201,3,692,1377445.17,3,Loyal High-Frequency,0
CUST07202,1,673,1398440.16,7,Recent Loyal Customers,0
CUST07203,11,317,686609.14,6,At-Risk Customers,0
CUST07204,2,306,563444.51,5,Recent Medium-Value,0
CUST07205,2,435,891957.24,1,High-Value Regulars,0
CUST07206,1,732,1494905.01,7,Recent Loyal Customers,0
CUST07207,7,332,570435.88,6,At-Risk Customers,0
CUST07208,1,680,1466450.01,7,Recent Loyal Customers,0
CUST07209,1,1084,2304689.83,0,VIP / Champions,0
CUST07210,1,1089,2207611.88,0,VIP / Champions,0
CUST07211,1,294,609496.49,5,Recent Medium-Value,0
CUST07212,5,454,1007847.21,4,Less-Recent Regulars,0
CUST07213,2,430,838523.92,1,High-Value Regulars,0
CUST07214,7,437,948853.27,4,Less-Recent Regulars,0
CUST07215,6,461,905477.4,4,Less-Recent Regulars,0
CUST07216,2,1095,2381614.79,0,VIP / Champions,0
CUST07217,1,683,1492926.59,7,Recent Loyal Customers,0
CUST07218,4,413,775119.39,2,Occasional Customers,0
CUST07219,1,1079,2192473.3,0,VIP / Champions,0
CUST07220,1,1029,2138478.45,0,VIP / Champions,0
CUST07221,1,324,657133.42,5,Recent Medium-Value,0
CUST07222,1,468,952547.65,1,High-Value Regulars,0
CUST07223,1,1052,2166663.08,0,VIP / Champions,0
CUST07224,2,673,1527176.93,3,Loyal High-Frequency,0
CUST07225,3,714,1451931.36,3,Loyal High-Frequency,0
CUST07226,1,478,1090464.42,1,High-Value Regulars,0
CUST07227,1,334,656066.66,5,Recent Medium-Value,0
CUST07228,2,322,687700.03,5,Recent Medium-Value,0
CUST07229,5,356,708624.77,2,Occasional Customers,0
CUST07230,1,467,927944.38,1,High-Value Regulars,0
CUST07231,1,1077,2345347.11,0,VIP / Champions,0
CUST07232,2,342,746453.29,5,Recent Medium-Value,0
CUST07233,4,479,955799.9,4,Less-Recent Regulars,0
CUST07234,6,483,1001909.35,4,Less-Recent Regulars,0
CUST07235,2,336,729037.82,5,Recent Medium-Value,0
CUST07236,3,337,719735.41,2,Occasional Customers,0
CUST07237,3,305,655026.75,2,Occasional Customers,0
CUST07238,4,709,1515399.97,3,Loyal High-Frequency,0
CUST07239,2,445,931498.2,1,High-Value Regulars,0
CUST07240,6,512,1059455.57,4,Less-Recent Regulars,0
CUST07241,1,980,2050592.6199999999,0,VIP / Champions,0
CUST07242,1,309,626324.53,5,Recent Medium-Value,0
CUST07243,1,671,1510872.86,7,Recent Loyal Customers,0
CUST07244,5,287,628661.42,2,Occasional Customers,0
CUST07245,1,448,958955.84,1,High-Value Regulars,0
CUST07246,1,707,1495385.17,7,Recent Loyal Customers,0
CUST07247,3,498,954033.93,4,Less-Recent Regulars,0
CUST07248,6,449,1015263.79,4,Less-Recent Regulars,0
CUST07249,5,463,928681.46,4,Less-Recent Regulars,0
CUST07250,2,357,800331.8,5,Recent Medium-Value,0
CUST07251,7,728,1598782.22,3,Loyal High-Frequency,0
CUST07252,6,459,964482.3,4,Less-Recent Regulars,0
CUST07253,1,741,1492627.35,7,Recent Loyal Customers,0
CUST07254,1,1104,2357018.44,0,VIP / Champions,0
CUST07255,3,481,1038777.36,4,Less-Recent Regulars,0
CUST07256,5,335,746724.57,2,Occasional Customers,0
CUST07257,2,454,917886.14,1,High-Value Regulars,0
CUST07258,12,455,924356.58,6,At-Risk Customers,0
CUST07259,2,315,660040.83,5,Recent Medium-Value,0
CUST07260,1,443,941486.6,1,High-Value Regulars,0
CUST07261,5,465,1051047.59,4,Less-Recent Regulars,0
CUST07262,6,482,1031951.58,4,Less-Recent Regulars,0
CUST07263,4,316,640397.12,2,Occasional Customers,0
CUST07264,2,469,1042868.53,1,High-Value Regulars,0
CUST07265,1,324,627035.95,5,Recent Medium-Value,0
CUST07266,2,321,766908.21,5,Recent Medium-Value,0
CUST07267,1,673,1422587.15,7,Recent Loyal Customers,0
CUST07268,1,465,1018670.29,1,High-Value Regulars,0
CUST07269,5,454,928891.95,4,Less-Recent Regulars,0
CUST07270,3,306,621872.25,2,Occasional Customers,0
CUST07271,3,464,935208.56,4,Less-Recent Regulars,0
CUST07272,1,325,704849.46,5,Recent Medium-Value,0
CUST07273,4,331,682359.95,2,Occasional Customers,0
CUST07274,2,1042,2112567.77,0,VIP / Champions,0
CUST07275,3,339,719919.8099999999,2,Occasional Customers,0
CUST07276,1,691,1406452.91,7,Recent Loyal Customers,0
CUST07277,1,476,1051940.76,1,High-Value Regulars,0
CUST07278,3,328,658160.96,2,Occasional Customers,0
CUST07279,4,365,729189.57,2,Occasional Customers,0
CUST07280,7,320,622779.5599999999,6,At-Risk Customers,0
CUST07281,1,485,968646.0,1,High-Value Regulars,0
CUST07282,5,276,545362.1,2,Occasional Customers,0
CUST07283,1,1099,2353148.58,0,VIP / Champions,0
CUST07284,4,352,758926.68,2,Occasional Customers,0
CUST07285,7,343,743392.44,6,At-Risk Customers,0
CUST07286,1,323,678874.32,5,Recent Medium-Value,0
CUST07287,1,457,962271.53,1,High-Value Regulars,0
CUST07288,1,352,773051.79,5,Recent Medium-Value,0
CUST07289,5,494,1099983.64,4,Less-Recent Regulars,0
CUST07290,3,651,1415998.95,3,Loyal High-Frequency,0
CUST07291,1,1016,2172264.34,0,VIP / Champions,0
CUST07292,2,315,659559.53,5,Recent Medium-Value,0
CUST07293,1,479,1017245.31,1,High-Value Regulars,0
CUST07294,6,289,677246.97,2,Occasional Customers,0
CUST07295,3,329,746162.85,2,Occasional Customers,0
CUST07296,1,737,1596263.79,7,Recent Loyal Customers,0
CUST07297,2,645,1393406.59,3,Loyal High-Frequency,0
CUST07298,1,326,697467.64,5,Recent Medium-Value,0
CUST07299,8,460,955780.72,4,Less-Recent Regulars,0
CUST07300,2,686,1468335.0,3,Loyal High-Frequency,0
CUST07301,5,334,814946.18,2,Occasional Customers,0
CUST07302,5,372,797171.05,2,Occasional Customers,0
CUST07303,2,701,1352036.34,3,Loyal High-Frequency,0
CUST07304,2,474,1056034.55,1,High-Value Regulars,0
CUST07305,5,295,674146.39,2,Occasional Customers,0
CUST07306,10,321,700296.39,6,At-Risk Customers,0
CUST07307,8,714,1593131.29,3,Loyal High-Frequency,0
CUST07308,2,472,1011273.89,1,High-Value Regulars,0
CUST07309,3,440,968347.12,4,Less-Recent Regulars,0
CUST07310,1,303,628218.79,5,Recent Medium-Value,0
CUST07311,7,299,662737.03,6,At-Risk Customers,0
CUST07312,1,341,806692.12,5,Recent Medium-Value,0
CUST07313,6,304,631426.16,2,Occasional Customers,0
CUST07314,6,291,625790.26,2,Occasional Customers,0
CUST07315,2,341,669380.75,5,Recent Medium-Value,0
CUST07316,4,476,983652.44,4,Less-Recent Regulars,0
CUST07317,9,358,725938.0,6,At-Risk Customers,0
CUST07318,1,1069,2327860.52,0,VIP / Champions,0
CUST07319,1,1070,2320371.27,0,VIP / Champions,0
CUST07320,1,352,768417.84,5,Recent Medium-Value,0
CUST07321,1,694,1398949.75,7,Recent Loyal Customers,0
CUST07322,4,328,699233.1900000001,2,Occasional Customers,0
CUST07323,1,515,1112556.49,1,High-Value Regulars,0
CUST07324,2,496,1118133.2,1,High-Value Regulars,0
CUST07325,1,696,1430623.53,7,Recent Loyal Customers,0
CUST07326,4,436,930191.33,4,Less-Recent Regulars,0
CUST07327,2,368,734894.17,5,Recent Medium-Value,0
CUST07328,2,464,1013935.96,1,High-Value Regulars,0
CUST07329,1,526,1100751.17,1,High-Value Regulars,0
CUST07330,2,319,696165.98,5,Recent Medium-Value,0
CUST07331,3,669,1452109.44,3,Loyal High-Frequency,0
CUST07332,3,501,1031194.39,4,Less-Recent Regulars,0
CUST07333,5,341,823469.67,2,Occasional Customers,0
CUST07334,2,312,654478.65,5,Recent Medium-Value,0
CUST07335,1,471,987565.9,1,High-Value Regulars,0
CUST07336,2,440,881532.55,1,High-Value Regulars,0
CUST07337,3,324,578104.97,2,Occasional Customers,0
CUST07338,2,312,645843.52,5,Recent Medium-Value,0
CUST07339,1,336,688593.34,5,Recent Medium-Value,0
CUST07340,3,1011,2189942.79,0,VIP / Champions,0
CUST07341,1,462,1035597.94,1,High-Value Regulars,0
CUST07342,1,478,933096.39,1,High-Value Regulars,0
CUST07343,1,347,691932.78,5,Recent Medium-Value,0
CUST07344,2,429,898347.11,1,High-Value Regulars,0
CUST07345,1,1056,2274833.59,0,VIP / Champions,0
CUST07346,1,675,1445892.91,7,Recent Loyal Customers,0
CUST07347,2,480,1057609.48,1,High-Value Regulars,0
CUST07348,5,686,1620481.26,3,Loyal High-Frequency,0
CUST07349,1,484,1041862.97,1,High-Value Regulars,0
CUST07350,2,537,1137316.05,1,High-Value Regulars,0
CUST07351,1,334,742956.37,5,Recent Medium-Value,0
CUST07352,3,471,996890.55,4,Less-Recent Regulars,0
CUST07353,3,682,1435790.26,3,Loyal High-Frequency,0
CUST07354,1,351,760973.89,5,Recent Medium-Value,0
CUST07355,1,663,1451516.6,7,Recent Loyal Customers,0
CUST07356,4,327,768236.41,2,Occasional Customers,0
CUST07357,2,683,1380497.21,3,Loyal High-Frequency,0
CUST07358,1,1110,2261432.78,0,VIP / Champions,0
CUST07359,1,332,713339.64,5,Recent Medium-Value,0
CUST07360,1,1058,2208409.37,0,VIP / Champions,0
CUST07361,3,718,1531193.05,3,Loyal High-Frequency,0
CUST07362,3,646,1314501.4,3,Loyal High-Frequency,0
CUST07363,15,335,732104.11,6,At-Risk Customers,0
CUST07364,2,444,973228.85,1,High-Value Regulars,0
CUST07365,4,483,1104768.81,4,Less-Recent Regulars,0
CUST07366,1,693,1476471.31,7,Recent Loyal Customers,0
CUST07367,1,454,905050.4,1,High-Value Regulars,0
CUST07368,2,291,588835.8,5,Recent Medium-Value,0
CUST07369,4,483,988520.87,4,Less-Recent Regulars,0
CUST07370,1,1061,2182237.26,0,VIP / Champions,0
CUST07371,1,467,913544.86,1,High-Value Regulars,0
CUST07372,3,451,917951.42,4,Less-Recent Regulars,0
CUST07373,2,690,1425769.26,3,Loyal High-Frequency,0
CUST07374,1,329,719692.18,5,Recent Medium-Value,0
CUST07375,1,684,1351074.15,7,Recent Loyal Customers,0
CUST07376,1,455,998821.8,1,High-Value Regulars,0
CUST07377,2,313,676563.01,5,Recent Medium-Value,0
CUST07378,3,328,714360.27,2,Occasional Customers,0
CUST07379,1,503,1110274.42,1,High-Value Regulars,0
CUST07380,2,682,1464826.22,3,Loyal High-Frequency,0
CUST07381,3,348,725805.7,2,Occasional Customers,0
CUST07382,1,1072,2418951.93,0,VIP / Champions,0
CUST07383,1,430,1021391.98,1,High-Value Regulars,0
CUST07384,1,682,1413589.56,7,Recent Loyal Customers,0
CUST07385,4,325,577532.42,2,Occasional Customers,0
CUST07386,1,458,968977.11,1,High-Value Regulars,0
CUST07387,1,1090,2251078.56,0,VIP / Champions,0
CUST07388,3,457,982146.81,4,Less-Recent Regulars,0
CUST07389,1,706,1515738.78,7,Recent Loyal Customers,0
CUST07390,2,735,1561261.1,3,Loyal High-Frequency,0
CUST07391,5,331,750185.4400000001,2,Occasional Customers,0
CUST07392,1,674,1456315.24,7,Recent Loyal Customers,0
CUST07393,1,470,1031023.02,1,High-Value Regulars,0
CUST07394,5,353,739766.66,2,Occasional Customers,0
CUST07395,2,456,978006.38,1,High-Value Regulars,0
CUST07396,1,331,699055.6,5,Recent Medium-Value,0
CUST07397,1,1063,2199591.36,0,VIP / Champions,0
CUST07398,1,325,734509.87,5,Recent Medium-Value,0
CUST07399,1,665,1343775.06,7,Recent Loyal Customers,0
CUST07400,1,467,1009803.32,1,High-Value Regulars,0
CUST07401,5,465,972416.73,4,Less-Recent Regulars,0
CUST07402,1,1083,2331501.73,0,VIP / Champions,0
CUST07403,1,1075,2181583.84,0,VIP / Champions,0
CUST07404,4,684,1452367.11,3,Loyal High-Frequency,0
CUST07405,1,679,1515897.48,7,Recent Loyal Customers,0
CUST07406,6,428,985542.11,4,Less-Recent Regulars,0
CUST07407,3,307,644547.64,2,Occasional Customers,0
CUST07408,1,466,958221.14,1,High-Value Regulars,0
CUST07409,1,486,1005630.36,1,High-Value Regulars,0
CUST07410,4,302,599013.05,2,Occasional Customers,0
CUST07411,4,465,1008976.69,4,Less-Recent Regulars,0
CUST07412,2,481,1063176.49,1,High-Value Regulars,0
CUST07413,1,642,1266200.41,7,Recent Loyal Customers,0
CUST07414,3,471,1053201.11,4,Less-Recent Regulars,0
CUST07415,1,665,1356842.31,7,Recent Loyal Customers,0
CUST07416,11,473,989809.5599999999,6,At-Risk Customers,0
CUST07417,1,460,1038033.35,1,High-Value Regulars,0
CUST07418,1,470,1072696.83,1,High-Value Regulars,0
CUST07419,2,322,678696.6900000001,5,Recent Medium-Value,0
CUST07420,2,462,1045534.07,1,High-Value Regulars,0
CUST07421,1,317,709604.6,5,Recent Medium-Value,0
CUST07422,2,712,1585318.53,3,Loyal High-Frequency,0
CUST07423,1,1099,2418078.15,0,VIP / Champions,0
CUST07424,8,358,777503.96,6,At-Risk Customers,0
CUST07425,1,461,1055157.21,1,High-Value Regulars,0
CUST07426,1,662,1444741.47,7,Recent Loyal Customers,0
CUST07427,1,489,979808.2,1,High-Value Regulars,0
CUST07428,1,455,948303.15,1,High-Value Regulars,0
CUST07429,1,480,1008032.59,1,High-Value Regulars,0
CUST07430,1,428,860100.42,1,High-Value Regulars,0
CUST07431,2,435,908094.0599999999,1,High-Value Regulars,0
CUST07432,1,1088,2248604.96,0,VIP / Champions,0
CUST07433,3,300,686033.37,2,Occasional Customers,0
CUST07434,2,1069,2070965.54,0,VIP / Champions,0
CUST07435,1,719,1481870.17,7,Recent Loyal Customers,0
CUST07436,4,472,975136.76,4,Less-Recent Regulars,0
CUST07437,2,1052,2092798.69,0,VIP / Champions,0
CUST07438,3,329,724986.1,2,Occasional Customers,0
CUST07439,2,1047,2248926.0,0,VIP / Champions,0
CUST07440,2,706,1395154.01,3,Loyal High-Frequency,0
CUST07441,1,473,1003211.65,1,High-Value Regulars,0
CUST07442,1,453,924633.52,1,High-Value Regulars,0
CUST07443,2,1039,2221872.21,0,VIP / Champions,0
CUST07444,1,627,1432754.21,7,Recent Loyal Customers,0
CUST07445,2,455,968513.14,1,High-Value Regulars,0
CUST07446,6,665,1483470.61,3,Loyal High-Frequency,0
CUST07447,1,465,959827.37,1,High-Value Regulars,0
CUST07448,4,699,1386073.49,3,Loyal High-Frequency,0
CUST07449,2,462,927529.38,1,High-Value Regulars,0
CUST07450,4,345,720463.16,2,Occasional Customers,0
CUST07451,1,320,660952.88,5,Recent Medium-Value,0
CUST07452,2,677,1402294.71,3,Loyal High-Frequency,0
CUST07453,2,344,692082.8,5,Recent Medium-Value,0
CUST07454,1,672,1452790.02,7,Recent Loyal Customers,0
CUST07455,1,425,905059.81,1,High-Value Regulars,0
CUST07456,1,323,611394.62,5,Recent Medium-Value,0
CUST07457,1,700,1424107.42,7,Recent Loyal Customers,0
CUST07458,1,712,1557836.49,7,Recent Loyal Customers,0
CUST07459,4,507,967241.14,4,Less-Recent Regulars,0
CUST07460,1,1024,2173616.18,0,VIP / Champions,0
CUST07461,2,669,1448459.91,3,Loyal High-Frequency,0
CUST07462,1,694,1411952.47,7,Recent Loyal Customers,0
CUST07463,1,445,1023021.09,1,High-Value Regulars,0
CUST07464,2,705,1448634.53,3,Loyal High-Frequency,0
CUST07465,1,456,989260.07,1,High-Value Regulars,0
CUST07466,1,472,998956.24,1,High-Value Regulars,0
CUST07467,2,434,850592.82,1,High-Value Regulars,0
CUST07468,3,658,1328804.84,3,Loyal High-Frequency,0
CUST07469,1,333,674144.36,5,Recent Medium-Value,0
CUST07470,3,456,984685.59,4,Less-Recent Regulars,0
CUST07471,9,305,694409.88,6,At-Risk Customers,0
CUST07472,1,437,896617.65,1,High-Value Regulars,0
CUST07473,1,469,953343.3099999999,1,High-Value Regulars,0
CUST07474,8,344,785383.8,6,At-Risk Customers,0
CUST07475,6,334,667367.89,2,Occasional Customers,0
CUST07476,12,289,583875.74,6,At-Risk Customers,0
CUST07477,2,705,1569353.43,3,Loyal High-Frequency,0
CUST07478,2,492,1028200.48,1,High-Value Regulars,0
CUST07479,2,312,618858.06,5,Recent Medium-Value,0
CUST07480,2,454,942554.5700000001,1,High-Value Regulars,0
CUST07481,2,485,961043.66,1,High-Value Regulars,0
CUST07482,1,1104,2372992.4,0,VIP / Champions,0
CUST07483,1,684,1525127.48,7,Recent Loyal Customers,0
CUST07484,3,456,956546.13,4,Less-Recent Regulars,0
CUST07485,1,475,978378.17,1,High-Value Regulars,0
CUST07486,2,1072,2323710.04,0,VIP / Champions,0
CUST07487,1,317,658408.71,5,Recent Medium-Value,0
CUST07488,2,716,1426494.42,3,Loyal High-Frequency,0
CUST07489,2,725,1408460.41,3,Loyal High-Frequency,0
CUST07490,1,1060,2109503.64,0,VIP / Champions,0
CUST07491,1,1035,2269151.66,0,VIP / Champions,0
CUST07492,2,322,612989.08,5,Recent Medium-Value,0
CUST07493,3,448,1019452.13,4,Less-Recent Regulars,0
CUST07494,1,303,680271.57,5,Recent Medium-Value,0
CUST07495,8,332,643601.36,6,At-Risk Customers,0
CUST07496,2,740,1566912.4,3,Loyal High-Frequency,0
CUST07497,1,665,1461538.18,7,Recent Loyal Customers,0
CUST07498,5,476,1036010.07,4,Less-Recent Regulars,0
CUST07499,1,717,1522761.74,7,Recent Loyal Customers,0
CUST07500,1,335,765305.48,5,Recent Medium-Value,0
CUST07501,1,409,842827.32,1,High-Value Regulars,0
CUST07502,2,322,693279.98,5,Recent Medium-Value,0
CUST07503,3,675,1372863.73,3,Loyal High-Frequency,0
CUST07504,2,318,605969.77,5,Recent Medium-Value,0
CUST07505,2,315,619637.76,5,Recent Medium-Value,0
CUST07506,1,341,717972.91,5,Recent Medium-Value,0
CUST07507,2,339,743000.07,5,Recent Medium-Value,0
CUST07508,1,680,1419394.88,7,Recent Loyal Customers,0
CUST07509,1,316,680674.89,5,Recent Medium-Value,0
CUST07510,2,338,647719.59,5,Recent Medium-Value,0
CUST07511,1,290,533441.68,5,Recent Medium-Value,0
CUST07512,2,707,1418774.09,3,Loyal High-Frequency,0
CUST07513,2,338,715766.96,5,Recent Medium-Value,0
CUST07514,1,335,731344.96,5,Recent Medium-Value,0
CUST07515,5,332,801978.39,2,Occasional Customers,0
CUST07516,1,1073,2319718.52,0,VIP / Champions,0
CUST07517,2,473,1003327.27,1,High-Value Regulars,0
CUST07518,2,345,706703.49,5,Recent Medium-Value,0
CUST07519,2,467,930026.95,1,High-Value Regulars,0
CUST07520,2,705,1543724.29,3,Loyal High-Frequency,0
CUST07521,1,491,1103196.84,1,High-Value Regulars,0
CUST07522,1,469,1085632.79,1,High-Value Regulars,0
CUST07523,3,307,620119.41,2,Occasional Customers,0
CUST07524,4,431,859116.95,4,Less-Recent Regulars,0
CUST07525,6,331,737630.2,2,Occasional Customers,0
CUST07526,2,342,756883.66,5,Recent Medium-Value,0
CUST07527,1,1062,2436639.3,0,VIP / Champions,0
CUST07528,1,628,1348591.24,7,Recent Loyal Customers,0
CUST07529,1,333,696215.85,5,Recent Medium-Value,0
CUST07530,4,425,923975.77,4,Less-Recent Regulars,0
CUST07531,2,746,1526807.04,3,Loyal High-Frequency,0
CUST07532,1,491,977276.62,1,High-Value Regulars,0
CUST07533,2,451,914854.21,1,High-Value Regulars,0
CUST07534,1,469,993910.12,1,High-Value Regulars,0
CUST07535,1,433,984711.6,1,High-Value Regulars,0
CUST07536,1,731,1723613.66,7,Recent Loyal Customers,0
CUST07537,1,333,621703.06,5,Recent Medium-Value,0
CUST07538,2,665,1373250.48,3,Loyal High-Frequency,0
CUST07539,8,455,940473.63,4,Less-Recent Regulars,0
CUST07540,2,309,604045.28,5,Recent Medium-Value,0
CUST07541,1,310,668603.44,5,Recent Medium-Value,0
CUST07542,2,668,1396446.12,3,Loyal High-Frequency,0
CUST07543,3,356,712717.54,2,Occasional Customers,0
CUST07544,8,478,967982.8099999999,4,Less-Recent Regulars,0
CUST07545,1,324,690983.05,5,Recent Medium-Value,0
CUST07546,1,486,1004642.37,1,High-Value Regulars,0
CUST07547,1,317,650312.4,5,Recent Medium-Value,0
CUST07548,3,483,1068431.6199999999,4,Less-Recent Regulars,0
CUST07549,1,480,1045013.99,1,High-Value Regulars,0
CUST07550,1,657,1450982.13,7,Recent Loyal Customers,0
CUST07551,11,320,661582.25,6,At-Risk Customers,0
CUST07552,1,340,712957.5,5,Recent Medium-Value,0
CUST07553,1,442,863268.18,1,High-Value Regulars,0
CUST07554,1,690,1409128.32,7,Recent Loyal Customers,0
CUST07555,2,691,1428109.27,3,Loyal High-Frequency,0
CUST07556,1,307,609922.4400000001,5,Recent Medium-Value,0
CUST07557,10,300,731974.73,6,At-Risk Customers,0
CUST07558,1,335,669805.5,5,Recent Medium-Value,0
CUST07559,3,318,677151.02,2,Occasional Customers,0
CUST07560,5,325,683645.25,2,Occasional Customers,0
CUST07561,4,469,969248.77,4,Less-Recent Regulars,0
CUST07562,2,698,1491017.84,3,Loyal High-Frequency,0
CUST07563,4,658,1336565.29,3,Loyal High-Frequency,0
CUST07564,4,337,695970.13,2,Occasional Customers,0
CUST07565,1,332,714597.02,5,Recent Medium-Value,0
CUST07566,7,463,1015458.42,4,Less-Recent Regulars,0
CUST07567,1,434,881091.15,1,High-Value Regulars,0
CUST07568,8,455,1024884.33,4,Less-Recent Regulars,0
CUST07569,3,696,1407339.65,3,Loyal High-Frequency,0
CUST07570,1,346,639921.27,5,Recent Medium-Value,0
CUST07571,3,332,644172.07,2,Occasional Customers,0
CUST07572,6,436,902197.64,4,Less-Recent Regulars,0
CUST07573,5,463,1029684.28,4,Less-Recent Regulars,0
CUST07574,2,333,699755.98,5,Recent Medium-Value,0
CUST07575,4,319,682780.14,2,Occasional Customers,0
CUST07576,2,1054,2100524.15,0,VIP / Champions,0
CUST07577,1,689,1501502.4,7,Recent Loyal Customers,0
CUST07578,2,446,915062.38,1,High-Value Regulars,0
CUST07579,1,326,755093.56,5,Recent Medium-Value,0
CUST07580,1,1061,2165651.97,0,VIP / Champions,0
CUST07581,2,444,960478.14,1,High-Value Regulars,0
CUST07582,4,317,633001.0599999999,2,Occasional Customers,0
CUST07583,1,345,732687.51,5,Recent Medium-Value,0
CUST07584,3,304,616512.93,2,Occasional Customers,0
CUST07585,8,333,715722.15,6,At-Risk Customers,0
CUST07586,1,500,1150902.22,1,High-Value Regulars,0
CUST07587,8,294,575040.61,6,At-Risk Customers,0
CUST07588,1,451,1038984.54,1,High-Value Regulars,0
CUST07589,1,476,970523.9,1,High-Value Regulars,0
CUST07590,5,313,629704.85,2,Occasional Customers,0
CUST07591,13,339,662509.54,6,At-Risk Customers,0
CUST07592,1,1065,2184588.88,0,VIP / Champions,0
CUST07593,4,340,708939.84,2,Occasional Customers,0
CUST07594,1,310,567379.27,5,Recent Medium-Value,0
CUST07595,1,663,1344346.01,7,Recent Loyal Customers,0
CUST07596,1,716,1473176.51,7,Recent Loyal Customers,0
CUST07597,1,443,976109.47,1,High-Value Regulars,0
CUST07598,5,322,738070.38,2,Occasional Customers,0
CUST07599,4,479,1118383.96,4,Less-Recent Regulars,0
CUST07600,2,474,1044203.14,1,High-Value Regulars,0
CUST07601,2,717,1534625.31,3,Loyal High-Frequency,0
CUST07602,8,336,664275.61,6,At-Risk Customers,0
CUST07603,17,301,655992.89,6,At-Risk Customers,0
CUST07604,1,471,1034860.7,1,High-Value Regulars,0
CUST07605,3,349,850758.43,2,Occasional Customers,0
CUST07606,1,458,1002299.86,1,High-Value Regulars,0
CUST07607,1,333,735699.66,5,Recent Medium-Value,0
CUST07608,4,694,1407315.23,3,Loyal High-Frequency,0
CUST07609,3,460,980901.6,4,Less-Recent Regulars,0
CUST07610,1,329,687594.54,5,Recent Medium-Value,0
CUST07611,1,462,1052636.33,1,High-Value Regulars,0
CUST07612,1,765,1669983.41,7,Recent Loyal Customers,0
CUST07613,1,333,800063.17,5,Recent Medium-Value,0
CUST07614,1,752,1645696.68,7,Recent Loyal Customers,0
CUST07615,1,705,1406576.4,7,Recent Loyal Customers,0
CUST07616,1,447,957979.04,1,High-Value Regulars,0
CUST07617,2,471,924596.52,1,High-Value Regulars,0
CUST07618,1,487,1060258.23,1,High-Value Regulars,0
CUST07619,6,486,1001660.63,4,Less-Recent Regulars,0
CUST07620,5,315,697715.64,2,Occasional Customers,0
CUST07621,2,323,630662.86,5,Recent Medium-Value,0
CUST07622,9,425,897915.1,6,At-Risk Customers,0
CUST07623,4,676,1285333.92,3,Loyal High-Frequency,0
CUST07624,1,303,636428.34,5,Recent Medium-Value,0
CUST07625,2,310,591892.76,5,Recent Medium-Value,0
CUST07626,4,309,657165.78,2,Occasional Customers,0
CUST07627,3,356,795450.1,2,Occasional Customers,0
CUST07628,3,502,1102713.03,4,Less-Recent Regulars,0
CUST07629,1,685,1401864.89,7,Recent Loyal Customers,0
CUST07630,6,344,696248.32,2,Occasional Customers,0
CUST07631,3,689,1409754.72,3,Loyal High-Frequency,0
CUST07632,1,676,1325214.44,7,Recent Loyal Customers,0
CUST07633,1,491,1057703.58,1,High-Value Regulars,0
CUST07634,11,308,621100.46,6,At-Risk Customers,0
CUST07635,3,299,593080.66,2,Occasional Customers,0
CUST07636,6,303,595578.81,2,Occasional Customers,0
CUST07637,1,338,676977.43,5,Recent Medium-Value,0
CUST07638,2,459,963125.7,1,High-Value Regulars,0
CUST07639,7,321,679716.29,6,At-Risk Customers,0
CUST07640,2,447,924423.69,1,High-Value Regulars,0
CUST07641,1,704,1532478.51,7,Recent Loyal Customers,0
CUST07642,4,331,707507.87,2,Occasional Customers,0
CUST07643,5,678,1414253.56,3,Loyal High-Frequency,0
CUST07644,3,345,671732.53,2,Occasional Customers,0
CUST07645,2,480,1042924.72,1,High-Value Regulars,0
CUST07646,3,682,1350165.15,3,Loyal High-Frequency,0
CUST07647,8,486,1008087.22,4,Less-Recent Regulars,0
CUST07648,1,680,1388108.23,7,Recent Loyal Customers,0
CUST07649,3,693,1439384.78,3,Loyal High-Frequency,0
CUST07650,6,352,680226.64,2,Occasional Customers,0
CUST07651,4,443,872431.35,4,Less-Recent Regulars,0
CUST07652,12,304,634115.24,6,At-Risk Customers,0
CUST07653,2,1043,2249954.17,0,VIP / Champions,0
CUST07654,1,1055,2135169.86,0,VIP / Champions,0
CUST07655,1,329,632913.95,5,Recent Medium-Value,0
CUST07656,3,672,1467287.77,3,Loyal High-Frequency,0
CUST07657,6,337,732578.18,2,Occasional Customers,0
CUST07658,2,664,1507323.82,3,Loyal High-Frequency,0
CUST07659,9,342,774017.39,6,At-Risk Customers,0
CUST07660,2,717,1415277.68,3,Loyal High-Frequency,0
CUST07661,4,320,643474.93,2,Occasional Customers,0
CUST07662,1,677,1433181.06,7,Recent Loyal Customers,0
CUST07663,2,447,912313.93,1,High-Value Regulars,0
CUST07664,2,736,1572864.17,3,Loyal High-Frequency,0
CUST07665,1,329,691419.67,5,Recent Medium-Value,0
CUST07666,1,765,1644439.05,7,Recent Loyal Customers,0
CUST07667,1,515,1022399.3,1,High-Value Regulars,0
CUST07668,2,336,672192.57,5,Recent Medium-Value,0
CUST07669,6,330,678560.4,2,Occasional Customers,0
CUST07670,1,303,617267.82,5,Recent Medium-Value,0
CUST07671,3,473,949329.8,4,Less-Recent Regulars,0
CUST07672,16,297,602172.27,6,At-Risk Customers,0
CUST07673,5,693,1508954.68,3,Loyal High-Frequency,0
CUST07674,1,703,1455160.58,7,Recent Loyal Customers,0
CUST07675,2,314,614150.14,5,Recent Medium-Value,0
CUST07676,4,320,717635.81,2,Occasional Customers,0
CUST07677,2,1048,2226681.97,0,VIP / Champions,0
CUST07678,2,474,929959.45,1,High-Value Regulars,0
CUST07679,4,432,868858.46,4,Less-Recent Regulars,0
CUST07680,6,456,933786.84,4,Less-Recent Regulars,0
CUST07681,7,357,789236.36,6,At-Risk Customers,0
CUST07682,1,638,1364625.51,7,Recent Loyal Customers,0
CUST07683,4,500,1040471.93,4,Less-Recent Regulars,0
CUST07684,3,320,654815.94,2,Occasional Customers,0
CUST07685,3,489,927871.58,4,Less-Recent Regulars,0
CUST07686,1,677,1440001.35,7,Recent Loyal Customers,0
CUST07687,1,705,1393121.16,7,Recent Loyal Customers,0
CUST07688,2,755,1597461.8699999999,3,Loyal High-Frequency,0
CUST07689,2,348,768156.33,5,Recent Medium-Value,0
CUST07690,1,317,689463.07,5,Recent Medium-Value,0
CUST07691,1,695,1470106.33,7,Recent Loyal Customers,0
CUST07692,3,707,1454221.89,3,Loyal High-Frequency,0
CUST07693,2,765,1532866.95,3,Loyal High-Frequency,0
CUST07694,3,1070,2244874.93,0,VIP / Champions,0
CUST07695,2,326,726891.92,5,Recent Medium-Value,0
CUST07696,10,445,979106.62,6,At-Risk Customers,0
CUST07697,1,481,968298.43,1,High-Value Regulars,0
CUST07698,1,344,687178.88,5,Recent Medium-Value,0
CUST07699,5,488,954861.21,4,Less-Recent Regulars,0
CUST07700,1,1093,2344036.84,0,VIP / Champions,0
CUST07701,1,1086,2234571.75,0,VIP / Champions,0
CUST07702,2,479,1050982.67,1,High-Value Regulars,0
CUST07703,3,305,669162.16,2,Occasional Customers,0
CUST07704,1,656,1471054.1,7,Recent Loyal Customers,0
CUST07705,1,665,1453575.23,7,Recent Loyal Customers,0
CUST07706,1,494,983910.46,1,High-Value Regulars,0
CUST07707,3,480,987611.54,4,Less-Recent Regulars,0
CUST07708,8,308,646849.01,6,At-Risk Customers,0
CUST07709,11,311,668561.84,6,At-Risk Customers,0
CUST07710,4,345,709161.47,2,Occasional Customers,0
CUST07711,1,430,952553.57,1,High-Value Regulars,0
CUST07712,8,344,756699.14,6,At-Risk Customers,0
CUST07713,2,470,1021636.11,1,High-Value Regulars,0
CUST07714,3,295,574553.11,2,Occasional Customers,0
CUST07715,2,709,1512835.97,3,Loyal High-Frequency,0
CUST07716,4,346,810423.29,2,Occasional Customers,0
CUST07717,6,475,926866.24,4,Less-Recent Regulars,0
CUST07718,17,326,798297.41,6,At-Risk Customers,0
CUST07719,1,461,937199.13,1,High-Value Regulars,0
CUST07720,1,339,729428.05,5,Recent Medium-Value,0
CUST07721,4,336,747304.36,2,Occasional Customers,0
CUST07722,4,439,929203.48,4,Less-Recent Regulars,0
CUST07723,4,490,1030381.0599999999,4,Less-Recent Regulars,0
CUST07724,5,296,676203.66,2,Occasional Customers,0
CUST07725,2,1124,2421067.78,0,VIP / Champions,0
CUST07726,1,763,1655175.28,7,Recent Loyal Customers,0
CUST07727,1,468,979103.6799999999,1,High-Value Regulars,0
CUST07728,1,1075,2168923.07,0,VIP / Champions,0
CUST07729,6,710,1560943.94,3,Loyal High-Frequency,0
CUST07730,1,526,1060562.88,1,High-Value Regulars,0
CUST07731,2,1026,2183859.41,0,VIP / Champions,0
CUST07732,1,505,1023138.3099999999,1,High-Value Regulars,0
CUST07733,12,331,670063.02,6,At-Risk Customers,0
CUST07734,1,356,706722.91,5,Recent Medium-Value,0
CUST07735,3,285,608334.46,2,Occasional Customers,0
CUST07736,12,317,723753.64,6,At-Risk Customers,0
CUST07737,1,356,704664.57,5,Recent Medium-Value,0
CUST07738,1,484,970198.61,1,High-Value Regulars,0
CUST07739,1,456,918432.94,1,High-Value Regulars,0
CUST07740,3,309,643389.79,2,Occasional Customers,0
CUST07741,5,441,913333.93,4,Less-Recent Regulars,0
CUST07742,2,464,1067147.76,1,High-Value Regulars,0
CUST07743,1,1088,2268146.04,0,VIP / Champions,0
CUST07744,3,436,952853.09,4,Less-Recent Regulars,0
CUST07745,1,1073,2407655.06,0,VIP / Champions,0
CUST07746,1,711,1409908.83,7,Recent Loyal Customers,0
CUST07747,6,476,1019032.83,4,Less-Recent Regulars,0
CUST07748,1,304,641378.58,5,Recent Medium-Value,0
CUST07749,14,721,1506586.31,4,Less-Recent Regulars,0
CUST07750,10,304,621959.16,6,At-Risk Customers,0
CUST07751,18,318,742373.69,6,At-Risk Customers,0
CUST07752,3,675,1407144.09,3,Loyal High-Frequency,0
CUST07753,2,452,999034.72,1,High-Value Regulars,0
CUST07754,15,325,696636.08,6,At-Risk Customers,0
CUST07755,1,311,653376.63,5,Recent Medium-Value,0
CUST07756,1,685,1382375.6300000001,7,Recent Loyal Customers,0
CUST07757,10,326,736223.38,6,At-Risk Customers,0
CUST07758,1,701,1530666.94,7,Recent Loyal Customers,0
CUST07759,4,470,986504.24,4,Less-Recent Regulars,0
CUST07760,1,741,1456465.44,7,Recent Loyal Customers,0
CUST07761,5,478,948261.75,4,Less-Recent Regulars,0
CUST07762,2,1057,2190029.14,0,VIP / Champions,0
CUST07763,1,699,1426187.32,7,Recent Loyal Customers,0
CUST07764,6,307,677340.37,2,Occasional Customers,0
CUST07765,2,464,1017691.15,1,High-Value Regulars,0
CUST07766,1,1064,2093336.04,0,VIP / Champions,0
CUST07767,1,314,612430.43,5,Recent Medium-Value,0
CUST07768,1,495,1097516.81,1,High-Value Regulars,0
CUST07769,1,494,1063272.12,1,High-Value Regulars,0
CUST07770,11,345,703964.1,6,At-Risk Customers,0
CUST07771,2,307,678737.26,5,Recent Medium-Value,0
CUST07772,2,329,738559.48,5,Recent Medium-Value,0
CUST07773,3,477,1009251.47,4,Less-Recent Regulars,0
CUST07774,1,703,1421236.84,7,Recent Loyal Customers,0
CUST07775,6,437,973872.84,4,Less-Recent Regulars,0
CUST07776,5,320,705205.74,2,Occasional Customers,0
CUST07777,3,320,762905.39,2,Occasional Customers,0
CUST07778,1,474,982391.09,1,High-Value Regulars,0
CUST07779,1,336,769934.2,5,Recent Medium-Value,0
CUST07780,5,332,692467.16,2,Occasional Customers,0
CUST07781,3,321,602629.8099999999,2,Occasional Customers,0
CUST07782,1,464,994005.89,1,High-Value Regulars,0
CUST07783,4,723,1579730.74,3,Loyal High-Frequency,0
CUST07784,1,441,855451.44,1,High-Value Regulars,0
CUST07785,1,336,701979.17,5,Recent Medium-Value,0
CUST07786,1,340,742304.32,5,Recent Medium-Value,0
CUST07787,4,349,729042.86,2,Occasional Customers,0
CUST07788,3,322,707924.11,2,Occasional Customers,0
CUST07789,2,465,988416.63,1,High-Value Regulars,0
CUST07790,1,1047,2350280.59,0,VIP / Champions,0
CUST07791,2,330,751232.32,5,Recent Medium-Value,0
CUST07792,4,304,668925.1,2,Occasional Customers,0
CUST07793,4,488,1017901.34,4,Less-Recent Regulars,0
CUST07794,3,453,904382.54,4,Less-Recent Regulars,0
CUST07795,3,359,778022.58,2,Occasional Customers,0
CUST07796,4,326,671059.47,2,Occasional Customers,0
CUST07797,5,481,1042115.64,4,Less-Recent Regulars,0
CUST07798,1,455,998633.64,1,High-Value Regulars,0
CUST07799,4,500,1074442.86,4,Less-Recent Regulars,0
CUST07800,2,648,1322371.06,3,Loyal High-Frequency,0
CUST07801,4,320,667389.93,2,Occasional Customers,0
CUST07802,1,450,947546.12,1,High-Value Regulars,0
CUST07803,3,472,1011206.3,4,Less-Recent Regulars,0
CUST07804,4,322,728809.74,2,Occasional Customers,0
CUST07805,3,695,1467776.31,3,Loyal High-Frequency,0
CUST07806,2,327,711701.48,5,Recent Medium-Value,0
CUST07807,1,451,906846.16,1,High-Value Regulars,0
CUST07808,2,468,914385.67,1,High-Value Regulars,0
CUST07809,4,350,720730.07,2,Occasional Customers,0
CUST07810,1,355,743979.7,5,Recent Medium-Value,0
CUST07811,3,491,1059217.99,4,Less-Recent Regulars,0
CUST07812,3,304,633192.9,2,Occasional Customers,0
CUST07813,11,491,1122539.35,6,At-Risk Customers,0
CUST07814,7,446,969374.04,4,Less-Recent Regulars,0
CUST07815,3,716,1520874.1199999999,3,Loyal High-Frequency,0
CUST07816,2,351,739132.99,5,Recent Medium-Value,0
CUST07817,1,719,1413079.77,7,Recent Loyal Customers,0
CUST07818,4,481,1038308.84,4,Less-Recent Regulars,0
CUST07819,1,429,958760.3,1,High-Value Regulars,0
CUST07820,3,1032,2187089.95,0,VIP / Champions,0
CUST07821,2,444,916841.32,1,High-Value Regulars,0
CUST07822,1,726,1454381.08,7,Recent Loyal Customers,0
CUST07823,19,283,669421.39,6,At-Risk Customers,0
CUST07824,4,738,1467673.4,3,Loyal High-Frequency,0
CUST07825,1,1148,2329008.89,0,VIP / Champions,0
CUST07826,6,278,552458.51,2,Occasional Customers,0
CUST07827,1,463,959049.5,1,High-Value Regulars,0
CUST07828,3,699,1471131.8,3,Loyal High-Frequency,0
CUST07829,2,298,626404.62,5,Recent Medium-Value,0
CUST07830,1,464,967251.95,1,High-Value Regulars,0
CUST07831,1,310,583938.71,5,Recent Medium-Value,0
CUST07832,11,318,601736.73,6,At-Risk Customers,0
CUST07833,3,469,996980.9,4,Less-Recent Regulars,0
CUST07834,2,460,937697.39,1,High-Value Regulars,0
CUST07835,1,444,916212.22,1,High-Value Regulars,0
CUST07836,2,401,753329.39,5,Recent Medium-Value,0
CUST07837,3,1067,2232117.76,0,VIP / Champions,0
CUST07838,1,306,668756.14,5,Recent Medium-Value,0
CUST07839,3,462,1034855.0,4,Less-Recent Regulars,0
CUST07840,2,498,1036500.72,1,High-Value Regulars,0
CUST07841,2,1049,2129160.33,0,VIP / Champions,0
CUST07842,3,727,1461007.57,3,Loyal High-Frequency,0
CUST07843,2,368,751771.05,5,Recent Medium-Value,0
CUST07844,1,676,1410113.95,7,Recent Loyal Customers,0
CUST07845,1,467,910673.4,1,High-Value Regulars,0
CUST07846,4,313,607896.65,2,Occasional Customers,0
CUST07847,3,349,805880.58,2,Occasional Customers,0
CUST07848,4,327,673659.34,2,Occasional Customers,0
CUST07849,3,473,987543.71,4,Less-Recent Regulars,0
CUST07850,3,452,948017.64,4,Less-Recent Regulars,0
CUST07851,5,379,793050.9400000001,2,Occasional Customers,0
CUST07852,2,722,1477143.64,3,Loyal High-Frequency,0
CUST07853,2,465,1079275.52,1,High-Value Regulars,0
CUST07854,5,1083,2243953.68,3,Loyal High-Frequency,0
CUST07855,13,326,667085.08,6,At-Risk Customers,0
CUST07856,11,337,735440.21,6,At-Risk Customers,0
CUST07857,5,699,1426161.99,3,Loyal High-Frequency,0
CUST07858,2,721,1556388.61,3,Loyal High-Frequency,0
CUST07859,1,345,721395.4400000001,5,Recent Medium-Value,0
CUST07860,1,308,545427.3,5,Recent Medium-Value,0
CUST07861,2,340,680898.23,5,Recent Medium-Value,0
CUST07862,1,723,1479927.26,7,Recent Loyal Customers,0
CUST07863,1,327,623281.63,5,Recent Medium-Value,0
CUST07864,5,339,790930.89,2,Occasional Customers,0
CUST07865,1,705,1450229.74,7,Recent Loyal Customers,0
CUST07866,2,294,591862.87,5,Recent Medium-Value,0
CUST07867,7,484,1040696.38,4,Less-Recent Regulars,0
CUST07868,1,326,687524.34,5,Recent Medium-Value,0
CUST07869,2,462,952479.53,1,High-Value Regulars,0
CUST07870,4,328,659695.09,2,Occasional Customers,0
CUST07871,11,304,618147.32,6,At-Risk Customers,0
CUST07872,2,466,897453.47,1,High-Value Regulars,0
CUST07873,3,347,738469.03,2,Occasional Customers,0
CUST07874,2,439,958198.98,1,High-Value Regulars,0
CUST07875,6,308,663896.95,2,Occasional Customers,0
CUST07876,1,1086,2340094.27,0,VIP / Champions,0
CUST07877,3,476,1008875.31,4,Less-Recent Regulars,0
CUST07878,2,425,889594.97,1,High-Value Regulars,0
CUST07879,2,698,1335575.57,3,Loyal High-Frequency,0
CUST07880,1,306,731335.05,5,Recent Medium-Value,0
CUST07881,6,472,1006048.58,4,Less-Recent Regulars,0
CUST07882,4,484,966371.8099999999,4,Less-Recent Regulars,0
CUST07883,3,305,658435.98,2,Occasional Customers,0
CUST07884,9,353,770686.91,6,At-Risk Customers,0
CUST07885,1,288,590419.24,5,Recent Medium-Value,0
CUST07886,1,745,1590935.81,7,Recent Loyal Customers,0
CUST07887,1,453,902407.02,1,High-Value Regulars,0
CUST07888,1,436,896234.05,1,High-Value Regulars,0
CUST07889,2,316,617414.66,5,Recent Medium-Value,0
CUST07890,2,340,663968.07,5,Recent Medium-Value,0
CUST07891,3,461,863446.7,4,Less-Recent Regulars,0
CUST07892,4,287,665441.4,2,Occasional Customers,0
CUST07893,1,703,1414744.63,7,Recent Loyal Customers,0
CUST07894,1,329,725868.82,5,Recent Medium-Value,0
CUST07895,7,335,760805.61,6,At-Risk Customers,0
CUST07896,2,688,1325191.09,3,Loyal High-Frequency,0
CUST07897,3,340,744439.85,2,Occasional Customers,0
CUST07898,4,680,1468347.6,3,Loyal High-Frequency,0
CUST07899,4,327,697093.55,2,Occasional Customers,0
CUST07900,1,475,941949.78,1,High-Value Regulars,0
CUST07901,1,441,1018721.97,1,High-Value Regulars,0
CUST07902,1,466,970779.52,1,High-Value Regulars,0
CUST07903,1,319,666852.64,5,Recent Medium-Value,0
CUST07904,13,340,699032.09,6,At-Risk Customers,0
CUST07905,2,291,679034.4,5,Recent Medium-Value,0
CUST07906,3,719,1578795.15,3,Loyal High-Frequency,0
CUST07907,2,1081,2359870.01,0,VIP / Champions,0
CUST07908,1,335,674780.24,5,Recent Medium-Value,0
CUST07909,3,295,654099.71,2,Occasional Customers,0
CUST07910,6,325,664184.69,2,Occasional Customers,0
CUST07911,2,327,670788.97,5,Recent Medium-Value,0
CUST07912,3,446,945298.59,4,Less-Recent Regulars,0
CUST07913,1,450,940093.94,1,High-Value Regulars,0
CUST07914,2,451,948155.7,1,High-Value Regulars,0
CUST07915,2,339,745811.47,5,Recent Medium-Value,0
CUST07916,7,679,1336576.97,4,Less-Recent Regulars,0
CUST07917,2,666,1455059.42,3,Loyal High-Frequency,0
CUST07918,1,1124,2446354.81,0,VIP / Champions,0
CUST07919,2,453,990588.95,1,High-Value Regulars,0
CUST07920,3,489,1032416.98,4,Less-Recent Regulars,0
CUST07921,3,504,1076589.15,4,Less-Recent Regulars,0
CUST07922,3,343,659658.41,2,Occasional Customers,0
CUST07923,3,304,686241.72,2,Occasional Customers,0
CUST07924,1,680,1502012.16,7,Recent Loyal Customers,0
CUST07925,1,775,1601832.97,7,Recent Loyal Customers,0
CUST07926,3,1072,2208221.21,0,VIP / Champions,0
CUST07927,1,479,932046.34,1,High-Value Regulars,0
CUST07928,1,339,714036.2,5,Recent Medium-Value,0
CUST07929,1,649,1409799.38,7,Recent Loyal Customers,0
CUST07930,2,499,926631.71,1,High-Value Regulars,0
CUST07931,7,343,789889.27,6,At-Risk Customers,0
CUST07932,2,346,688043.37,5,Recent Medium-Value,0
CUST07933,1,483,1068906.57,1,High-Value Regulars,0
CUST07934,1,493,1144693.42,1,High-Value Regulars,0
CUST07935,1,314,703325.66,5,Recent Medium-Value,0
CUST07936,1,1029,2213732.38,0,VIP / Champions,0
CUST07937,1,334,689119.99,5,Recent Medium-Value,0
CUST07938,7,327,726706.85,6,At-Risk Customers,0
CUST07939,7,339,665889.09,6,At-Risk Customers,0
CUST07940,1,477,1000994.31,1,High-Value Regulars,0
CUST07941,5,466,977086.47,4,Less-Recent Regulars,0
CUST07942,6,455,1083522.86,4,Less-Recent Regulars,0
CUST07943,2,314,663894.5,5,Recent Medium-Value,0
CUST07944,4,455,1085320.51,4,Less-Recent Regulars,0
CUST07945,1,488,975838.87,1,High-Value Regulars,0
CUST07946,2,1009,2149427.46,0,VIP / Champions,0
CUST07947,1,723,1475243.18,7,Recent Loyal Customers,0
CUST07948,2,690,1400933.52,3,Loyal High-Frequency,0
CUST07949,2,710,1522530.99,3,Loyal High-Frequency,0
CUST07950,4,336,696903.88,2,Occasional Customers,0
CUST07951,3,488,1057705.68,4,Less-Recent Regulars,0
CUST07952,1,693,1358209.3,7,Recent Loyal Customers,0
CUST07953,1,676,1308129.33,7,Recent Loyal Customers,0
CUST07954,1,1118,2439959.82,0,VIP / Champions,0
CUST07955,4,336,795619.1,2,Occasional Customers,0
CUST07956,2,490,1128538.76,1,High-Value Regulars,0
CUST07957,1,306,668871.14,5,Recent Medium-Value,0
CUST07958,3,323,653040.76,2,Occasional Customers,0
CUST07959,2,454,900581.46,1,High-Value Regulars,0
CUST07960,1,1066,2249330.74,0,VIP / Champions,0
CUST07961,1,771,1588578.3699999999,7,Recent Loyal Customers,0
CUST07962,1,446,945859.2,1,High-Value Regulars,0
CUST07963,2,702,1409730.92,3,Loyal High-Frequency,0
CUST07964,1,515,1093169.24,1,High-Value Regulars,0
CUST07965,5,308,700728.57,2,Occasional Customers,0
CUST07966,2,446,908003.44,1,High-Value Regulars,0
CUST07967,1,325,701484.25,5,Recent Medium-Value,0
CUST07968,1,303,647294.47,5,Recent Medium-Value,0
CUST07969,1,334,671872.05,5,Recent Medium-Value,0
CUST07970,1,1049,2270953.71,0,VIP / Champions,0
CUST07971,4,313,642074.45,2,Occasional Customers,0
CUST07972,3,670,1421328.16,3,Loyal High-Frequency,0
CUST07973,3,358,758807.26,2,Occasional Customers,0
CUST07974,3,469,997811.42,4,Less-Recent Regulars,0
CUST07975,1,723,1541024.17,7,Recent Loyal Customers,0
CUST07976,2,463,1016580.75,1,High-Value Regulars,0
CUST07977,2,462,973354.82,1,High-Value Regulars,0
CUST07978,4,715,1452955.07,3,Loyal High-Frequency,0
CUST07979,5,327,779873.53,2,Occasional Customers,0
CUST07980,6,342,654840.1,2,Occasional Customers,0
CUST07981,1,491,1060478.54,1,High-Value Regulars,0
CUST07982,8,313,672342.77,6,At-Risk Customers,0
CUST07983,1,455,947222.55,1,High-Value Regulars,0
CUST07984,3,661,1381148.86,3,Loyal High-Frequency,0
CUST07985,3,767,1628700.98,3,Loyal High-Frequency,0
CUST07986,5,316,635055.22,2,Occasional Customers,0
CUST07987,1,336,721914.34,5,Recent Medium-Value,0
CUST07988,4,730,1513920.12,3,Loyal High-Frequency,0
CUST07989,3,462,1012734.51,4,Less-Recent Regulars,0
CUST07990,4,688,1404951.1,3,Loyal High-Frequency,0
CUST07991,1,1049,2182565.02,0,VIP / Champions,0
CUST07992,2,289,597223.68,5,Recent Medium-Value,0
CUST07993,1,730,1431495.54,7,Recent Loyal Customers,0
CUST07994,4,330,684118.1,2,Occasional Customers,0
CUST07995,4,342,730232.52,2,Occasional Customers,0
CUST07996,1,676,1459592.29,7,Recent Loyal Customers,0
CUST07997,10,294,559834.77,6,At-Risk Customers,0
CUST07998,2,331,683308.86,5,Recent Medium-Value,0
CUST07999,1,458,931835.0,1,High-Value Regulars,0
CUST08000,10,338,694192.94,6,At-Risk Customers,0
CUST08001,2,354,717328.18,5,Recent Medium-Value,0
CUST08002,3,357,742131.53,2,Occasional Customers,0
CUST08003,6,329,730337.09,2,Occasional Customers,0
CUST08004,2,484,1020227.03,1,High-Value Regulars,0
CUST08005,1,464,1006440.2,1,High-Value Regulars,0
CUST08006,2,316,708330.63,5,Recent Medium-Value,0
CUST08007,1,463,1013952.25,1,High-Value Regulars,0
CUST08008,1,1065,2254969.04,0,VIP / Champions,0
CUST08009,3,690,1322868.5,3,Loyal High-Frequency,0
CUST08010,5,309,660847.41,2,Occasional Customers,0
CUST08011,9,442,990100.25,6,At-Risk Customers,0
CUST08012,6,327,663503.47,2,Occasional Customers,0
CUST08013,3,314,681718.46,2,Occasional Customers,0
CUST08014,2,727,1652775.09,3,Loyal High-Frequency,0
CUST08015,1,329,732161.22,5,Recent Medium-Value,0
CUST08016,1,1103,2417404.92,0,VIP / Champions,0
CUST08017,2,325,676648.18,5,Recent Medium-Value,0
CUST08018,1,491,1019954.18,1,High-Value Regulars,0
CUST08019,3,459,970825.57,4,Less-Recent Regulars,0
CUST08020,1,478,1015308.66,1,High-Value Regulars,0
CUST08021,4,494,1026993.36,4,Less-Recent Regulars,0
CUST08022,5,325,681419.86,2,Occasional Customers,0
CUST08023,3,281,634428.3099999999,2,Occasional Customers,0
CUST08024,1,682,1550507.57,7,Recent Loyal Customers,0
CUST08025,1,733,1556657.07,7,Recent Loyal Customers,0
CUST08026,1,467,1007505.86,1,High-Value Regulars,0
CUST08027,1,1024,2130387.37,0,VIP / Champions,0
CUST08028,2,342,692731.14,5,Recent Medium-Value,0
CUST08029,2,1039,2161727.81,0,VIP / Champions,0
CUST08030,2,479,990098.4,1,High-Value Regulars,0
CUST08031,2,1082,2180953.57,0,VIP / Champions,0
CUST08032,1,493,1034344.84,1,High-Value Regulars,0
CUST08033,1,714,1438693.65,7,Recent Loyal Customers,0
CUST08034,2,1092,2087327.23,0,VIP / Champions,0
CUST08035,1,707,1467976.22,7,Recent Loyal Customers,0
CUST08036,1,337,741485.5,5,Recent Medium-Value,0
CUST08037,1,667,1357079.6199999999,7,Recent Loyal Customers,0
CUST08038,5,441,910599.46,4,Less-Recent Regulars,0
CUST08039,8,326,729791.24,6,At-Risk Customers,0
CUST08040,2,705,1475780.74,3,Loyal High-Frequency,0
CUST08041,1,454,1071877.22,1,High-Value Regulars,0
CUST08042,2,494,1035465.03,1,High-Value Regulars,0
CUST08043,3,725,1522517.04,3,Loyal High-Frequency,0
CUST08044,1,745,1563512.9,7,Recent Loyal Customers,0
CUST08045,5,461,989899.12,4,Less-Recent Regulars,0
CUST08046,2,456,1097253.9,1,High-Value Regulars,0
CUST08047,4,483,918545.37,4,Less-Recent Regulars,0
CUST08048,2,446,977814.45,1,High-Value Regulars,0
CUST08049,1,1076,2171924.32,0,VIP / Champions,0
CUST08050,4,320,710843.21,2,Occasional Customers,0
CUST08051,2,330,712321.95,5,Recent Medium-Value,0
CUST08052,2,497,998422.15,1,High-Value Regulars,0
CUST08053,1,434,978905.25,1,High-Value Regulars,0
CUST08054,5,309,727287.63,2,Occasional Customers,0
CUST08055,2,332,681326.07,5,Recent Medium-Value,0
CUST08056,4,506,1063312.91,4,Less-Recent Regulars,0
CUST08057,9,339,820104.99,6,At-Risk Customers,0
CUST08058,4,436,958973.57,4,Less-Recent Regulars,0
CUST08059,3,681,1513736.52,3,Loyal High-Frequency,0
CUST08060,4,335,741268.54,2,Occasional Customers,0
CUST08061,1,497,987675.47,1,High-Value Regulars,0
CUST08062,1,436,897474.36,1,High-Value Regulars,0
CUST08063,3,1024,2068097.62,0,VIP / Champions,0
CUST08064,1,1059,2136831.81,0,VIP / Champions,0
CUST08065,1,486,987109.95,1,High-Value Regulars,0
CUST08066,1,361,818288.01,5,Recent Medium-Value,0
CUST08067,3,1029,2041907.43,0,VIP / Champions,0
CUST08068,1,317,741391.66,5,Recent Medium-Value,0
CUST08069,2,457,1022490.48,1,High-Value Regulars,0
CUST08070,1,1029,2169066.64,0,VIP / Champions,0
CUST08071,4,456,969966.47,4,Less-Recent Regulars,0
CUST08072,3,442,893989.43,4,Less-Recent Regulars,0
CUST08073,2,346,673178.51,5,Recent Medium-Value,0
CUST08074,1,688,1592027.66,7,Recent Loyal Customers,0
CUST08075,1,341,755989.6,5,Recent Medium-Value,0
CUST08076,2,312,611426.42,5,Recent Medium-Value,0
CUST08077,7,309,617205.34,6,At-Risk Customers,0
CUST08078,1,499,1107076.95,1,High-Value Regulars,0
CUST08079,1,714,1500336.83,7,Recent Loyal Customers,0
CUST08080,1,320,661093.26,5,Recent Medium-Value,0
CUST08081,10,460,827526.67,6,At-Risk Customers,0
CUST08082,2,470,1056973.31,1,High-Value Regulars,0
CUST08083,1,446,866524.44,1,High-Value Regulars,0
CUST08084,2,481,1021931.57,1,High-Value Regulars,0
CUST08085,1,514,1092725.43,1,High-Value Regulars,0
CUST08086,3,715,1490806.51,3,Loyal High-Frequency,0
CUST08087,2,316,712447.0,5,Recent Medium-Value,0
CUST08088,6,344,731483.01,2,Occasional Customers,0
CUST08089,1,708,1435039.22,7,Recent Loyal Customers,0
CUST08090,3,306,644254.08,2,Occasional Customers,0
CUST08091,1,1023,2146445.31,0,VIP / Champions,0
CUST08092,1,449,916341.6,1,High-Value Regulars,0
CUST08093,5,329,672465.0,2,Occasional Customers,0
CUST08094,2,491,1009805.24,1,High-Value Regulars,0
CUST08095,2,326,740830.45,5,Recent Medium-Value,0
CUST08096,1,678,1386230.69,7,Recent Loyal Customers,0
CUST08097,3,477,1067450.9,4,Less-Recent Regulars,0
CUST08098,1,322,631540.2,5,Recent Medium-Value,0
CUST08099,1,677,1478318.0,7,Recent Loyal Customers,0
CUST08100,1,696,1434885.45,7,Recent Loyal Customers,0
CUST08101,1,454,1031947.38,1,High-Value Regulars,0
CUST08102,2,498,1005140.09,1,High-Value Regulars,0
CUST08103,3,715,1485228.0,3,Loyal High-Frequency,0
CUST08104,5,315,659752.18,2,Occasional Customers,0
CUST08105,1,1046,2111281.64,0,VIP / Champions,0
CUST08106,1,474,1007123.71,1,High-Value Regulars,0
CUST08107,1,1008,2208292.45,0,VIP / Champions,0
CUST08108,1,1127,2363766.15,0,VIP / Champions,0
CUST08109,8,311,602644.09,6,At-Risk Customers,0
CUST08110,1,334,736782.47,5,Recent Medium-Value,0
CUST08111,3,433,897185.55,4,Less-Recent Regulars,0
CUST08112,8,331,693244.21,6,At-Risk Customers,0
CUST08113,4,479,994626.77,4,Less-Recent Regulars,0
CUST08114,2,330,730594.98,5,Recent Medium-Value,0
CUST08115,1,1119,2254139.78,0,VIP / Champions,0
CUST08116,3,312,569026.31,2,Occasional Customers,0
CUST08117,3,309,626736.89,2,Occasional Customers,0
CUST08118,1,459,1016231.63,1,High-Value Regulars,0
CUST08119,2,323,711411.09,5,Recent Medium-Value,0
CUST08120,2,728,1410458.94,3,Loyal High-Frequency,0
CUST08121,4,325,668252.9,2,Occasional Customers,0
CUST08122,3,488,1005752.46,4,Less-Recent Regulars,0
CUST08123,2,471,974971.11,1,High-Value Regulars,0
CUST08124,2,1068,2253907.76,0,VIP / Champions,0
CUST08125,1,1051,2214035.78,0,VIP / Champions,0
CUST08126,3,683,1370408.02,3,Loyal High-Frequency,0
CUST08127,3,460,902731.73,4,Less-Recent Regulars,0
CUST08128,6,431,844258.42,4,Less-Recent Regulars,0
CUST08129,3,316,593366.26,2,Occasional Customers,0
CUST08130,1,1075,2305792.48,0,VIP / Champions,0
CUST08131,1,1055,2286402.11,0,VIP / Champions,0
CUST08132,7,337,676490.28,6,At-Risk Customers,0
CUST08133,3,489,1054462.33,4,Less-Recent Regulars,0
CUST08134,1,493,1116692.02,1,High-Value Regulars,0
CUST08135,3,443,951030.07,4,Less-Recent Regulars,0
CUST08136,3,455,890256.01,4,Less-Recent Regulars,0
CUST08137,5,465,964093.89,4,Less-Recent Regulars,0
CUST08138,1,649,1443496.75,7,Recent Loyal Customers,0
CUST08139,2,431,924514.94,1,High-Value Regulars,0
CUST08140,4,322,684596.82,2,Occasional Customers,0
CUST08141,2,339,719562.5,5,Recent Medium-Value,0
CUST08142,5,323,627635.76,2,Occasional Customers,0
CUST08143,6,451,969266.63,4,Less-Recent Regulars,0
CUST08144,2,458,1006460.07,1,High-Value Regulars,0
CUST08145,6,334,759082.97,2,Occasional Customers,0
CUST08146,1,297,633512.09,5,Recent Medium-Value,0
CUST08147,1,1090,2298252.29,0,VIP / Champions,0
CUST08148,3,702,1615035.07,3,Loyal High-Frequency,0
CUST08149,7,478,1009649.38,4,Less-Recent Regulars,0
CUST08150,3,353,769178.35,2,Occasional Customers,0
CUST08151,3,680,1447329.28,3,Loyal High-Frequency,0
CUST08152,3,306,616399.09,2,Occasional Customers,0
CUST08153,1,1078,2209564.03,0,VIP / Champions,0
CUST08154,5,456,934670.42,4,Less-Recent Regulars,0
CUST08155,2,349,713440.29,5,Recent Medium-Value,0
CUST08156,1,327,690533.18,5,Recent Medium-Value,0
CUST08157,1,702,1544065.6199999999,7,Recent Loyal Customers,0
CUST08158,6,284,594150.93,2,Occasional Customers,0
CUST08159,7,457,900159.92,4,Less-Recent Regulars,0
CUST08160,3,362,879301.1,2,Occasional Customers,0
CUST08161,1,1074,2238344.23,0,VIP / Champions,0
CUST08162,2,722,1565032.65,3,Loyal High-Frequency,0
CUST08163,1,314,684089.61,5,Recent Medium-Value,0
CUST08164,1,471,981350.3,1,High-Value Regulars,0
CUST08165,6,424,854635.17,4,Less-Recent Regulars,0
CUST08166,3,334,665460.01,2,Occasional Customers,0
CUST08167,1,478,948742.82,1,High-Value Regulars,0
CUST08168,1,331,745483.95,5,Recent Medium-Value,0
CUST08169,1,289,608111.79,5,Recent Medium-Value,0
CUST08170,1,1107,2171949.58,0,VIP / Champions,0
CUST08171,6,317,705528.91,2,Occasional Customers,0
CUST08172,1,489,1083660.55,1,High-Value Regulars,0
CUST08173,1,1092,2234966.48,0,VIP / Champions,0
CUST08174,4,333,744036.03,2,Occasional Customers,0
CUST08175,4,313,624090.12,2,Occasional Customers,0
CUST08176,1,698,1518569.2,7,Recent Loyal Customers,0
CUST08177,1,471,941835.97,1,High-Value Regulars,0
CUST08178,2,714,1554394.12,3,Loyal High-Frequency,0
CUST08179,2,487,931899.25,1,High-Value Regulars,0
CUST08180,1,1077,2361339.74,0,VIP / Champions,0
CUST08181,15,332,659435.85,6,At-Risk Customers,0
CUST08182,3,499,1025271.66,4,Less-Recent Regulars,0
CUST08183,3,683,1356450.16,3,Loyal High-Frequency,0
CUST08184,5,324,650029.03,2,Occasional Customers,0
CUST08185,2,461,989972.51,1,High-Value Regulars,0
CUST08186,4,448,936844.38,4,Less-Recent Regulars,0
CUST08187,3,456,1037903.23,4,Less-Recent Regulars,0
CUST08188,1,311,633716.78,5,Recent Medium-Value,0
CUST08189,2,454,977793.78,1,High-Value Regulars,0
CUST08190,4,475,1031532.78,4,Less-Recent Regulars,0
CUST08191,4,464,966385.1,4,Less-Recent Regulars,0
CUST08192,5,317,682143.7,2,Occasional Customers,0
CUST08193,4,345,687778.47,2,Occasional Customers,0
CUST08194,1,491,1021589.67,1,High-Value Regulars,0
CUST08195,1,457,913644.23,1,High-Value Regulars,0
CUST08196,1,1123,2375872.7,0,VIP / Champions,0
CUST08197,2,315,691976.43,5,Recent Medium-Value,0
CUST08198,2,1062,2316223.9,0,VIP / Champions,0
CUST08199,1,697,1521600.51,7,Recent Loyal Customers,0
CUST08200,3,309,719281.28,2,Occasional Customers,0
CUST08201,2,456,1036660.72,1,High-Value Regulars,0
CUST08202,2,358,748095.43,5,Recent Medium-Value,0
CUST08203,1,461,1002847.79,1,High-Value Regulars,0
CUST08204,1,687,1597397.78,7,Recent Loyal Customers,0
CUST08205,4,301,566691.82,2,Occasional Customers,0
CUST08206,1,685,1523244.34,7,Recent Loyal Customers,0
CUST08207,2,465,964650.64,1,High-Value Regulars,0
CUST08208,8,410,843262.79,6,At-Risk Customers,0
CUST08209,1,441,846065.18,1,High-Value Regulars,0
CUST08210,3,299,635133.82,2,Occasional Customers,0
CUST08211,6,376,748628.5599999999,2,Occasional Customers,0
CUST08212,4,498,1067675.82,4,Less-Recent Regulars,0
CUST08213,1,445,926480.54,1,High-Value Regulars,0
CUST08214,2,467,1035416.13,1,High-Value Regulars,0
CUST08215,3,344,709261.23,2,Occasional Customers,0
CUST08216,1,668,1403506.76,7,Recent Loyal Customers,0
CUST08217,1,499,1078562.34,1,High-Value Regulars,0
CUST08218,1,1053,2314930.25,0,VIP / Champions,0
CUST08219,3,476,934642.73,4,Less-Recent Regulars,0
CUST08220,6,311,642519.66,2,Occasional Customers,0
CUST08221,1,690,1378997.24,7,Recent Loyal Customers,0
CUST08222,3,1065,2244902.38,0,VIP / Champions,0
CUST08223,2,465,956073.91,1,High-Value Regulars,0
CUST08224,1,326,771456.78,5,Recent Medium-Value,0
CUST08225,2,522,1116121.72,1,High-Value Regulars,0
CUST08226,1,747,1588014.78,7,Recent Loyal Customers,0
CUST08227,2,351,722762.32,5,Recent Medium-Value,0
CUST08228,9,313,624134.91,6,At-Risk Customers,0
CUST08229,2,714,1540986.87,3,Loyal High-Frequency,0
CUST08230,4,321,669991.67,2,Occasional Customers,0
CUST08231,6,750,1593269.65,3,Loyal High-Frequency,0
CUST08232,3,1102,2331078.54,0,VIP / Champions,0
CUST08233,2,346,752244.93,5,Recent Medium-Value,0
CUST08234,1,1106,2314769.55,0,VIP / Champions,0
CUST08235,2,712,1370440.23,3,Loyal High-Frequency,0
CUST08236,1,476,1016226.58,1,High-Value Regulars,0
CUST08237,1,474,1003304.89,1,High-Value Regulars,0
CUST08238,6,326,746368.98,2,Occasional Customers,0
CUST08239,5,465,1015109.5599999999,4,Less-Recent Regulars,0
CUST08240,5,350,711355.55,2,Occasional Customers,0
CUST08241,4,429,838092.7,4,Less-Recent Regulars,0
CUST08242,2,523,1154823.6,1,High-Value Regulars,0
CUST08243,2,696,1347526.2,3,Loyal High-Frequency,0
CUST08244,1,319,637097.56,5,Recent Medium-Value,0
CUST08245,6,358,742808.51,2,Occasional Customers,0
CUST08246,4,328,763394.34,2,Occasional Customers,0
CUST08247,2,713,1523463.02,3,Loyal High-Frequency,0
CUST08248,1,311,682140.32,5,Recent Medium-Value,0
CUST08249,1,315,702335.6,5,Recent Medium-Value,0
CUST08250,3,716,1498220.06,3,Loyal High-Frequency,0
CUST08251,1,342,740411.77,5,Recent Medium-Value,0
CUST08252,2,464,917133.49,1,High-Value Regulars,0
CUST08253,6,423,941669.98,4,Less-Recent Regulars,0
CUST08254,2,1064,2303234.53,0,VIP / Champions,0
CUST08255,8,473,1019830.88,4,Less-Recent Regulars,0
CUST08256,4,444,967902.57,4,Less-Recent Regulars,0
CUST08257,2,326,642108.6,5,Recent Medium-Value,0
CUST08258,2,496,998835.03,1,High-Value Regulars,0
CUST08259,2,490,892695.53,1,High-Value Regulars,0
CUST08260,3,287,651462.91,2,Occasional Customers,0
CUST08261,1,1109,2166950.53,0,VIP / Champions,0
CUST08262,1,469,995576.04,1,High-Value Regulars,0
CUST08263,1,442,988338.15,1,High-Value Regulars,0
CUST08264,4,315,654375.88,2,Occasional Customers,0
CUST08265,1,481,1050162.3800000001,1,High-Value Regulars,0
CUST08266,2,459,1017764.11,1,High-Value Regulars,0
CUST08267,12,660,1375117.4,4,Less-Recent Regulars,0
CUST08268,6,698,1521328.36,3,Loyal High-Frequency,0
CUST08269,1,692,1442284.32,7,Recent Loyal Customers,0
CUST08270,2,468,971203.34,1,High-Value Regulars,0
CUST08271,1,695,1489652.45,7,Recent Loyal Customers,0
CUST08272,2,309,594837.0,5,Recent Medium-Value,0
CUST08273,1,521,1053749.69,1,High-Value Regulars,0
CUST08274,3,301,716720.7,2,Occasional Customers,0
CUST08275,7,683,1432084.39,3,Loyal High-Frequency,0
CUST08276,2,436,887592.79,1,High-Value Regulars,0
CUST08277,7,307,662806.67,6,At-Risk Customers,0
CUST08278,1,1148,2433748.48,0,VIP / Champions,0
CUST08279,2,342,730375.48,5,Recent Medium-Value,0
CUST08280,1,1071,2303306.2,0,VIP / Champions,0
CUST08281,7,700,1526858.55,3,Loyal High-Frequency,0
CUST08282,1,459,1043792.41,1,High-Value Regulars,0
CUST08283,2,312,584369.08,5,Recent Medium-Value,0
CUST08284,1,343,683255.58,5,Recent Medium-Value,0
CUST08285,3,334,725930.37,2,Occasional Customers,0
CUST08286,2,729,1554150.41,3,Loyal High-Frequency,0
CUST08287,4,278,585514.51,2,Occasional Customers,0
CUST08288,5,326,660580.0,2,Occasional Customers,0
CUST08289,1,312,635532.98,5,Recent Medium-Value,0
CUST08290,11,483,1005093.32,6,At-Risk Customers,0
CUST08291,1,478,996658.58,1,High-Value Regulars,0
CUST08292,1,495,960855.52,1,High-Value Regulars,0
CUST08293,1,663,1394693.92,7,Recent Loyal Customers,0
CUST08294,3,319,586246.07,2,Occasional Customers,0
CUST08295,1,302,644759.64,5,Recent Medium-Value,0
CUST08296,6,471,974352.9,4,Less-Recent Regulars,0
CUST08297,8,350,744088.26,6,At-Risk Customers,0
CUST08298,3,328,664403.77,2,Occasional Customers,0
CUST08299,1,733,1572311.52,7,Recent Loyal Customers,0
CUST08300,2,343,645503.42,5,Recent Medium-Value,0
CUST08301,10,745,1483038.63,3,Loyal High-Frequency,0
CUST08302,1,647,1358978.81,7,Recent Loyal Customers,0
CUST08303,5,317,636626.73,2,Occasional Customers,0
CUST08304,4,317,641046.11,2,Occasional Customers,0
CUST08305,3,360,755702.36,2,Occasional Customers,0
CUST08306,4,305,684356.83,2,Occasional Customers,0
CUST08307,3,710,1438741.0,3,Loyal High-Frequency,0
CUST08308,1,738,1549507.8,7,Recent Loyal Customers,0
CUST08309,7,328,686943.91,6,At-Risk Customers,0
CUST08310,2,320,707183.15,5,Recent Medium-Value,0
CUST08311,8,443,910867.6,6,At-Risk Customers,0
CUST08312,2,319,706879.51,5,Recent Medium-Value,0
CUST08313,5,315,757836.08,2,Occasional Customers,0
CUST08314,3,350,758418.77,2,Occasional Customers,0
CUST08315,1,646,1436246.86,7,Recent Loyal Customers,0
CUST08316,16,272,515082.4,6,At-Risk Customers,0
CUST08317,1,311,620818.53,5,Recent Medium-Value,0
CUST08318,1,432,907654.24,1,High-Value Regulars,0
CUST08319,2,339,848417.8,5,Recent Medium-Value,0
CUST08320,3,321,707050.2,2,Occasional Customers,0
CUST08321,4,1058,2115569.33,0,VIP / Champions,0
CUST08322,2,706,1561091.11,3,Loyal High-Frequency,0
CUST08323,1,321,624283.95,5,Recent Medium-Value,0
CUST08324,2,355,683581.38,5,Recent Medium-Value,0
CUST08325,2,668,1468688.81,3,Loyal High-Frequency,0
CUST08326,4,321,664328.47,2,Occasional Customers,0
CUST08327,2,447,1008328.4,1,High-Value Regulars,0
CUST08328,1,308,586568.16,5,Recent Medium-Value,0
CUST08329,17,463,896175.24,6,At-Risk Customers,0
CUST08330,2,329,641839.9,5,Recent Medium-Value,0
CUST08331,1,449,957363.7,1,High-Value Regulars,0
CUST08332,1,1086,2303164.6,0,VIP / Champions,0
CUST08333,7,460,973651.67,4,Less-Recent Regulars,0
CUST08334,4,681,1485282.97,3,Loyal High-Frequency,0
CUST08335,1,460,1074965.87,1,High-Value Regulars,0
CUST08336,1,325,654355.17,5,Recent Medium-Value,0
CUST08337,1,1045,2141073.85,0,VIP / Champions,0
CUST08338,2,1096,2249415.58,0,VIP / Champions,0
CUST08339,2,321,666265.15,5,Recent Medium-Value,0
CUST08340,1,1054,2060141.23,0,VIP / Champions,0
CUST08341,1,1036,2221873.69,0,VIP / Champions,0
CUST08342,2,335,739363.11,5,Recent Medium-Value,0
CUST08343,1,514,1156577.28,1,High-Value Regulars,0
CUST08344,4,305,651922.53,2,Occasional Customers,0
CUST08345,1,333,684304.38,5,Recent Medium-Value,0
CUST08346,2,336,664546.7,5,Recent Medium-Value,0
CUST08347,2,343,735078.76,5,Recent Medium-Value,0
CUST08348,1,723,1548019.66,7,Recent Loyal Customers,0
CUST08349,9,293,586765.29,6,At-Risk Customers,0
CUST08350,2,707,1632657.06,3,Loyal High-Frequency,0
CUST08351,1,1079,2357557.12,0,VIP / Champions,0
CUST08352,1,491,999518.77,1,High-Value Regulars,0
CUST08353,4,688,1346914.05,3,Loyal High-Frequency,0
CUST08354,5,458,921613.17,4,Less-Recent Regulars,0
CUST08355,2,351,671615.94,5,Recent Medium-Value,0
CUST08356,3,705,1496431.39,3,Loyal High-Frequency,0
CUST08357,1,451,944788.77,1,High-Value Regulars,0
CUST08358,3,481,954082.25,4,Less-Recent Regulars,0
CUST08359,1,348,789548.25,5,Recent Medium-Value,0
CUST08360,1,497,1021157.05,1,High-Value Regulars,0
CUST08361,1,334,724950.5,5,Recent Medium-Value,0
CUST08362,1,1070,2053214.85,0,VIP / Champions,0
CUST08363,2,1078,2308399.94,0,VIP / Champions,0
CUST08364,6,319,654013.75,2,Occasional Customers,0
CUST08365,1,684,1545730.17,7,Recent Loyal Customers,0
CUST08366,3,295,623353.59,2,Occasional Customers,0
CUST08367,1,681,1423180.35,7,Recent Loyal Customers,0
CUST08368,4,316,741391.56,2,Occasional Customers,0
CUST08369,3,459,936722.39,4,Less-Recent Regulars,0
CUST08370,2,489,1094413.29,1,High-Value Regulars,0
CUST08371,3,707,1433147.57,3,Loyal High-Frequency,0
CUST08372,11,339,757255.32,6,At-Risk Customers,0
CUST08373,1,1081,2340780.75,0,VIP / Champions,0
CUST08374,4,354,692563.39,2,Occasional Customers,0
CUST08375,4,314,645569.27,2,Occasional Customers,0
CUST08376,1,375,893190.72,1,High-Value Regulars,0
CUST08377,11,340,623097.89,6,At-Risk Customers,0
CUST08378,1,499,1079664.96,1,High-Value Regulars,0
CUST08379,1,361,758660.45,5,Recent Medium-Value,0
CUST08380,1,466,911971.17,1,High-Value Regulars,0
CUST08381,1,1083,2505363.21,0,VIP / Champions,0
CUST08382,1,678,1393371.66,7,Recent Loyal Customers,0
CUST08383,5,478,1045006.57,4,Less-Recent Regulars,0
CUST08384,2,668,1525227.34,3,Loyal High-Frequency,0
CUST08385,3,355,723206.13,2,Occasional Customers,0
CUST08386,6,316,675970.33,2,Occasional Customers,0
CUST08387,1,1167,2464484.1,0,VIP / Champions,0
CUST08388,1,1095,2257664.0,0,VIP / Champions,0
CUST08389,1,729,1611595.41,7,Recent Loyal Customers,0
CUST08390,4,448,967168.01,4,Less-Recent Regulars,0
CUST08391,1,650,1373459.61,7,Recent Loyal Customers,0
CUST08392,7,304,629143.2,6,At-Risk Customers,0
CUST08393,1,464,1000301.6,1,High-Value Regulars,0
CUST08394,4,452,1000216.27,4,Less-Recent Regulars,0
CUST08395,3,473,993410.36,4,Less-Recent Regulars,0
CUST08396,9,352,793395.27,6,At-Risk Customers,0
CUST08397,1,425,948083.33,1,High-Value Regulars,0
CUST08398,1,295,668090.28,5,Recent Medium-Value,0
CUST08399,1,709,1469974.64,7,Recent Loyal Customers,0
CUST08400,7,449,978526.12,4,Less-Recent Regulars,0
CUST08401,2,459,904584.4,1,High-Value Regulars,0
CUST08402,2,1057,2270170.44,0,VIP / Champions,0
CUST08403,2,1097,2327954.58,0,VIP / Champions,0
CUST08404,6,695,1502606.72,3,Loyal High-Frequency,0
CUST08405,1,458,1021702.58,1,High-Value Regulars,0
CUST08406,2,509,1043781.51,1,High-Value Regulars,0
CUST08407,1,451,917853.5,1,High-Value Regulars,0
CUST08408,1,692,1476893.79,7,Recent Loyal Customers,0
CUST08409,2,743,1672172.89,3,Loyal High-Frequency,0
CUST08410,2,279,615179.66,5,Recent Medium-Value,0
CUST08411,4,503,1011331.23,4,Less-Recent Regulars,0
CUST08412,4,454,926777.56,4,Less-Recent Regulars,0
CUST08413,11,348,693490.97,6,At-Risk Customers,0
CUST08414,1,310,631936.07,5,Recent Medium-Value,0
CUST08415,1,683,1418549.11,7,Recent Loyal Customers,0
CUST08416,1,1092,2224175.17,0,VIP / Champions,0
CUST08417,5,290,626947.0599999999,2,Occasional Customers,0
CUST08418,1,1099,2273231.59,0,VIP / Champions,0
CUST08419,3,716,1440827.8699999999,3,Loyal High-Frequency,0
CUST08420,5,341,723757.66,2,Occasional Customers,0
CUST08421,2,325,687522.96,5,Recent Medium-Value,0
CUST08422,1,447,880370.8099999999,1,High-Value Regulars,0
CUST08423,1,682,1473199.72,7,Recent Loyal Customers,0
CUST08424,5,471,980489.89,4,Less-Recent Regulars,0
CUST08425,1,693,1504933.96,7,Recent Loyal Customers,0
CUST08426,2,334,693491.24,5,Recent Medium-Value,0
CUST08427,6,335,731300.0,2,Occasional Customers,0
CUST08428,1,689,1387055.62,7,Recent Loyal Customers,0
CUST08429,1,454,987846.08,1,High-Value Regulars,0
CUST08430,1,499,1066776.59,1,High-Value Regulars,0
CUST08431,1,689,1501809.41,7,Recent Loyal Customers,0
CUST08432,2,330,705911.03,5,Recent Medium-Value,0
CUST08433,4,415,859581.02,4,Less-Recent Regulars,0
CUST08434,1,1090,2416571.11,0,VIP / Champions,0
CUST08435,1,1093,2340931.86,0,VIP / Champions,0
CUST08436,1,301,614217.57,5,Recent Medium-Value,0
CUST08437,1,476,970335.69,1,High-Value Regulars,0
CUST08438,7,332,697645.78,6,At-Risk Customers,0
CUST08439,4,358,768505.22,2,Occasional Customers,0
CUST08440,3,336,778269.0,2,Occasional Customers,0
CUST08441,1,485,1001173.94,1,High-Value Regulars,0
CUST08442,3,1096,2302257.82,0,VIP / Champions,0
CUST08443,2,318,612035.42,5,Recent Medium-Value,0
CUST08444,1,1029,2159435.6,0,VIP / Champions,0
CUST08445,3,501,1031348.51,4,Less-Recent Regulars,0
CUST08446,5,332,707714.91,2,Occasional Customers,0
CUST08447,3,333,792509.77,2,Occasional Customers,0
CUST08448,2,483,939458.61,1,High-Value Regulars,0
CUST08449,4,331,690750.55,2,Occasional Customers,0
CUST08450,2,447,976649.54,1,High-Value Regulars,0
CUST08451,2,313,696379.2,5,Recent Medium-Value,0
CUST08452,1,705,1490782.13,7,Recent Loyal Customers,0
CUST08453,2,302,719404.76,5,Recent Medium-Value,0
CUST08454,9,500,1115879.73,4,Less-Recent Regulars,0
CUST08455,2,473,1052456.58,1,High-Value Regulars,0
CUST08456,1,708,1486744.31,7,Recent Loyal Customers,0
CUST08457,1,461,1096281.84,1,High-Value Regulars,0
CUST08458,4,462,1028286.53,4,Less-Recent Regulars,0
CUST08459,3,1088,2247670.33,0,VIP / Champions,0
CUST08460,1,687,1495698.9,7,Recent Loyal Customers,0
CUST08461,2,736,1512732.96,3,Loyal High-Frequency,0
CUST08462,2,329,773021.54,5,Recent Medium-Value,0
CUST08463,1,716,1424579.71,7,Recent Loyal Customers,0
CUST08464,1,486,1069570.97,1,High-Value Regulars,0
CUST08465,1,723,1540457.05,7,Recent Loyal Customers,0
CUST08466,3,514,1141678.1,4,Less-Recent Regulars,0
CUST08467,6,316,595136.1,2,Occasional Customers,0
CUST08468,3,346,745549.64,2,Occasional Customers,0
CUST08469,3,465,953855.28,4,Less-Recent Regulars,0
CUST08470,1,473,973097.55,1,High-Value Regulars,0
CUST08471,1,478,1047871.5,1,High-Value Regulars,0
CUST08472,2,724,1436769.19,3,Loyal High-Frequency,0
CUST08473,1,709,1472717.95,7,Recent Loyal Customers,0
CUST08474,2,686,1426255.29,3,Loyal High-Frequency,0
CUST08475,1,513,1093995.74,1,High-Value Regulars,0
CUST08476,2,711,1509021.91,3,Loyal High-Frequency,0
CUST08477,1,735,1471399.82,7,Recent Loyal Customers,0
CUST08478,3,466,954982.43,4,Less-Recent Regulars,0
CUST08479,1,478,947960.17,1,High-Value Regulars,0
CUST08480,2,349,716293.79,5,Recent Medium-Value,0
CUST08481,10,331,667416.46,6,At-Risk Customers,0
CUST08482,1,455,1007593.02,1,High-Value Regulars,0
CUST08483,1,1073,2260042.29,0,VIP / Champions,0
CUST08484,2,495,1021440.41,1,High-Value Regulars,0
CUST08485,1,332,703578.67,5,Recent Medium-Value,0
CUST08486,2,715,1545822.88,3,Loyal High-Frequency,0
CUST08487,4,487,989126.19,4,Less-Recent Regulars,0
CUST08488,2,328,651804.82,5,Recent Medium-Value,0
CUST08489,5,314,624426.14,2,Occasional Customers,0
CUST08490,2,724,1738323.11,3,Loyal High-Frequency,0
CUST08491,3,751,1570510.2,3,Loyal High-Frequency,0
CUST08492,6,304,582660.62,2,Occasional Customers,0
CUST08493,1,343,709861.51,5,Recent Medium-Value,0
CUST08494,1,489,1035281.57,1,High-Value Regulars,0
CUST08495,1,691,1458972.13,7,Recent Loyal Customers,0
CUST08496,5,347,603598.58,2,Occasional Customers,0
CUST08497,5,472,1073682.53,4,Less-Recent Regulars,0
CUST08498,6,322,700041.43,2,Occasional Customers,0
CUST08499,1,442,879686.65,1,High-Value Regulars,0
CUST08500,2,343,777906.92,5,Recent Medium-Value,0
CUST08501,2,340,644951.61,5,Recent Medium-Value,0
CUST08502,1,339,731245.02,5,Recent Medium-Value,0
CUST08503,3,472,1096237.51,4,Less-Recent Regulars,0
CUST08504,5,485,1024235.63,4,Less-Recent Regulars,0
CUST08505,3,335,710581.34,2,Occasional Customers,0
CUST08506,1,470,973486.84,1,High-Value Regulars,0
CUST08507,6,334,687164.84,2,Occasional Customers,0
CUST08508,2,690,1445344.85,3,Loyal High-Frequency,0
CUST08509,3,310,741126.73,2,Occasional Customers,0
CUST08510,1,728,1566601.12,7,Recent Loyal Customers,0
CUST08511,1,455,904266.35,1,High-Value Regulars,0
CUST08512,1,345,721297.84,5,Recent Medium-Value,0
CUST08513,1,686,1413900.16,7,Recent Loyal Customers,0
CUST08514,2,315,738410.36,5,Recent Medium-Value,0
CUST08515,6,336,616687.75,2,Occasional Customers,0
CUST08516,3,310,681595.11,2,Occasional Customers,0
CUST08517,1,297,609099.54,5,Recent Medium-Value,0
CUST08518,1,1039,2089554.62,0,VIP / Champions,0
CUST08519,1,492,972715.92,1,High-Value Regulars,0
CUST08520,1,329,755343.97,5,Recent Medium-Value,0
CUST08521,1,485,885957.97,1,High-Value Regulars,0
CUST08522,1,645,1323865.54,7,Recent Loyal Customers,0
CUST08523,1,1049,2264949.03,0,VIP / Champions,0
CUST08524,2,419,894059.79,1,High-Value Regulars,0
CUST08525,7,306,663252.13,6,At-Risk Customers,0
CUST08526,2,311,644359.95,5,Recent Medium-Value,0
CUST08527,2,1113,2504990.59,0,VIP / Champions,0
CUST08528,1,694,1558383.57,7,Recent Loyal Customers,0
CUST08529,1,272,534488.66,5,Recent Medium-Value,0
CUST08530,1,719,1546345.23,7,Recent Loyal Customers,0
CUST08531,2,326,607858.29,5,Recent Medium-Value,0
CUST08532,3,345,731756.55,2,Occasional Customers,0
CUST08533,2,309,650162.36,5,Recent Medium-Value,0
CUST08534,1,1027,2137807.45,0,VIP / Champions,0
CUST08535,2,320,665874.68,5,Recent Medium-Value,0
CUST08536,3,323,656124.14,2,Occasional Customers,0
CUST08537,3,683,1450068.02,3,Loyal High-Frequency,0
CUST08538,2,492,1073037.83,1,High-Value Regulars,0
CUST08539,3,528,1121339.33,4,Less-Recent Regulars,0
CUST08540,1,705,1469378.5,7,Recent Loyal Customers,0
CUST08541,1,319,727545.25,5,Recent Medium-Value,0
CUST08542,1,490,1062404.05,1,High-Value Regulars,0
CUST08543,2,325,734615.52,5,Recent Medium-Value,0
CUST08544,2,669,1229352.56,3,Loyal High-Frequency,0
CUST08545,18,298,714467.43,6,At-Risk Customers,0
CUST08546,3,468,998690.6,4,Less-Recent Regulars,0
CUST08547,5,697,1464268.38,3,Loyal High-Frequency,0
CUST08548,2,1070,2198359.29,0,VIP / Champions,0
CUST08549,2,305,591432.47,5,Recent Medium-Value,0
CUST08550,1,339,676035.7,5,Recent Medium-Value,0
CUST08551,2,495,1113662.45,1,High-Value Regulars,0
CUST08552,2,317,664500.51,5,Recent Medium-Value,0
CUST08553,1,324,691707.11,5,Recent Medium-Value,0
CUST08554,3,479,944508.34,4,Less-Recent Regulars,0
CUST08555,3,455,958945.99,4,Less-Recent Regulars,0
CUST08556,1,499,1001612.63,1,High-Value Regulars,0
CUST08557,1,683,1471175.04,7,Recent Loyal Customers,0
CUST08558,7,310,619660.75,6,At-Risk Customers,0
CUST08559,1,476,951823.75,1,High-Value Regulars,0
CUST08560,4,342,688289.05,2,Occasional Customers,0
CUST08561,1,479,995934.64,1,High-Value Regulars,0
CUST08562,2,444,932370.36,1,High-Value Regulars,0
CUST08563,1,351,797706.96,5,Recent Medium-Value,0
CUST08564,1,459,1016867.88,1,High-Value Regulars,0
CUST08565,1,324,633084.89,5,Recent Medium-Value,0
CUST08566,8,345,711631.9,6,At-Risk Customers,0
CUST08567,1,422,907879.79,1,High-Value Regulars,0
CUST08568,2,706,1539865.81,3,Loyal High-Frequency,0
CUST08569,1,747,1661305.81,7,Recent Loyal Customers,0
CUST08570,4,504,1075604.54,4,Less-Recent Regulars,0
CUST08571,1,340,711943.39,5,Recent Medium-Value,0
CUST08572,3,321,647193.83,2,Occasional Customers,0
CUST08573,2,310,695114.74,5,Recent Medium-Value,0
CUST08574,1,490,1035518.81,1,High-Value Regulars,0
CUST08575,3,304,722782.42,2,Occasional Customers,0
CUST08576,1,349,778427.41,5,Recent Medium-Value,0
CUST08577,1,319,664243.54,5,Recent Medium-Value,0
CUST08578,2,692,1514329.75,3,Loyal High-Frequency,0
CUST08579,3,453,899781.86,4,Less-Recent Regulars,0
CUST08580,1,338,755178.08,5,Recent Medium-Value,0
CUST08581,3,427,859429.36,4,Less-Recent Regulars,0
CUST08582,1,450,984069.82,1,High-Value Regulars,0
CUST08583,3,1081,2186284.26,0,VIP / Champions,0
CUST08584,6,333,684807.55,2,Occasional Customers,0
CUST08585,1,508,1129803.33,1,High-Value Regulars,0
CUST08586,1,689,1405217.65,7,Recent Loyal Customers,0
CUST08587,2,721,1524211.09,3,Loyal High-Frequency,0
CUST08588,1,692,1579106.39,7,Recent Loyal Customers,0
CUST08589,1,478,1112653.45,1,High-Value Regulars,0
CUST08590,2,729,1563135.95,3,Loyal High-Frequency,0
CUST08591,12,318,681565.99,6,At-Risk Customers,0
CUST08592,1,674,1382035.77,7,Recent Loyal Customers,0
CUST08593,1,733,1634016.94,7,Recent Loyal Customers,0
CUST08594,1,328,701345.28,5,Recent Medium-Value,0
CUST08595,3,319,623932.0,2,Occasional Customers,0
CUST08596,2,1045,2056993.51,0,VIP / Champions,0
CUST08597,2,441,862187.36,1,High-Value Regulars,0
CUST08598,1,673,1446705.99,7,Recent Loyal Customers,0
CUST08599,1,726,1537611.92,7,Recent Loyal Customers,0
CUST08600,8,318,678749.82,6,At-Risk Customers,0
CUST08601,5,305,642235.29,2,Occasional Customers,0
CUST08602,1,1062,2267657.68,0,VIP / Champions,0
CUST08603,3,470,1040799.68,4,Less-Recent Regulars,0
CUST08604,3,732,1518262.86,3,Loyal High-Frequency,0
CUST08605,3,329,643910.9,2,Occasional Customers,0
CUST08606,4,366,762320.76,2,Occasional Customers,0
CUST08607,3,366,750387.95,2,Occasional Customers,0
CUST08608,2,339,744331.96,5,Recent Medium-Value,0
CUST08609,2,327,640995.06,5,Recent Medium-Value,0
CUST08610,1,1094,2397985.92,0,VIP / Champions,0
CUST08611,1,694,1369563.01,7,Recent Loyal Customers,0
CUST08612,2,727,1407184.28,3,Loyal High-Frequency,0
CUST08613,4,320,723057.64,2,Occasional Customers,0
CUST08614,6,453,1019727.58,4,Less-Recent Regulars,0
CUST08615,3,338,782793.88,2,Occasional Customers,0
CUST08616,2,333,692429.25,5,Recent Medium-Value,0
CUST08617,1,328,642888.49,5,Recent Medium-Value,0
CUST08618,2,653,1324763.26,3,Loyal High-Frequency,0
CUST08619,4,337,755925.43,2,Occasional Customers,0
CUST08620,1,460,904715.66,1,High-Value Regulars,0
CUST08621,1,695,1435275.7,7,Recent Loyal Customers,0
CUST08622,2,458,1041710.72,1,High-Value Regulars,0
CUST08623,1,366,739250.71,5,Recent Medium-Value,0
CUST08624,1,1057,2281942.39,0,VIP / Champions,0
CUST08625,1,459,963771.02,1,High-Value Regulars,0
CUST08626,3,323,718780.6,2,Occasional Customers,0
CUST08627,7,466,959341.14,4,Less-Recent Regulars,0
CUST08628,2,471,986552.0599999999,1,High-Value Regulars,0
CUST08629,1,687,1387055.3699999999,7,Recent Loyal Customers,0
CUST08630,1,713,1492693.66,7,Recent Loyal Customers,0
CUST08631,7,315,622638.12,6,At-Risk Customers,0
CUST08632,1,726,1503069.39,7,Recent Loyal Customers,0
CUST08633,1,471,964593.6900000001,1,High-Value Regulars,0
CUST08634,6,474,977912.9400000001,4,Less-Recent Regulars,0
CUST08635,1,327,689199.85,5,Recent Medium-Value,0
CUST08636,8,335,652519.65,6,At-Risk Customers,0
CUST08637,5,318,612966.77,2,Occasional Customers,0
CUST08638,2,705,1496646.35,3,Loyal High-Frequency,0
CUST08639,1,340,667272.64,5,Recent Medium-Value,0
CUST08640,1,464,953634.49,1,High-Value Regulars,0
CUST08641,1,699,1474507.61,7,Recent Loyal Customers,0
CUST08642,1,1055,2208934.31,0,VIP / Champions,0
CUST08643,2,1048,2245500.52,0,VIP / Champions,0
CUST08644,1,707,1518488.2,7,Recent Loyal Customers,0
CUST08645,1,471,990294.26,1,High-Value Regulars,0
CUST08646,5,323,695572.28,2,Occasional Customers,0
CUST08647,2,337,673365.78,5,Recent Medium-Value,0
CUST08648,2,322,671294.9,5,Recent Medium-Value,0
CUST08649,3,329,667170.45,2,Occasional Customers,0
CUST08650,1,464,898314.58,1,High-Value Regulars,0
CUST08651,1,464,970692.96,1,High-Value Regulars,0
CUST08652,1,1153,2429255.83,0,VIP / Champions,0
CUST08653,3,326,731244.12,2,Occasional Customers,0
CUST08654,2,1056,2194154.67,0,VIP / Champions,0
CUST08655,1,719,1489732.39,7,Recent Loyal Customers,0
CUST08656,2,660,1492936.09,3,Loyal High-Frequency,0
CUST08657,3,311,619903.93,2,Occasional Customers,0
CUST08658,7,462,990670.13,4,Less-Recent Regulars,0
CUST08659,2,470,879098.84,1,High-Value Regulars,0
CUST08660,1,741,1473426.98,7,Recent Loyal Customers,0
CUST08661,4,478,1021137.53,4,Less-Recent Regulars,0
CUST08662,1,1097,2332897.09,0,VIP / Champions,0
CUST08663,6,343,706748.66,2,Occasional Customers,0
CUST08664,2,370,807673.96,5,Recent Medium-Value,0
CUST08665,1,691,1458249.15,7,Recent Loyal Customers,0
CUST08666,2,1099,2306736.18,0,VIP / Champions,0
CUST08667,1,330,583796.86,5,Recent Medium-Value,0
CUST08668,2,333,686735.86,5,Recent Medium-Value,0
CUST08669,1,435,945014.08,1,High-Value Regulars,0
CUST08670,1,703,1486837.8,7,Recent Loyal Customers,0
CUST08671,3,447,964105.27,4,Less-Recent Regulars,0
CUST08672,8,324,708788.0,6,At-Risk Customers,0
CUST08673,1,507,1112067.71,1,High-Value Regulars,0
CUST08674,6,347,765582.44,2,Occasional Customers,0
CUST08675,1,316,648000.04,5,Recent Medium-Value,0
CUST08676,2,428,932111.37,1,High-Value Regulars,0
CUST08677,4,326,656478.29,2,Occasional Customers,0
CUST08678,3,754,1538929.14,3,Loyal High-Frequency,0
CUST08679,3,737,1586332.0,3,Loyal High-Frequency,0
CUST08680,1,1060,2302608.82,0,VIP / Champions,0
CUST08681,4,660,1492582.52,3,Loyal High-Frequency,0
CUST08682,1,355,732142.57,5,Recent Medium-Value,0
CUST08683,1,340,713244.03,5,Recent Medium-Value,0
CUST08684,2,490,1118065.39,1,High-Value Regulars,0
CUST08685,5,681,1477192.36,3,Loyal High-Frequency,0
CUST08686,4,288,596996.8,2,Occasional Customers,0
CUST08687,2,1066,2206161.83,0,VIP / Champions,0
CUST08688,1,679,1530953.78,7,Recent Loyal Customers,0
CUST08689,7,741,1490662.33,3,Loyal High-Frequency,0
CUST08690,1,476,1087781.02,1,High-Value Regulars,0
CUST08691,1,1076,2199377.66,0,VIP / Champions,0
CUST08692,2,702,1412972.29,3,Loyal High-Frequency,0
CUST08693,5,453,913014.28,4,Less-Recent Regulars,0
CUST08694,1,722,1689484.86,7,Recent Loyal Customers,0
CUST08695,1,1081,2334536.64,0,VIP / Champions,0
CUST08696,1,1014,2191358.44,0,VIP / Champions,0
CUST08697,1,1037,2223154.78,0,VIP / Champions,0
CUST08698,1,706,1516578.85,7,Recent Loyal Customers,0
CUST08699,2,489,1128544.43,1,High-Value Regulars,0
CUST08700,7,489,1013055.19,4,Less-Recent Regulars,0
CUST08701,4,326,608668.76,2,Occasional Customers,0
CUST08702,2,457,1017480.77,1,High-Value Regulars,0
CUST08703,1,321,560298.26,5,Recent Medium-Value,0
CUST08704,1,315,662007.17,5,Recent Medium-Value,0
CUST08705,4,315,718091.83,2,Occasional Customers,0
CUST08706,1,472,1039927.26,1,High-Value Regulars,0
CUST08707,1,334,678251.52,5,Recent Medium-Value,0
CUST08708,3,699,1428499.49,3,Loyal High-Frequency,0
CUST08709,1,1043,2273232.98,0,VIP / Champions,0
CUST08710,3,441,938303.4,4,Less-Recent Regulars,0
CUST08711,4,492,1099770.07,4,Less-Recent Regulars,0
CUST08712,2,1078,2192584.64,0,VIP / Champions,0
CUST08713,1,328,728515.64,5,Recent Medium-Value,0
CUST08714,1,447,917733.42,1,High-Value Regulars,0
CUST08715,2,703,1431930.89,3,Loyal High-Frequency,0
CUST08716,4,739,1517490.87,3,Loyal High-Frequency,0
CUST08717,2,701,1578240.92,3,Loyal High-Frequency,0
CUST08718,1,316,694907.2,5,Recent Medium-Value,0
CUST08719,2,736,1634873.9,3,Loyal High-Frequency,0
CUST08720,14,305,578753.6,6,At-Risk Customers,0
CUST08721,2,441,923735.68,1,High-Value Regulars,0
CUST08722,2,322,630622.08,5,Recent Medium-Value,0
CUST08723,1,329,717959.49,5,Recent Medium-Value,0
CUST08724,2,446,995567.03,1,High-Value Regulars,0
CUST08725,4,707,1538376.21,3,Loyal High-Frequency,0
CUST08726,7,477,957050.51,4,Less-Recent Regulars,0
CUST08727,3,1118,2418524.1,0,VIP / Champions,0
CUST08728,2,460,1030122.28,1,High-Value Regulars,0
CUST08729,4,353,815755.85,2,Occasional Customers,0
CUST08730,2,310,660065.29,5,Recent Medium-Value,0
CUST08731,2,675,1509198.72,3,Loyal High-Frequency,0
CUST08732,2,1142,2389391.57,0,VIP / Champions,0
CUST08733,4,423,816820.69,4,Less-Recent Regulars,0
CUST08734,1,684,1514669.5,7,Recent Loyal Customers,0
CUST08735,3,447,932748.48,4,Less-Recent Regulars,0
CUST08736,1,467,980085.46,1,High-Value Regulars,0
CUST08737,2,1070,2161142.77,0,VIP / Champions,0
CUST08738,2,486,1075600.42,1,High-Value Regulars,0
CUST08739,1,441,881779.57,1,High-Value Regulars,0
CUST08740,1,470,1051475.9,1,High-Value Regulars,0
CUST08741,3,342,682353.77,2,Occasional Customers,0
CUST08742,2,498,1117064.82,1,High-Value Regulars,0
CUST08743,1,344,716518.12,5,Recent Medium-Value,0
CUST08744,1,1101,2233879.33,0,VIP / Champions,0
CUST08745,3,332,757745.06,2,Occasional Customers,0
CUST08746,2,321,677985.67,5,Recent Medium-Value,0
CUST08747,1,730,1620985.7,7,Recent Loyal Customers,0
CUST08748,1,327,669793.35,5,Recent Medium-Value,0
CUST08749,2,454,997205.5,1,High-Value Regulars,0
CUST08750,3,714,1534765.92,3,Loyal High-Frequency,0
CUST08751,7,474,1074887.52,4,Less-Recent Regulars,0
CUST08752,9,489,967297.55,6,At-Risk Customers,0
CUST08753,4,710,1558474.61,3,Loyal High-Frequency,0
CUST08754,7,318,650233.76,6,At-Risk Customers,0
CUST08755,2,721,1484821.45,3,Loyal High-Frequency,0
CUST08756,5,482,1069872.84,4,Less-Recent Regulars,0
CUST08757,3,709,1433781.32,3,Loyal High-Frequency,0
CUST08758,1,695,1555235.1,7,Recent Loyal Customers,0
CUST08759,2,462,1055343.51,1,High-Value Regulars,0
CUST08760,1,729,1599710.2,7,Recent Loyal Customers,0
CUST08761,6,323,689397.3,2,Occasional Customers,0
CUST08762,1,326,680113.33,5,Recent Medium-Value,0
CUST08763,1,499,1175345.95,1,High-Value Regulars,0
CUST08764,2,688,1527397.12,3,Loyal High-Frequency,0
CUST08765,11,322,679535.62,6,At-Risk Customers,0
CUST08766,1,682,1451859.76,7,Recent Loyal Customers,0
CUST08767,4,330,670230.63,2,Occasional Customers,0
CUST08768,1,350,783231.85,5,Recent Medium-Value,0
CUST08769,1,318,643635.29,5,Recent Medium-Value,0
CUST08770,3,348,633686.71,2,Occasional Customers,0
CUST08771,1,471,984734.0,1,High-Value Regulars,0
CUST08772,3,490,1039515.03,4,Less-Recent Regulars,0
CUST08773,1,302,563857.2,5,Recent Medium-Value,0
CUST08774,3,1105,2253705.29,0,VIP / Champions,0
CUST08775,1,468,1020286.11,1,High-Value Regulars,0
CUST08776,5,473,1059729.92,4,Less-Recent Regulars,0
CUST08777,2,1092,2285417.87,0,VIP / Champions,0
CUST08778,1,327,678943.24,5,Recent Medium-Value,0
CUST08779,2,510,1106630.88,1,High-Value Regulars,0
CUST08780,2,457,904715.57,1,High-Value Regulars,0
CUST08781,3,710,1495980.4,3,Loyal High-Frequency,0
CUST08782,1,465,982560.72,1,High-Value Regulars,0
CUST08783,4,344,759579.74,2,Occasional Customers,0
CUST08784,15,308,602601.13,6,At-Risk Customers,0
CUST08785,1,344,744945.45,5,Recent Medium-Value,0
CUST08786,14,282,564913.61,6,At-Risk Customers,0
CUST08787,1,713,1543759.69,7,Recent Loyal Customers,0
CUST08788,2,697,1498755.28,3,Loyal High-Frequency,0
CUST08789,1,352,711340.92,5,Recent Medium-Value,0
CUST08790,1,311,634099.98,5,Recent Medium-Value,0
CUST08791,1,347,795289.12,5,Recent Medium-Value,0
CUST08792,4,431,903123.98,4,Less-Recent Regulars,0
CUST08793,2,430,861044.68,1,High-Value Regulars,0
CUST08794,1,476,964578.54,1,High-Value Regulars,0
CUST08795,1,691,1502566.34,7,Recent Loyal Customers,0
CUST08796,5,481,1134818.26,4,Less-Recent Regulars,0
CUST08797,1,668,1396118.19,7,Recent Loyal Customers,0
CUST08798,1,1075,2227113.38,0,VIP / Champions,0
CUST08799,6,475,1027177.58,4,Less-Recent Regulars,0
CUST08800,1,459,911583.94,1,High-Value Regulars,0
CUST08801,1,765,1726120.07,7,Recent Loyal Customers,0
CUST08802,3,485,1123120.54,4,Less-Recent Regulars,0
CUST08803,2,1077,2169839.73,0,VIP / Champions,0
CUST08804,3,517,1059833.08,4,Less-Recent Regulars,0
CUST08805,1,1111,2291138.19,0,VIP / Champions,0
CUST08806,1,504,1056902.79,1,High-Value Regulars,0
CUST08807,2,305,630107.64,5,Recent Medium-Value,0
CUST08808,2,714,1432561.27,3,Loyal High-Frequency,0
CUST08809,1,329,686410.95,5,Recent Medium-Value,0
CUST08810,3,1038,2002753.6199999999,0,VIP / Champions,0
CUST08811,1,1070,2278404.68,0,VIP / Champions,0
CUST08812,6,325,685018.98,2,Occasional Customers,0
CUST08813,5,707,1512396.44,3,Loyal High-Frequency,0
CUST08814,1,1064,2365330.3,0,VIP / Champions,0
CUST08815,2,303,625324.23,5,Recent Medium-Value,0
CUST08816,1,707,1447383.34,7,Recent Loyal Customers,0
CUST08817,4,465,876932.54,4,Less-Recent Regulars,0
CUST08818,5,294,661949.04,2,Occasional Customers,0
CUST08819,4,489,1058334.1,4,Less-Recent Regulars,0
CUST08820,1,1040,2156672.22,0,VIP / Champions,0
CUST08821,2,423,817596.34,1,High-Value Regulars,0
CUST08822,6,476,901882.34,4,Less-Recent Regulars,0
CUST08823,2,670,1452202.02,3,Loyal High-Frequency,0
CUST08824,1,670,1360720.3800000001,7,Recent Loyal Customers,0
CUST08825,2,322,610976.94,5,Recent Medium-Value,0
CUST08826,2,724,1666821.99,3,Loyal High-Frequency,0
CUST08827,1,446,915634.46,1,High-Value Regulars,0
CUST08828,2,1010,2284027.63,0,VIP / Champions,0
CUST08829,1,456,899708.0,1,High-Value Regulars,0
CUST08830,9,299,639951.08,6,At-Risk Customers,0
CUST08831,1,328,761712.91,5,Recent Medium-Value,0
CUST08832,6,434,845610.31,4,Less-Recent Regulars,0
CUST08833,1,446,923810.43,1,High-Value Regulars,0
CUST08834,1,640,1394889.71,7,Recent Loyal Customers,0
CUST08835,1,702,1461091.93,7,Recent Loyal Customers,0
CUST08836,2,345,690809.26,5,Recent Medium-Value,0
CUST08837,2,1039,2221031.62,0,VIP / Champions,0
CUST08838,2,686,1392875.97,3,Loyal High-Frequency,0
CUST08839,2,311,638187.22,5,Recent Medium-Value,0
CUST08840,2,338,769758.87,5,Recent Medium-Value,0
CUST08841,1,488,1127594.8,1,High-Value Regulars,0
CUST08842,4,339,696193.2,2,Occasional Customers,0
CUST08843,2,302,660298.82,5,Recent Medium-Value,0
CUST08844,2,456,909465.25,1,High-Value Regulars,0
CUST08845,1,1079,2472441.25,0,VIP / Champions,0
CUST08846,1,705,1563068.15,7,Recent Loyal Customers,0
CUST08847,11,314,650788.08,6,At-Risk Customers,0
CUST08848,1,729,1587404.49,7,Recent Loyal Customers,0
CUST08849,1,308,642448.84,5,Recent Medium-Value,0
CUST08850,1,1138,2294300.05,0,VIP / Champions,0
CUST08851,2,489,1088017.58,1,High-Value Regulars,0
CUST08852,6,354,779062.0599999999,2,Occasional Customers,0
CUST08853,1,1150,2566210.09,0,VIP / Champions,0
CUST08854,4,378,803738.47,2,Occasional Customers,0
CUST08855,2,339,657220.48,5,Recent Medium-Value,0
CUST08856,14,334,742392.21,6,At-Risk Customers,0
CUST08857,1,319,660918.06,5,Recent Medium-Value,0
CUST08858,12,318,622002.33,6,At-Risk Customers,0
CUST08859,1,1086,2328670.32,0,VIP / Champions,0
CUST08860,1,473,1072482.94,1,High-Value Regulars,0
CUST08861,1,704,1409261.76,7,Recent Loyal Customers,0
CUST08862,2,335,753086.0599999999,5,Recent Medium-Value,0
CUST08863,4,327,669782.01,2,Occasional Customers,0
CUST08864,1,481,1050750.09,1,High-Value Regulars,0
CUST08865,1,675,1475753.05,7,Recent Loyal Customers,0
CUST08866,1,458,914052.46,1,High-Value Regulars,0
CUST08867,4,444,915958.45,4,Less-Recent Regulars,0
CUST08868,2,331,632367.79,5,Recent Medium-Value,0
CUST08869,2,467,1026471.18,1,High-Value Regulars,0
CUST08870,2,455,985981.84,1,High-Value Regulars,0
CUST08871,3,348,803388.35,2,Occasional Customers,0
CUST08872,2,472,1016628.98,1,High-Value Regulars,0
CUST08873,2,1100,2203502.04,0,VIP / Champions,0
CUST08874,1,357,728613.12,5,Recent Medium-Value,0
CUST08875,1,338,713390.35,5,Recent Medium-Value,0
CUST08876,5,458,1151731.18,4,Less-Recent Regulars,0
CUST08877,2,742,1496291.63,3,Loyal High-Frequency,0
CUST08878,3,473,1046920.67,4,Less-Recent Regulars,0
CUST08879,3,339,761680.14,2,Occasional Customers,0
CUST08880,1,700,1475026.78,7,Recent Loyal Customers,0
CUST08881,3,444,879600.82,4,Less-Recent Regulars,0
CUST08882,3,719,1536288.56,3,Loyal High-Frequency,0
CUST08883,1,318,708125.27,5,Recent Medium-Value,0
CUST08884,1,1029,2157633.71,0,VIP / Champions,0
CUST08885,3,336,774101.79,2,Occasional Customers,0
CUST08886,2,1017,2066376.28,0,VIP / Champions,0
CUST08887,2,315,627101.04,5,Recent Medium-Value,0
CUST08888,1,327,681082.99,5,Recent Medium-Value,0
CUST08889,2,329,666360.63,5,Recent Medium-Value,0
CUST08890,1,666,1423013.77,7,Recent Loyal Customers,0
CUST08891,5,457,904475.73,4,Less-Recent Regulars,0
CUST08892,1,452,994066.3,1,High-Value Regulars,0
CUST08893,2,1052,2161648.83,0,VIP / Champions,0
CUST08894,4,309,618792.07,2,Occasional Customers,0
CUST08895,1,350,739394.83,5,Recent Medium-Value,0
CUST08896,1,306,647384.77,5,Recent Medium-Value,0
CUST08897,1,469,1018611.95,1,High-Value Regulars,0
CUST08898,2,306,652383.92,5,Recent Medium-Value,0
CUST08899,3,339,792572.64,2,Occasional Customers,0
CUST08900,2,342,648705.61,5,Recent Medium-Value,0
CUST08901,3,466,986416.89,4,Less-Recent Regulars,0
CUST08902,14,304,652189.6,6,At-Risk Customers,0
CUST08903,1,325,626953.48,5,Recent Medium-Value,0
CUST08904,4,469,991535.55,4,Less-Recent Regulars,0
CUST08905,1,341,672254.8,5,Recent Medium-Value,0
CUST08906,1,335,739188.13,5,Recent Medium-Value,0
CUST08907,2,508,1060671.44,1,High-Value Regulars,0
CUST08908,1,1115,2422747.12,0,VIP / Champions,0
CUST08909,2,734,1548532.68,3,Loyal High-Frequency,0
CUST08910,2,691,1445022.55,3,Loyal High-Frequency,0
CUST08911,3,451,949886.27,4,Less-Recent Regulars,0
CUST08912,1,305,661248.65,5,Recent Medium-Value,0
CUST08913,5,435,1025194.27,4,Less-Recent Regulars,0
CUST08914,1,711,1565957.43,7,Recent Loyal Customers,0
CUST08915,2,313,677194.97,5,Recent Medium-Value,0
CUST08916,1,1017,2123822.06,0,VIP / Champions,0
CUST08917,2,688,1451942.0,3,Loyal High-Frequency,0
CUST08918,1,439,975040.65,1,High-Value Regulars,0
CUST08919,2,477,1005897.42,1,High-Value Regulars,0
CUST08920,1,698,1465651.39,7,Recent Loyal Customers,0
CUST08921,1,1112,2263699.82,0,VIP / Champions,0
CUST08922,1,305,676489.28,5,Recent Medium-Value,0
CUST08923,5,309,608965.73,2,Occasional Customers,0
CUST08924,1,490,1218490.81,1,High-Value Regulars,0
CUST08925,5,332,687875.75,2,Occasional Customers,0
CUST08926,2,309,695155.14,5,Recent Medium-Value,0
CUST08927,3,460,991495.42,4,Less-Recent Regulars,0
CUST08928,2,460,1025242.27,1,High-Value Regulars,0
CUST08929,7,313,660975.74,6,At-Risk Customers,0
CUST08930,4,448,941428.85,4,Less-Recent Regulars,0
CUST08931,8,428,859056.33,6,At-Risk Customers,0
CUST08932,6,299,608253.66,2,Occasional Customers,0
CUST08933,1,331,686922.03,5,Recent Medium-Value,0
CUST08934,5,313,685811.08,2,Occasional Customers,0
CUST08935,1,317,659186.06,5,Recent Medium-Value,0
CUST08936,2,346,711302.52,5,Recent Medium-Value,0
CUST08937,6,472,910004.39,4,Less-Recent Regulars,0
CUST08938,1,1119,2459504.21,0,VIP / Champions,0
CUST08939,1,360,759374.48,5,Recent Medium-Value,0
CUST08940,2,708,1458564.71,3,Loyal High-Frequency,0
CUST08941,2,344,776547.93,5,Recent Medium-Value,0
CUST08942,2,446,975049.62,1,High-Value Regulars,0
CUST08943,4,451,877672.38,4,Less-Recent Regulars,0
CUST08944,2,1034,2129867.67,0,VIP / Champions,0
CUST08945,2,471,1032351.02,1,High-Value Regulars,0
CUST08946,12,465,955433.6,6,At-Risk Customers,0
CUST08947,1,314,631928.5,5,Recent Medium-Value,0
CUST08948,3,733,1528031.08,3,Loyal High-Frequency,0
CUST08949,2,1146,2471016.07,0,VIP / Champions,0
CUST08950,3,327,626563.75,2,Occasional Customers,0
CUST08951,2,309,686084.39,5,Recent Medium-Value,0
CUST08952,1,1021,2051856.34,0,VIP / Champions,0
CUST08953,1,722,1552062.8,7,Recent Loyal Customers,0
CUST08954,1,378,804685.86,5,Recent Medium-Value,0
CUST08955,2,329,676718.43,5,Recent Medium-Value,0
CUST08956,4,710,1577348.0,3,Loyal High-Frequency,0
CUST08957,1,1012,2132735.65,0,VIP / Champions,0
CUST08958,6,312,598137.62,2,Occasional Customers,0
CUST08959,3,327,695210.75,2,Occasional Customers,0
CUST08960,1,342,719488.5,5,Recent Medium-Value,0
CUST08961,1,1070,2260316.84,0,VIP / Champions,0
CUST08962,1,1083,2209298.62,0,VIP / Champions,0
CUST08963,2,434,875855.73,1,High-Value Regulars,0
CUST08964,4,508,1085178.34,4,Less-Recent Regulars,0
CUST08965,3,444,955334.63,4,Less-Recent Regulars,0
CUST08966,5,481,1024146.3,4,Less-Recent Regulars,0
CUST08967,1,710,1494401.81,7,Recent Loyal Customers,0
CUST08968,2,485,1012723.55,1,High-Value Regulars,0
CUST08969,5,455,878899.5,4,Less-Recent Regulars,0
CUST08970,1,1085,2260658.33,0,VIP / Champions,0
CUST08971,1,335,716941.15,5,Recent Medium-Value,0
CUST08972,2,722,1557094.81,3,Loyal High-Frequency,0
CUST08973,1,1047,2124825.59,0,VIP / Champions,0
CUST08974,1,346,673849.95,5,Recent Medium-Value,0
CUST08975,9,324,732400.96,6,At-Risk Customers,0
CUST08976,7,339,761303.4400000001,6,At-Risk Customers,0
CUST08977,2,676,1367592.82,3,Loyal High-Frequency,0
CUST08978,6,492,984959.77,4,Less-Recent Regulars,0
CUST08979,8,462,895687.34,6,At-Risk Customers,0
CUST08980,1,496,1009840.19,1,High-Value Regulars,0
CUST08981,1,489,1034389.87,1,High-Value Regulars,0
CUST08982,1,294,566673.51,5,Recent Medium-Value,0
CUST08983,11,322,629946.89,6,At-Risk Customers,0
CUST08984,8,318,670582.97,6,At-Risk Customers,0
CUST08985,2,1072,2194123.62,0,VIP / Champions,0
CUST08986,2,693,1602317.23,3,Loyal High-Frequency,0
CUST08987,3,283,608020.57,2,Occasional Customers,0
CUST08988,1,334,723511.87,5,Recent Medium-Value,0
CUST08989,3,473,925053.0,4,Less-Recent Regulars,0
CUST08990,1,521,1014339.7,1,High-Value Regulars,0
CUST08991,2,314,694881.54,5,Recent Medium-Value,0
CUST08992,4,331,709288.03,2,Occasional Customers,0
CUST08993,2,474,1052546.1,1,High-Value Regulars,0
CUST08994,4,467,1059629.48,4,Less-Recent Regulars,0
CUST08995,1,453,978638.14,1,High-Value Regulars,0
CUST08996,3,338,712338.74,2,Occasional Customers,0
CUST08997,1,461,946210.05,1,High-Value Regulars,0
CUST08998,3,454,922783.55,4,Less-Recent Regulars,0
CUST08999,3,329,787858.97,2,Occasional Customers,0
CUST09000,1,329,630898.62,5,Recent Medium-Value,0
CUST09001,1,483,1036969.0,1,High-Value Regulars,0
CUST09002,2,665,1242995.12,3,Loyal High-Frequency,0
CUST09003,8,319,761614.48,6,At-Risk Customers,0
CUST09004,5,317,624900.76,2,Occasional Customers,0
CUST09005,2,343,675235.67,5,Recent Medium-Value,0
CUST09006,1,704,1381345.13,7,Recent Loyal Customers,0
CUST09007,1,1092,2396184.69,0,VIP / Champions,0
CUST09008,2,465,901923.12,1,High-Value Regulars,0
CUST09009,3,345,744756.65,2,Occasional Customers,0
CUST09010,1,480,1006350.53,1,High-Value Regulars,0
CUST09011,2,1098,2317157.0,0,VIP / Champions,0
CUST09012,1,678,1294053.07,7,Recent Loyal Customers,0
CUST09013,3,265,564888.8099999999,2,Occasional Customers,0
CUST09014,1,467,970376.72,1,High-Value Regulars,0
CUST09015,4,363,870248.72,2,Occasional Customers,0
CUST09016,2,300,586560.44,5,Recent Medium-Value,0
CUST09017,3,497,1068768.85,4,Less-Recent Regulars,0
CUST09018,1,706,1494949.21,7,Recent Loyal Customers,0
CUST09019,2,439,950923.43,1,High-Value Regulars,0
CUST09020,5,466,943226.1,4,Less-Recent Regulars,0
CUST09021,1,338,712113.26,5,Recent Medium-Value,0
CUST09022,1,1054,2251156.42,0,VIP / Champions,0
CUST09023,6,320,674800.3,2,Occasional Customers,0
CUST09024,1,295,670097.62,5,Recent Medium-Value,0
CUST09025,2,1084,2377902.11,0,VIP / Champions,0
CUST09026,2,476,988258.05,1,High-Value Regulars,0
CUST09027,1,293,614522.61,5,Recent Medium-Value,0
CUST09028,1,676,1465279.82,7,Recent Loyal Customers,0
CUST09029,1,448,873258.3,1,High-Value Regulars,0
CUST09030,1,667,1407157.87,7,Recent Loyal Customers,0
CUST09031,1,510,996087.99,1,High-Value Regulars,0
CUST09032,2,645,1360967.03,3,Loyal High-Frequency,0
CUST09033,1,699,1477594.42,7,Recent Loyal Customers,0
CUST09034,1,465,960034.16,1,High-Value Regulars,0
CUST09035,3,708,1560813.91,3,Loyal High-Frequency,0
CUST09036,5,297,610057.27,2,Occasional Customers,0
CUST09037,4,328,703649.53,2,Occasional Customers,0
CUST09038,3,352,769349.77,2,Occasional Customers,0
CUST09039,1,317,635507.96,5,Recent Medium-Value,0
CUST09040,1,482,1029710.23,1,High-Value Regulars,0
CUST09041,2,316,638220.31,5,Recent Medium-Value,0
CUST09042,1,478,1017166.53,1,High-Value Regulars,0
CUST09043,1,1112,2357182.54,0,VIP / Champions,0
CUST09044,2,453,898213.18,1,High-Value Regulars,0
CUST09045,1,456,1042458.08,1,High-Value Regulars,0
CUST09046,1,1053,2293694.72,0,VIP / Champions,0
CUST09047,1,330,791265.95,5,Recent Medium-Value,0
CUST09048,3,365,754516.46,2,Occasional Customers,0
CUST09049,1,1079,2363603.27,0,VIP / Champions,0
CUST09050,1,321,618632.01,5,Recent Medium-Value,0
CUST09051,1,721,1414886.01,7,Recent Loyal Customers,0
CUST09052,1,469,987590.27,1,High-Value Regulars,0
CUST09053,1,477,1043386.49,1,High-Value Regulars,0
CUST09054,2,680,1410299.28,3,Loyal High-Frequency,0
CUST09055,2,1069,2250259.77,0,VIP / Champions,0
CUST09056,1,305,663713.26,5,Recent Medium-Value,0
CUST09057,2,320,764737.57,5,Recent Medium-Value,0
CUST09058,5,312,721009.36,2,Occasional Customers,0
CUST09059,3,459,1027101.15,4,Less-Recent Regulars,0
CUST09060,1,323,597410.03,5,Recent Medium-Value,0
CUST09061,1,315,633771.19,5,Recent Medium-Value,0
CUST09062,1,482,1029062.2,1,High-Value Regulars,0
CUST09063,2,704,1525307.44,3,Loyal High-Frequency,0
CUST09064,3,1055,2370190.17,0,VIP / Champions,0
CUST09065,8,333,662030.07,6,At-Risk Customers,0
CUST09066,1,1113,2449990.13,0,VIP / Champions,0
CUST09067,2,333,757800.18,5,Recent Medium-Value,0
CUST09068,6,1108,2414826.39,3,Loyal High-Frequency,0
CUST09069,2,730,1521565.06,3,Loyal High-Frequency,0
CUST09070,3,455,906830.35,4,Less-Recent Regulars,0
CUST09071,1,1090,2453630.12,0,VIP / Champions,0
CUST09072,3,308,644852.91,2,Occasional Customers,0
CUST09073,2,680,1515139.37,3,Loyal High-Frequency,0
CUST09074,1,478,1054253.58,1,High-Value Regulars,0
CUST09075,3,330,622774.35,2,Occasional Customers,0
CUST09076,3,302,617089.32,2,Occasional Customers,0
CUST09077,2,501,1020040.19,1,High-Value Regulars,0
CUST09078,3,306,681752.95,2,Occasional Customers,0
CUST09079,4,1084,2332061.51,0,VIP / Champions,0
CUST09080,5,328,714555.29,2,Occasional Customers,0
CUST09081,3,496,1046385.59,4,Less-Recent Regulars,0
CUST09082,2,487,1077295.82,1,High-Value Regulars,0
CUST09083,1,454,1016569.02,1,High-Value Regulars,0
CUST09084,3,263,566832.07,2,Occasional Customers,0
CUST09085,3,470,1029823.39,4,Less-Recent Regulars,0
CUST09086,5,1089,2242067.2,3,Loyal High-Frequency,0
CUST09087,7,331,719869.54,6,At-Risk Customers,0
CUST09088,3,341,651337.42,2,Occasional Customers,0
CUST09089,1,1008,2102293.5,0,VIP / Champions,0
CUST09090,2,1128,2282314.16,0,VIP / Champions,0
CUST09091,10,483,984587.24,6,At-Risk Customers,0
CUST09092,1,694,1448336.83,7,Recent Loyal Customers,0
CUST09093,1,1071,2367967.81,0,VIP / Champions,0
CUST09094,2,298,621389.39,5,Recent Medium-Value,0
CUST09095,4,323,762873.18,2,Occasional Customers,0
CUST09096,6,439,905960.68,4,Less-Recent Regulars,0
CUST09097,2,726,1565892.25,3,Loyal High-Frequency,0
CUST09098,1,700,1421137.32,7,Recent Loyal Customers,0
CUST09099,4,454,966261.19,4,Less-Recent Regulars,0
CUST09100,11,362,757404.5,6,At-Risk Customers,0
CUST09101,3,315,606807.38,2,Occasional Customers,0
CUST09102,1,714,1480289.85,7,Recent Loyal Customers,0
CUST09103,2,455,962624.39,1,High-Value Regulars,0
CUST09104,19,328,699786.83,6,At-Risk Customers,0
CUST09105,7,472,986434.18,4,Less-Recent Regulars,0
CUST09106,1,453,975388.94,1,High-Value Regulars,0
CUST09107,1,468,968296.3200000001,1,High-Value Regulars,0
CUST09108,1,683,1332044.08,7,Recent Loyal Customers,0
CUST09109,2,352,759084.39,5,Recent Medium-Value,0
CUST09110,1,679,1510530.25,7,Recent Loyal Customers,0
CUST09111,1,330,686974.45,5,Recent Medium-Value,0
CUST09112,2,403,794826.84,5,Recent Medium-Value,0
CUST09113,1,1124,2461385.9899999998,0,VIP / Champions,0
CUST09114,3,498,1114768.5,4,Less-Recent Regulars,0
CUST09115,4,450,927611.15,4,Less-Recent Regulars,0
CUST09116,1,471,928040.51,1,High-Value Regulars,0
CUST09117,3,481,1063560.42,4,Less-Recent Regulars,0
CUST09118,1,648,1345128.56,7,Recent Loyal Customers,0
CUST09119,5,741,1542686.37,3,Loyal High-Frequency,0
CUST09120,3,702,1476542.27,3,Loyal High-Frequency,0
CUST09121,1,342,734082.16,5,Recent Medium-Value,0
CUST09122,3,344,654322.89,2,Occasional Customers,0
CUST09123,1,453,935023.38,1,High-Value Regulars,0
CUST09124,5,480,1087839.05,4,Less-Recent Regulars,0
CUST09125,1,662,1355589.09,7,Recent Loyal Customers,0
CUST09126,1,471,1026047.55,1,High-Value Regulars,0
CUST09127,3,349,725644.55,2,Occasional Customers,0
CUST09128,4,474,1007944.07,4,Less-Recent Regulars,0
CUST09129,3,321,686705.4,2,Occasional Customers,0
CUST09130,1,472,1080501.18,1,High-Value Regulars,0
CUST09131,1,443,899796.51,1,High-Value Regulars,0
CUST09132,1,481,1037932.33,1,High-Value Regulars,0
CUST09133,1,704,1528128.92,7,Recent Loyal Customers,0
CUST09134,5,445,934796.79,4,Less-Recent Regulars,0
CUST09135,1,504,961251.47,1,High-Value Regulars,0
CUST09136,1,448,960180.42,1,High-Value Regulars,0
CUST09137,1,1152,2517915.1,0,VIP / Champions,0
CUST09138,2,653,1294051.47,3,Loyal High-Frequency,0
CUST09139,1,305,627393.18,5,Recent Medium-Value,0
CUST09140,3,453,914355.95,4,Less-Recent Regulars,0
CUST09141,2,339,684159.4400000001,5,Recent Medium-Value,0
CUST09142,2,350,782317.28,5,Recent Medium-Value,0
CUST09143,1,677,1368881.68,7,Recent Loyal Customers,0
CUST09144,2,306,698831.5,5,Recent Medium-Value,0
CUST09145,1,345,720346.38,5,Recent Medium-Value,0
CUST09146,6,474,929821.88,4,Less-Recent Regulars,0
CUST09147,1,349,792211.77,5,Recent Medium-Value,0
CUST09148,7,323,676242.82,6,At-Risk Customers,0
CUST09149,3,467,960814.74,4,Less-Recent Regulars,0
CUST09150,6,355,842072.64,2,Occasional Customers,0
CUST09151,3,369,752187.34,2,Occasional Customers,0
CUST09152,1,685,1498247.59,7,Recent Loyal Customers,0
CUST09153,1,1019,2113295.35,0,VIP / Champions,0
CUST09154,3,319,626440.41,2,Occasional Customers,0
CUST09155,2,437,953091.82,1,High-Value Regulars,0
CUST09156,6,322,633266.58,2,Occasional Customers,0
CUST09157,1,334,719805.91,5,Recent Medium-Value,0
CUST09158,2,323,674408.18,5,Recent Medium-Value,0
CUST09159,2,689,1555185.33,3,Loyal High-Frequency,0
CUST09160,1,322,623861.38,5,Recent Medium-Value,0
CUST09161,7,331,810075.97,6,At-Risk Customers,0
CUST09162,1,473,988178.18,1,High-Value Regulars,0
CUST09163,2,735,1481238.82,3,Loyal High-Frequency,0
CUST09164,3,329,738999.72,2,Occasional Customers,0
CUST09165,2,478,1023981.58,1,High-Value Regulars,0
CUST09166,4,297,594271.34,2,Occasional Customers,0
CUST09167,1,1017,2220662.18,0,VIP / Champions,0
CUST09168,2,1065,2286704.67,0,VIP / Champions,0
CUST09169,1,692,1458863.43,7,Recent Loyal Customers,0
CUST09170,1,319,697828.69,5,Recent Medium-Value,0
CUST09171,1,357,714257.61,5,Recent Medium-Value,0
CUST09172,5,322,639014.35,2,Occasional Customers,0
CUST09173,10,319,671210.47,6,At-Risk Customers,0
CUST09174,1,470,991907.47,1,High-Value Regulars,0
CUST09175,3,461,1028811.8,4,Less-Recent Regulars,0
CUST09176,1,1012,2112900.83,0,VIP / Champions,0
CUST09177,2,730,1561731.1,3,Loyal High-Frequency,0
CUST09178,1,290,625594.9,5,Recent Medium-Value,0
CUST09179,4,338,724086.75,2,Occasional Customers,0
CUST09180,2,1146,2415473.46,0,VIP / Champions,0
CUST09181,1,711,1487474.75,7,Recent Loyal Customers,0
CUST09182,3,280,629371.23,2,Occasional Customers,0
CUST09183,3,733,1553861.1,3,Loyal High-Frequency,0
CUST09184,2,453,912975.03,1,High-Value Regulars,0
CUST09185,2,734,1500052.27,3,Loyal High-Frequency,0
CUST09186,1,488,998004.51,1,High-Value Regulars,0
CUST09187,5,497,1027626.32,4,Less-Recent Regulars,0
CUST09188,6,347,724690.58,2,Occasional Customers,0
CUST09189,7,495,1184999.54,4,Less-Recent Regulars,0
CUST09190,5,338,699740.29,2,Occasional Customers,0
CUST09191,1,312,664361.7,5,Recent Medium-Value,0
CUST09192,1,304,623243.74,5,Recent Medium-Value,0
CUST09193,1,475,1069328.0,1,High-Value Regulars,0
CUST09194,13,307,687791.97,6,At-Risk Customers,0
CUST09195,1,367,861174.79,5,Recent Medium-Value,0
CUST09196,3,318,655046.31,2,Occasional Customers,0
CUST09197,3,487,998029.25,4,Less-Recent Regulars,0
CUST09198,2,486,952235.6,1,High-Value Regulars,0
CUST09199,5,324,574188.52,2,Occasional Customers,0
CUST09200,2,456,925158.29,1,High-Value Regulars,0
CUST09201,1,318,625514.0599999999,5,Recent Medium-Value,0
CUST09202,1,745,1501895.28,7,Recent Loyal Customers,0
CUST09203,12,301,551034.32,6,At-Risk Customers,0
CUST09204,3,485,1011502.36,4,Less-Recent Regulars,0
CUST09205,1,1110,2408719.22,0,VIP / Champions,0
CUST09206,5,317,662454.03,2,Occasional Customers,0
CUST09207,5,483,977735.97,4,Less-Recent Regulars,0
CUST09208,4,319,727909.36,2,Occasional Customers,0
CUST09209,1,1102,2300915.46,0,VIP / Champions,0
CUST09210,13,327,735272.83,6,At-Risk Customers,0
CUST09211,1,349,677073.25,5,Recent Medium-Value,0
CUST09212,2,282,606362.88,5,Recent Medium-Value,0
CUST09213,1,1077,2327546.28,0,VIP / Champions,0
CUST09214,5,322,663781.19,2,Occasional Customers,0
CUST09215,1,1071,2253839.06,0,VIP / Champions,0
CUST09216,3,689,1415236.73,3,Loyal High-Frequency,0
CUST09217,1,730,1575047.2,7,Recent Loyal Customers,0
CUST09218,5,349,767262.78,2,Occasional Customers,0
CUST09219,3,441,901202.85,4,Less-Recent Regulars,0
CUST09220,7,328,677026.26,6,At-Risk Customers,0
CUST09221,3,471,940513.78,4,Less-Recent Regulars,0
CUST09222,2,328,722180.62,5,Recent Medium-Value,0
CUST09223,2,1041,2214527.29,0,VIP / Champions,0
CUST09224,3,312,707976.36,2,Occasional Customers,0
CUST09225,2,720,1423249.73,3,Loyal High-Frequency,0
CUST09226,4,354,781885.27,2,Occasional Customers,0
CUST09227,3,700,1452175.85,3,Loyal High-Frequency,0
CUST09228,2,725,1517173.4,3,Loyal High-Frequency,0
CUST09229,2,313,647278.78,5,Recent Medium-Value,0
CUST09230,1,493,1035734.37,1,High-Value Regulars,0
CUST09231,3,312,667062.65,2,Occasional Customers,0
CUST09232,4,321,738766.99,2,Occasional Customers,0
CUST09233,6,450,1015086.24,4,Less-Recent Regulars,0
CUST09234,1,720,1672460.87,7,Recent Loyal Customers,0
CUST09235,1,701,1589059.2,7,Recent Loyal Customers,0
CUST09236,6,707,1410715.85,3,Loyal High-Frequency,0
CUST09237,3,681,1464950.43,3,Loyal High-Frequency,0
CUST09238,3,326,640735.05,2,Occasional Customers,0
CUST09239,1,1045,2351472.14,0,VIP / Champions,0
CUST09240,1,1088,2456502.21,0,VIP / Champions,0
CUST09241,5,481,1041549.36,4,Less-Recent Regulars,0
CUST09242,2,1090,2448236.09,0,VIP / Champions,0
CUST09243,1,1118,2488621.92,0,VIP / Champions,0
CUST09244,1,696,1509143.57,7,Recent Loyal Customers,0
CUST09245,3,685,1597461.89,3,Loyal High-Frequency,0
CUST09246,4,339,705337.93,2,Occasional Customers,0
CUST09247,1,319,695483.18,5,Recent Medium-Value,0
CUST09248,2,319,723104.11,5,Recent Medium-Value,0
CUST09249,3,320,635112.39,2,Occasional Customers,0
CUST09250,1,664,1331567.69,7,Recent Loyal Customers,0
CUST09251,8,343,718405.64,6,At-Risk Customers,0
CUST09252,1,325,740673.5,5,Recent Medium-Value,0
CUST09253,1,498,1077338.21,1,High-Value Regulars,0
CUST09254,3,335,677339.27,2,Occasional Customers,0
CUST09255,1,787,1701911.62,7,Recent Loyal Customers,0
CUST09256,1,668,1328683.8,7,Recent Loyal Customers,0
CUST09257,2,356,760022.63,5,Recent Medium-Value,0
CUST09258,1,484,1020159.33,1,High-Value Regulars,0
CUST09259,3,430,931169.31,4,Less-Recent Regulars,0
CUST09260,2,479,975109.48,1,High-Value Regulars,0
CUST09261,9,310,625133.42,6,At-Risk Customers,0
CUST09262,1,324,687058.68,5,Recent Medium-Value,0
CUST09263,7,309,594545.32,6,At-Risk Customers,0
CUST09264,1,732,1606652.44,7,Recent Loyal Customers,0
CUST09265,1,412,819624.99,1,High-Value Regulars,0
CUST09266,1,500,1075229.78,1,High-Value Regulars,0
CUST09267,1,469,997431.26,1,High-Value Regulars,0
CUST09268,7,436,872172.9,4,Less-Recent Regulars,0
CUST09269,4,709,1537895.34,3,Loyal High-Frequency,0
CUST09270,9,318,669400.38,6,At-Risk Customers,0
CUST09271,2,470,921024.65,1,High-Value Regulars,0
CUST09272,6,314,699718.49,2,Occasional Customers,0
CUST09273,4,329,624395.09,2,Occasional Customers,0
CUST09274,2,640,1419329.63,3,Loyal High-Frequency,0
CUST09275,1,675,1441592.18,7,Recent Loyal Customers,0
CUST09276,1,662,1389887.49,7,Recent Loyal Customers,0
CUST09277,4,315,618659.46,2,Occasional Customers,0
CUST09278,2,684,1433935.3,3,Loyal High-Frequency,0
CUST09279,2,355,793802.73,5,Recent Medium-Value,0
CUST09280,3,314,681586.43,2,Occasional Customers,0
CUST09281,3,293,655700.89,2,Occasional Customers,0
CUST09282,1,685,1524291.3,7,Recent Loyal Customers,0
CUST09283,2,334,653397.09,5,Recent Medium-Value,0
CUST09284,1,338,727739.37,5,Recent Medium-Value,0
CUST09285,6,308,671013.88,2,Occasional Customers,0
CUST09286,9,461,1042540.85,6,At-Risk Customers,0
CUST09287,5,334,743546.13,2,Occasional Customers,0
CUST09288,5,689,1441865.75,3,Loyal High-Frequency,0
CUST09289,7,330,704490.0,6,At-Risk Customers,0
CUST09290,1,478,979747.07,1,High-Value Regulars,0
CUST09291,2,308,654878.16,5,Recent Medium-Value,0
CUST09292,2,325,757116.92,5,Recent Medium-Value,0
CUST09293,1,318,662564.02,5,Recent Medium-Value,0
CUST09294,2,337,750508.98,5,Recent Medium-Value,0
CUST09295,1,696,1522692.44,7,Recent Loyal Customers,0
CUST09296,3,328,757931.38,2,Occasional Customers,0
CUST09297,1,682,1404031.77,7,Recent Loyal Customers,0
CUST09298,1,346,698605.92,5,Recent Medium-Value,0
CUST09299,3,317,635619.83,2,Occasional Customers,0
CUST09300,6,306,697002.32,2,Occasional Customers,0
CUST09301,1,333,685258.39,5,Recent Medium-Value,0
CUST09302,2,701,1461218.45,3,Loyal High-Frequency,0
CUST09303,1,481,1073648.52,1,High-Value Regulars,0
CUST09304,1,481,1073579.26,1,High-Value Regulars,0
CUST09305,1,478,1039535.97,1,High-Value Regulars,0
CUST09306,1,339,800084.26,5,Recent Medium-Value,0
CUST09307,1,462,1012542.88,1,High-Value Regulars,0
CUST09308,1,465,991666.54,1,High-Value Regulars,0
CUST09309,3,344,680298.3,2,Occasional Customers,0
CUST09310,2,487,982039.15,1,High-Value Regulars,0
CUST09311,3,461,1042606.8,4,Less-Recent Regulars,0
CUST09312,6,298,631051.83,2,Occasional Customers,0
CUST09313,2,320,665555.08,5,Recent Medium-Value,0
CUST09314,2,661,1366702.07,3,Loyal High-Frequency,0
CUST09315,2,321,624491.08,5,Recent Medium-Value,0
CUST09316,2,329,738966.57,5,Recent Medium-Value,0
CUST09317,3,716,1577673.76,3,Loyal High-Frequency,0
CUST09318,1,1041,2289004.63,0,VIP / Champions,0
CUST09319,14,287,531547.28,6,At-Risk Customers,0
CUST09320,3,328,637550.31,2,Occasional Customers,0
CUST09321,3,332,784979.01,2,Occasional Customers,0
CUST09322,1,469,983883.44,1,High-Value Regulars,0
CUST09323,6,331,776807.73,2,Occasional Customers,0
CUST09324,1,692,1351999.1,7,Recent Loyal Customers,0
CUST09325,1,1020,2239493.87,0,VIP / Champions,0
CUST09326,1,331,663279.87,5,Recent Medium-Value,0
CUST09327,6,701,1503221.44,3,Loyal High-Frequency,0
CUST09328,2,338,791612.27,5,Recent Medium-Value,0
CUST09329,1,327,786358.87,5,Recent Medium-Value,0
CUST09330,1,683,1442885.32,7,Recent Loyal Customers,0
CUST09331,1,320,670819.3,5,Recent Medium-Value,0
CUST09332,2,316,675096.97,5,Recent Medium-Value,0
CUST09333,2,320,685701.28,5,Recent Medium-Value,0
CUST09334,9,331,718056.69,6,At-Risk Customers,0
CUST09335,1,752,1555773.45,7,Recent Loyal Customers,0
CUST09336,2,336,653514.9,5,Recent Medium-Value,0
CUST09337,2,351,818490.86,5,Recent Medium-Value,0
CUST09338,2,1054,2437134.64,0,VIP / Champions,0
CUST09339,2,474,1031628.01,1,High-Value Regulars,0
CUST09340,6,700,1576808.82,3,Loyal High-Frequency,0
CUST09341,1,337,663947.56,5,Recent Medium-Value,0
CUST09342,2,496,981964.05,1,High-Value Regulars,0
CUST09343,1,1104,2444709.31,0,VIP / Champions,0
CUST09344,1,1060,2360669.82,0,VIP / Champions,0
CUST09345,4,343,723004.1,2,Occasional Customers,0
CUST09346,2,454,996738.42,1,High-Value Regulars,0
CUST09347,2,466,978001.63,1,High-Value Regulars,0
CUST09348,1,322,720414.21,5,Recent Medium-Value,0
CUST09349,6,308,622638.52,2,Occasional Customers,0
CUST09350,6,453,895295.75,4,Less-Recent Regulars,0
CUST09351,10,318,768243.83,6,At-Risk Customers,0
CUST09352,1,1057,2267821.43,0,VIP / Champions,0
CUST09353,2,314,652622.17,5,Recent Medium-Value,0
CUST09354,10,446,880691.67,6,At-Risk Customers,0
CUST09355,5,706,1431983.84,3,Loyal High-Frequency,0
CUST09356,1,450,887687.9,1,High-Value Regulars,0
CUST09357,1,317,704254.22,5,Recent Medium-Value,0
CUST09358,5,466,998690.95,4,Less-Recent Regulars,0
CUST09359,2,302,658521.79,5,Recent Medium-Value,0
CUST09360,2,464,953102.64,1,High-Value Regulars,0
CUST09361,1,1121,2347564.38,0,VIP / Champions,0
CUST09362,1,728,1516396.05,7,Recent Loyal Customers,0
CUST09363,1,329,678972.95,5,Recent Medium-Value,0
CUST09364,1,1049,2149015.22,0,VIP / Champions,0
CUST09365,2,697,1537359.29,3,Loyal High-Frequency,0
CUST09366,1,322,736263.95,5,Recent Medium-Value,0
CUST09367,1,1061,2385792.76,0,VIP / Champions,0
CUST09368,1,464,892709.65,1,High-Value Regulars,0
CUST09369,1,1075,2328792.45,0,VIP / Champions,0
CUST09370,4,463,990548.72,4,Less-Recent Regulars,0
CUST09371,2,321,746310.5599999999,5,Recent Medium-Value,0
CUST09372,3,313,528633.35,2,Occasional Customers,0
CUST09373,3,448,1068057.41,4,Less-Recent Regulars,0
CUST09374,5,308,602688.37,2,Occasional Customers,0
CUST09375,1,726,1537732.12,7,Recent Loyal Customers,0
CUST09376,1,332,657154.9,5,Recent Medium-Value,0
CUST09377,4,322,594973.5,2,Occasional Customers,0
CUST09378,2,481,1026278.06,1,High-Value Regulars,0
CUST09379,1,419,815668.73,1,High-Value Regulars,0
CUST09380,8,295,699020.97,6,At-Risk Customers,0
CUST09381,2,338,754616.27,5,Recent Medium-Value,0
CUST09382,3,686,1518587.28,3,Loyal High-Frequency,0
CUST09383,8,349,811527.99,6,At-Risk Customers,0
CUST09384,2,342,656654.79,5,Recent Medium-Value,0
CUST09385,1,1078,2405333.28,0,VIP / Champions,0
CUST09386,4,316,720960.97,2,Occasional Customers,0
CUST09387,1,680,1467459.53,7,Recent Loyal Customers,0
CUST09388,2,477,1037252.24,1,High-Value Regulars,0
CUST09389,2,1043,2245019.68,0,VIP / Champions,0
CUST09390,1,491,1085223.37,1,High-Value Regulars,0
CUST09391,1,712,1366773.15,7,Recent Loyal Customers,0
CUST09392,1,1116,2347167.04,0,VIP / Champions,0
CUST09393,2,352,725138.46,5,Recent Medium-Value,0
CUST09394,9,307,669087.82,6,At-Risk Customers,0
CUST09395,3,474,1093078.17,4,Less-Recent Regulars,0
CUST09396,4,743,1527920.21,3,Loyal High-Frequency,0
CUST09397,7,477,870571.94,4,Less-Recent Regulars,0
CUST09398,3,713,1496148.31,3,Loyal High-Frequency,0
CUST09399,4,312,687962.32,2,Occasional Customers,0
CUST09400,6,311,608712.3,2,Occasional Customers,0
CUST09401,2,358,722168.12,5,Recent Medium-Value,0
CUST09402,4,336,678449.09,2,Occasional Customers,0
CUST09403,1,319,749407.13,5,Recent Medium-Value,0
CUST09404,7,338,708038.44,6,At-Risk Customers,0
CUST09405,12,358,666130.0,6,At-Risk Customers,0
CUST09406,2,344,741929.49,5,Recent Medium-Value,0
CUST09407,2,473,967106.01,1,High-Value Regulars,0
CUST09408,1,721,1454297.29,7,Recent Loyal Customers,0
CUST09409,3,1051,2232664.01,0,VIP / Champions,0
CUST09410,4,297,589861.69,2,Occasional Customers,0
CUST09411,7,459,958379.12,4,Less-Recent Regulars,0
CUST09412,2,458,980048.69,1,High-Value Regulars,0
CUST09413,2,708,1510798.94,3,Loyal High-Frequency,0
CUST09414,1,447,948963.72,1,High-Value Regulars,0
CUST09415,3,321,771172.94,2,Occasional Customers,0
CUST09416,1,315,622467.04,5,Recent Medium-Value,0
CUST09417,6,482,1034123.88,4,Less-Recent Regulars,0
CUST09418,2,670,1387341.36,3,Loyal High-Frequency,0
CUST09419,3,343,787916.5,2,Occasional Customers,0
CUST09420,1,450,948203.92,1,High-Value Regulars,0
CUST09421,8,302,654865.47,6,At-Risk Customers,0
CUST09422,1,1020,2187056.07,0,VIP / Champions,0
CUST09423,2,1061,2228630.48,0,VIP / Champions,0
CUST09424,1,723,1509766.43,7,Recent Loyal Customers,0
CUST09425,1,672,1427135.35,7,Recent Loyal Customers,0
CUST09426,1,1071,2261088.33,0,VIP / Champions,0
CUST09427,9,339,728106.7,6,At-Risk Customers,0
CUST09428,1,461,964411.92,1,High-Value Regulars,0
CUST09429,1,319,651667.25,5,Recent Medium-Value,0
CUST09430,1,461,945853.83,1,High-Value Regulars,0
CUST09431,7,292,620833.91,6,At-Risk Customers,0
CUST09432,2,486,978987.72,1,High-Value Regulars,0
CUST09433,10,322,680306.27,6,At-Risk Customers,0
CUST09434,3,745,1554168.97,3,Loyal High-Frequency,0
CUST09435,2,718,1497692.15,3,Loyal High-Frequency,0
CUST09436,1,1114,2381480.49,0,VIP / Champions,0
CUST09437,1,312,661354.01,5,Recent Medium-Value,0
CUST09438,3,678,1359401.52,3,Loyal High-Frequency,0
CUST09439,3,349,760639.76,2,Occasional Customers,0
CUST09440,7,306,645333.36,6,At-Risk Customers,0
CUST09441,2,688,1468866.42,3,Loyal High-Frequency,0
CUST09442,6,323,644363.82,2,Occasional Customers,0
CUST09443,2,687,1494698.07,3,Loyal High-Frequency,0
CUST09444,1,672,1483788.15,7,Recent Loyal Customers,0
CUST09445,1,455,961186.07,1,High-Value Regulars,0
CUST09446,4,498,1156752.4,4,Less-Recent Regulars,0
CUST09447,1,751,1673391.66,7,Recent Loyal Customers,0
CUST09448,3,714,1483712.3,3,Loyal High-Frequency,0
CUST09449,3,299,619762.71,2,Occasional Customers,0
CUST09450,1,419,960443.81,1,High-Value Regulars,0
CUST09451,1,469,989800.1,1,High-Value Regulars,0
CUST09452,3,711,1453464.48,3,Loyal High-Frequency,0
CUST09453,1,701,1416796.56,7,Recent Loyal Customers,0
CUST09454,1,519,1091868.77,1,High-Value Regulars,0
CUST09455,1,321,697695.22,5,Recent Medium-Value,0
CUST09456,1,475,1024210.96,1,High-Value Regulars,0
CUST09457,2,542,1163584.13,1,High-Value Regulars,0
CUST09458,3,470,952046.0,4,Less-Recent Regulars,0
CUST09459,1,1059,2226945.78,0,VIP / Champions,0
CUST09460,1,1083,2409778.78,0,VIP / Champions,0
CUST09461,1,459,1047391.57,1,High-Value Regulars,0
CUST09462,3,1113,2387514.13,0,VIP / Champions,0
CUST09463,3,322,573473.45,2,Occasional Customers,0
CUST09464,13,348,757405.88,6,At-Risk Customers,0
CUST09465,1,455,1055193.88,1,High-Value Regulars,0
CUST09466,2,472,972524.04,1,High-Value Regulars,0
CUST09467,2,691,1484883.47,3,Loyal High-Frequency,0
CUST09468,2,353,729718.58,5,Recent Medium-Value,0
CUST09469,11,483,1039894.22,6,At-Risk Customers,0
CUST09470,1,498,1045684.5,1,High-Value Regulars,0
CUST09471,1,479,908456.39,1,High-Value Regulars,0
CUST09472,5,318,600418.11,2,Occasional Customers,0
CUST09473,5,483,971589.18,4,Less-Recent Regulars,0
CUST09474,1,465,932389.46,1,High-Value Regulars,0
CUST09475,1,438,835168.78,1,High-Value Regulars,0
CUST09476,1,499,1096335.16,1,High-Value Regulars,0
CUST09477,9,484,1150493.72,4,Less-Recent Regulars,0
CUST09478,3,328,667012.11,2,Occasional Customers,0
CUST09479,4,324,683552.52,2,Occasional Customers,0
CUST09480,2,345,817274.32,5,Recent Medium-Value,0
CUST09481,1,509,1103318.82,1,High-Value Regulars,0
CUST09482,2,685,1499696.64,3,Loyal High-Frequency,0
CUST09483,1,709,1577388.41,7,Recent Loyal Customers,0
CUST09484,2,464,938646.16,1,High-Value Regulars,0
CUST09485,3,421,1006904.8,4,Less-Recent Regulars,0
CUST09486,1,1087,2304964.05,0,VIP / Champions,0
CUST09487,1,1112,2421695.8,0,VIP / Champions,0
CUST09488,2,1123,2342166.1,0,VIP / Champions,0
CUST09489,3,311,558448.94,2,Occasional Customers,0
CUST09490,1,481,958404.48,1,High-Value Regulars,0
CUST09491,1,688,1345689.57,7,Recent Loyal Customers,0
CUST09492,1,309,658103.0599999999,5,Recent Medium-Value,0
CUST09493,5,307,582613.27,2,Occasional Customers,0
CUST09494,3,291,508931.88,2,Occasional Customers,0
CUST09495,6,328,750622.08,2,Occasional Customers,0
CUST09496,3,478,1121525.19,4,Less-Recent Regulars,0
CUST09497,3,309,573518.17,2,Occasional Customers,0
CUST09498,1,466,907015.75,1,High-Value Regulars,0
CUST09499,7,342,741160.75,6,At-Risk Customers,0
CUST09500,2,1087,2188415.3,0,VIP / Champions,0
CUST09501,4,357,740009.55,2,Occasional Customers,0
CUST09502,3,520,952382.34,4,Less-Recent Regulars,0
CUST09503,2,313,690754.53,5,Recent Medium-Value,0
CUST09504,1,457,961023.51,1,High-Value Regulars,0
CUST09505,2,332,742188.25,5,Recent Medium-Value,0
CUST09506,1,1026,2048796.11,0,VIP / Champions,0
CUST09507,2,493,1089526.26,1,High-Value Regulars,0
CUST09508,1,315,681287.96,5,Recent Medium-Value,0
CUST09509,5,696,1353002.92,3,Loyal High-Frequency,0
CUST09510,3,449,924049.82,4,Less-Recent Regulars,0
CUST09511,2,276,627664.6,5,Recent Medium-Value,0
CUST09512,2,433,937103.8,1,High-Value Regulars,0
CUST09513,3,323,663201.21,2,Occasional Customers,0
CUST09514,1,520,1212609.07,1,High-Value Regulars,0
CUST09515,2,336,693104.13,5,Recent Medium-Value,0
CUST09516,6,314,633137.41,2,Occasional Customers,0
CUST09517,1,466,1061863.38,1,High-Value Regulars,0
CUST09518,8,320,705885.18,6,At-Risk Customers,0
CUST09519,2,662,1447352.04,3,Loyal High-Frequency,0
CUST09520,1,1031,2170434.29,0,VIP / Champions,0
CUST09521,2,321,646769.73,5,Recent Medium-Value,0
CUST09522,3,331,636697.9,2,Occasional Customers,0
CUST09523,4,334,669656.91,2,Occasional Customers,0
CUST09524,1,446,988694.29,1,High-Value Regulars,0
CUST09525,4,719,1444585.91,3,Loyal High-Frequency,0
CUST09526,3,337,700058.91,2,Occasional Customers,0
CUST09527,8,309,761856.93,6,At-Risk Customers,0
CUST09528,2,663,1375264.15,3,Loyal High-Frequency,0
CUST09529,2,440,927523.81,1,High-Value Regulars,0
CUST09530,4,319,664063.63,2,Occasional Customers,0
CUST09531,3,344,657437.32,2,Occasional Customers,0
CUST09532,2,339,695960.47,5,Recent Medium-Value,0
CUST09533,5,322,727033.26,2,Occasional Customers,0
CUST09534,3,459,990760.23,4,Less-Recent Regulars,0
CUST09535,8,299,547897.77,6,At-Risk Customers,0
CUST09536,6,322,662917.96,2,Occasional Customers,0
CUST09537,6,677,1470379.33,3,Loyal High-Frequency,0
CUST09538,7,338,705974.76,6,At-Risk Customers,0
CUST09539,2,712,1463527.0,3,Loyal High-Frequency,0
CUST09540,6,303,592415.48,2,Occasional Customers,0
CUST09541,3,430,960316.16,4,Less-Recent Regulars,0
CUST09542,1,1045,2208263.96,0,VIP / Champions,0
CUST09543,5,470,932892.8,4,Less-Recent Regulars,0
CUST09544,3,319,758278.65,2,Occasional Customers,0
CUST09545,1,726,1556259.21,7,Recent Loyal Customers,0
CUST09546,2,471,967628.34,1,High-Value Regulars,0
CUST09547,1,712,1398526.25,7,Recent Loyal Customers,0
CUST09548,5,336,705446.93,2,Occasional Customers,0
CUST09549,3,321,671825.26,2,Occasional Customers,0
CUST09550,1,1097,2257941.1,0,VIP / Champions,0
CUST09551,2,470,1008156.12,1,High-Value Regulars,0
CUST09552,2,482,1019112.37,1,High-Value Regulars,0
CUST09553,12,448,982461.9,6,At-Risk Customers,0
CUST09554,2,498,1121177.06,1,High-Value Regulars,0
CUST09555,3,734,1592913.18,3,Loyal High-Frequency,0
CUST09556,3,305,671116.02,2,Occasional Customers,0
CUST09557,3,1054,2207782.17,0,VIP / Champions,0
CUST09558,2,333,693684.54,5,Recent Medium-Value,0
CUST09559,4,445,936882.77,4,Less-Recent Regulars,0
CUST09560,2,1048,2114942.44,0,VIP / Champions,0
CUST09561,4,447,945443.02,4,Less-Recent Regulars,0
CUST09562,2,475,1002462.48,1,High-Value Regulars,0
CUST09563,1,1096,2243310.64,0,VIP / Champions,0
CUST09564,1,368,781491.68,5,Recent Medium-Value,0
CUST09565,1,477,1059034.6,1,High-Value Regulars,0
CUST09566,2,1088,2098254.37,0,VIP / Champions,0
CUST09567,1,442,903829.18,1,High-Value Regulars,0
CUST09568,1,309,570389.15,5,Recent Medium-Value,0
CUST09569,4,1055,2335665.77,0,VIP / Champions,0
CUST09570,3,719,1523158.13,3,Loyal High-Frequency,0
CUST09571,1,1065,2212450.29,0,VIP / Champions,0
CUST09572,1,484,1007795.14,1,High-Value Regulars,0
CUST09573,3,307,657720.75,2,Occasional Customers,0
CUST09574,1,1086,2259324.41,0,VIP / Champions,0
CUST09575,2,632,1279727.76,3,Loyal High-Frequency,0
CUST09576,1,499,998871.4,1,High-Value Regulars,0
CUST09577,2,360,721745.96,5,Recent Medium-Value,0
CUST09578,8,684,1468591.92,3,Loyal High-Frequency,0
CUST09579,1,475,1024177.72,1,High-Value Regulars,0
CUST09580,2,349,668838.29,5,Recent Medium-Value,0
CUST09581,3,454,946394.49,4,Less-Recent Regulars,0
CUST09582,4,1041,2128678.97,0,VIP / Champions,0
CUST09583,2,488,984762.56,1,High-Value Regulars,0
CUST09584,1,669,1304770.61,7,Recent Loyal Customers,0
CUST09585,1,472,995990.78,1,High-Value Regulars,0
CUST09586,5,482,966482.94,4,Less-Recent Regulars,0
CUST09587,1,460,1004813.28,1,High-Value Regulars,0
CUST09588,2,308,662683.72,5,Recent Medium-Value,0
CUST09589,4,345,747435.97,2,Occasional Customers,0
CUST09590,2,708,1496114.96,3,Loyal High-Frequency,0
CUST09591,1,338,637032.18,5,Recent Medium-Value,0
CUST09592,2,493,1038809.44,1,High-Value Regulars,0
CUST09593,3,351,699813.59,2,Occasional Customers,0
CUST09594,1,1096,2432393.09,0,VIP / Champions,0
CUST09595,1,299,553715.52,5,Recent Medium-Value,0
CUST09596,2,444,848096.38,1,High-Value Regulars,0
CUST09597,1,336,611296.33,5,Recent Medium-Value,0
CUST09598,1,324,701495.9,5,Recent Medium-Value,0
CUST09599,2,321,629826.95,5,Recent Medium-Value,0
CUST09600,1,1076,2216926.58,0,VIP / Champions,0
CUST09601,5,327,726873.39,2,Occasional Customers,0
CUST09602,5,282,547188.43,2,Occasional Customers,0
CUST09603,3,322,625540.77,2,Occasional Customers,0
CUST09604,1,461,938788.14,1,High-Value Regulars,0
CUST09605,1,299,672015.08,5,Recent Medium-Value,0
CUST09606,1,433,873471.37,1,High-Value Regulars,0
CUST09607,1,407,887787.18,1,High-Value Regulars,0
CUST09608,1,445,1017620.57,1,High-Value Regulars,0
CUST09609,2,295,676508.84,5,Recent Medium-Value,0
CUST09610,2,453,989529.04,1,High-Value Regulars,0
CUST09611,3,338,747543.5599999999,2,Occasional Customers,0
CUST09612,1,1081,2208762.5,0,VIP / Champions,0
CUST09613,1,701,1601399.47,7,Recent Loyal Customers,0
CUST09614,1,372,801928.46,5,Recent Medium-Value,0
CUST09615,1,440,960186.6,1,High-Value Regulars,0
CUST09616,4,1055,2233261.46,0,VIP / Champions,0
CUST09617,2,337,773361.68,5,Recent Medium-Value,0
CUST09618,3,344,777971.58,2,Occasional Customers,0
CUST09619,2,433,1048048.09,1,High-Value Regulars,0
CUST09620,1,305,717394.55,5,Recent Medium-Value,0
CUST09621,1,732,1559921.19,7,Recent Loyal Customers,0
CUST09622,2,1077,2274734.97,0,VIP / Champions,0
CUST09623,1,496,988613.58,1,High-Value Regulars,0
CUST09624,1,1089,2193579.38,0,VIP / Champions,0
CUST09625,2,341,716424.11,5,Recent Medium-Value,0
CUST09626,1,1034,2081556.06,0,VIP / Champions,0
CUST09627,1,305,694291.03,5,Recent Medium-Value,0
CUST09628,1,1058,2288608.88,0,VIP / Champions,0
CUST09629,1,1072,2288663.55,0,VIP / Champions,0
CUST09630,3,310,655963.6,2,Occasional Customers,0
CUST09631,1,333,710418.48,5,Recent Medium-Value,0
CUST09632,3,329,745796.35,2,Occasional Customers,0
CUST09633,1,452,864474.36,1,High-Value Regulars,0
CUST09634,1,1087,2332229.69,0,VIP / Champions,0
CUST09635,1,431,965734.4,1,High-Value Regulars,0
CUST09636,1,472,998741.32,1,High-Value Regulars,0
CUST09637,4,499,1087994.46,4,Less-Recent Regulars,0
CUST09638,1,312,694683.47,5,Recent Medium-Value,0
CUST09639,2,469,1019398.33,1,High-Value Regulars,0
CUST09640,3,331,679446.9,2,Occasional Customers,0
CUST09641,1,687,1521163.37,7,Recent Loyal Customers,0
CUST09642,1,479,991977.92,1,High-Value Regulars,0
CUST09643,1,738,1517670.25,7,Recent Loyal Customers,0
CUST09644,1,324,696392.94,5,Recent Medium-Value,0
CUST09645,2,455,925835.18,1,High-Value Regulars,0
CUST09646,2,349,799543.69,5,Recent Medium-Value,0
CUST09647,7,333,759643.69,6,At-Risk Customers,0
CUST09648,6,637,1300050.34,4,Less-Recent Regulars,0
CUST09649,1,449,1031592.11,1,High-Value Regulars,0
CUST09650,7,326,676809.73,6,At-Risk Customers,0
CUST09651,8,704,1508278.52,3,Loyal High-Frequency,0
CUST09652,7,295,613655.84,6,At-Risk Customers,0
CUST09653,1,482,932326.71,1,High-Value Regulars,0
CUST09654,1,457,840462.51,1,High-Value Regulars,0
CUST09655,3,334,643825.64,2,Occasional Customers,0
CUST09656,5,306,692495.16,2,Occasional Customers,0
CUST09657,9,322,656838.94,6,At-Risk Customers,0
CUST09658,3,342,697542.82,2,Occasional Customers,0
CUST09659,1,298,705439.37,5,Recent Medium-Value,0
CUST09660,1,319,654132.26,5,Recent Medium-Value,0
CUST09661,4,675,1565138.63,3,Loyal High-Frequency,0
CUST09662,1,316,663269.7,5,Recent Medium-Value,0
CUST09663,5,317,691436.47,2,Occasional Customers,0
CUST09664,6,435,872861.59,4,Less-Recent Regulars,0
CUST09665,2,309,619856.21,5,Recent Medium-Value,0
CUST09666,1,514,1082221.07,1,High-Value Regulars,0
CUST09667,1,483,1027881.93,1,High-Value Regulars,0
CUST09668,1,736,1578056.25,7,Recent Loyal Customers,0
CUST09669,3,367,876584.04,2,Occasional Customers,0
CUST09670,1,294,577338.18,5,Recent Medium-Value,0
CUST09671,1,326,655926.98,5,Recent Medium-Value,0
CUST09672,3,458,973571.37,4,Less-Recent Regulars,0
CUST09673,2,339,638826.43,5,Recent Medium-Value,0
CUST09674,3,477,1004762.75,4,Less-Recent Regulars,0
CUST09675,1,688,1420801.08,7,Recent Loyal Customers,0
CUST09676,2,454,1022267.36,1,High-Value Regulars,0
CUST09677,2,314,612699.5,5,Recent Medium-Value,0
CUST09678,2,477,1058905.62,1,High-Value Regulars,0
CUST09679,3,334,711436.55,2,Occasional Customers,0
CUST09680,1,658,1447542.6,7,Recent Loyal Customers,0
CUST09681,4,291,638412.44,2,Occasional Customers,0
CUST09682,1,700,1364034.36,7,Recent Loyal Customers,0
CUST09683,1,991,2084282.11,0,VIP / Champions,0
CUST09684,8,352,774243.57,6,At-Risk Customers,0
CUST09685,2,715,1453207.36,3,Loyal High-Frequency,0
CUST09686,1,674,1506356.62,7,Recent Loyal Customers,0
CUST09687,1,469,1011102.96,1,High-Value Regulars,0
CUST09688,1,738,1467950.58,7,Recent Loyal Customers,0
CUST09689,2,475,1014904.86,1,High-Value Regulars,0
CUST09690,4,448,1002675.74,4,Less-Recent Regulars,0
CUST09691,2,441,968893.78,1,High-Value Regulars,0
CUST09692,2,1004,2240671.75,0,VIP / Champions,0
CUST09693,1,473,1103131.43,1,High-Value Regulars,0
CUST09694,1,342,749121.27,5,Recent Medium-Value,0
CUST09695,2,489,1029779.11,1,High-Value Regulars,0
CUST09696,1,741,1500288.42,7,Recent Loyal Customers,0
CUST09697,3,721,1553110.79,3,Loyal High-Frequency,0
CUST09698,1,323,705373.63,5,Recent Medium-Value,0
CUST09699,3,682,1396339.75,3,Loyal High-Frequency,0
CUST09700,4,488,1138629.13,4,Less-Recent Regulars,0
CUST09701,1,728,1560432.44,7,Recent Loyal Customers,0
CUST09702,1,455,916166.09,1,High-Value Regulars,0
CUST09703,2,340,688460.37,5,Recent Medium-Value,0
CUST09704,10,318,643422.95,6,At-Risk Customers,0
CUST09705,1,322,752969.71,5,Recent Medium-Value,0
CUST09706,9,486,1073535.57,4,Less-Recent Regulars,0
CUST09707,7,344,684834.43,6,At-Risk Customers,0
CUST09708,2,1053,2185846.13,0,VIP / Champions,0
CUST09709,1,333,657330.27,5,Recent Medium-Value,0
CUST09710,10,327,711472.95,6,At-Risk Customers,0
CUST09711,3,731,1584629.74,3,Loyal High-Frequency,0
CUST09712,2,358,769902.64,5,Recent Medium-Value,0
CUST09713,6,322,694098.35,2,Occasional Customers,0
CUST09714,1,316,716421.88,5,Recent Medium-Value,0
CUST09715,3,455,943574.41,4,Less-Recent Regulars,0
CUST09716,3,353,746188.16,2,Occasional Customers,0
CUST09717,4,665,1383000.07,3,Loyal High-Frequency,0
CUST09718,10,457,1004287.37,6,At-Risk Customers,0
CUST09719,5,347,740172.7,2,Occasional Customers,0
CUST09720,5,477,963822.66,4,Less-Recent Regulars,0
CUST09721,1,1078,2312144.79,0,VIP / Champions,0
CUST09722,2,714,1445770.14,3,Loyal High-Frequency,0
CUST09723,2,315,721819.75,5,Recent Medium-Value,0
CUST09724,1,690,1422977.27,7,Recent Loyal Customers,0
CUST09725,4,332,699160.42,2,Occasional Customers,0
CUST09726,1,343,699523.75,5,Recent Medium-Value,0
CUST09727,1,497,1084605.3,1,High-Value Regulars,0
CUST09728,2,651,1342673.57,3,Loyal High-Frequency,0
CUST09729,3,490,1011409.33,4,Less-Recent Regulars,0
CUST09730,1,460,1015632.74,1,High-Value Regulars,0
CUST09731,3,340,615664.64,2,Occasional Customers,0
CUST09732,1,325,648312.94,5,Recent Medium-Value,0
CUST09733,2,1093,2330746.59,0,VIP / Champions,0
CUST09734,1,458,1003849.6,1,High-Value Regulars,0
CUST09735,1,721,1503721.57,7,Recent Loyal Customers,0
CUST09736,1,322,759796.37,5,Recent Medium-Value,0
CUST09737,3,310,646759.4,2,Occasional Customers,0
CUST09738,8,331,786701.95,6,At-Risk Customers,0
CUST09739,1,709,1406028.41,7,Recent Loyal Customers,0
CUST09740,5,336,745706.1,2,Occasional Customers,0
CUST09741,1,454,983997.95,1,High-Value Regulars,0
CUST09742,4,349,738905.04,2,Occasional Customers,0
CUST09743,1,315,707639.36,5,Recent Medium-Value,0
CUST09744,2,462,962714.75,1,High-Value Regulars,0
CUST09745,2,428,881746.71,1,High-Value Regulars,0
CUST09746,3,700,1422477.01,3,Loyal High-Frequency,0
CUST09747,1,706,1491807.61,7,Recent Loyal Customers,0
CUST09748,6,331,725791.71,2,Occasional Customers,0
CUST09749,6,335,701703.1,2,Occasional Customers,0
CUST09750,3,438,888801.32,4,Less-Recent Regulars,0
CUST09751,2,339,740866.99,5,Recent Medium-Value,0
CUST09752,2,341,688754.47,5,Recent Medium-Value,0
CUST09753,3,469,1029749.91,4,Less-Recent Regulars,0
CUST09754,1,434,948643.91,1,High-Value Regulars,0
CUST09755,13,350,720051.66,6,At-Risk Customers,0
CUST09756,2,719,1412300.55,3,Loyal High-Frequency,0
CUST09757,2,330,687579.82,5,Recent Medium-Value,0
CUST09758,2,712,1483236.66,3,Loyal High-Frequency,0
CUST09759,2,321,663819.03,5,Recent Medium-Value,0
CUST09760,1,488,1024935.99,1,High-Value Regulars,0
CUST09761,3,444,943320.99,4,Less-Recent Regulars,0
CUST09762,2,301,582127.29,5,Recent Medium-Value,0
CUST09763,3,337,737327.89,2,Occasional Customers,0
CUST09764,1,681,1333702.58,7,Recent Loyal Customers,0
CUST09765,2,729,1596358.94,3,Loyal High-Frequency,0
CUST09766,2,314,650658.24,5,Recent Medium-Value,0
CUST09767,2,446,952655.68,1,High-Value Regulars,0
CUST09768,2,654,1354405.92,3,Loyal High-Frequency,0
CUST09769,2,297,649350.44,5,Recent Medium-Value,0
CUST09770,2,453,887524.39,1,High-Value Regulars,0
CUST09771,1,495,978041.21,1,High-Value Regulars,0
CUST09772,2,317,737085.1,5,Recent Medium-Value,0
CUST09773,1,339,730393.93,5,Recent Medium-Value,0
CUST09774,2,1077,2257055.84,0,VIP / Champions,0
CUST09775,1,459,986818.75,1,High-Value Regulars,0
CUST09776,2,482,1005416.61,1,High-Value Regulars,0
CUST09777,1,462,948662.53,1,High-Value Regulars,0
CUST09778,3,450,972372.42,4,Less-Recent Regulars,0
CUST09779,1,736,1603955.6199999999,7,Recent Loyal Customers,0
CUST09780,2,673,1453036.7,3,Loyal High-Frequency,0
CUST09781,4,430,901963.44,4,Less-Recent Regulars,0
CUST09782,6,350,713586.14,2,Occasional Customers,0
CUST09783,3,333,659536.9,2,Occasional Customers,0
CUST09784,1,713,1462303.86,7,Recent Loyal Customers,0
CUST09785,1,732,1561305.47,7,Recent Loyal Customers,0
CUST09786,1,450,853238.3,1,High-Value Regulars,0
CUST09787,1,326,703072.86,5,Recent Medium-Value,0
CUST09788,1,726,1525532.32,7,Recent Loyal Customers,0
CUST09789,8,314,640641.8099999999,6,At-Risk Customers,0
CUST09790,2,686,1429777.34,3,Loyal High-Frequency,0
CUST09791,3,489,997725.66,4,Less-Recent Regulars,0
CUST09792,1,1104,2340651.64,0,VIP / Champions,0
CUST09793,3,324,613904.99,2,Occasional Customers,0
CUST09794,2,487,1132968.78,1,High-Value Regulars,0
CUST09795,1,714,1510416.73,7,Recent Loyal Customers,0
CUST09796,1,363,802513.27,5,Recent Medium-Value,0
CUST09797,1,702,1544185.55,7,Recent Loyal Customers,0
CUST09798,2,313,679852.71,5,Recent Medium-Value,0
CUST09799,1,454,975604.09,1,High-Value Regulars,0
CUST09800,2,439,865047.64,1,High-Value Regulars,0
CUST09801,1,735,1600334.93,7,Recent Loyal Customers,0
CUST09802,2,1067,2266299.35,0,VIP / Champions,0
CUST09803,2,1087,2252286.47,0,VIP / Champions,0
CUST09804,2,443,1021599.41,1,High-Value Regulars,0
CUST09805,2,467,970050.9,1,High-Value Regulars,0
CUST09806,3,422,864063.54,4,Less-Recent Regulars,0
CUST09807,1,718,1585682.07,7,Recent Loyal Customers,0
CUST09808,3,726,1535023.44,3,Loyal High-Frequency,0
CUST09809,1,311,590335.35,5,Recent Medium-Value,0
CUST09810,3,737,1549270.24,3,Loyal High-Frequency,0
CUST09811,3,309,678975.46,2,Occasional Customers,0
CUST09812,2,325,728803.27,5,Recent Medium-Value,0
CUST09813,1,692,1564557.02,7,Recent Loyal Customers,0
CUST09814,4,486,897285.87,4,Less-Recent Regulars,0
CUST09815,2,444,901156.26,1,High-Value Regulars,0
CUST09816,2,361,810824.57,5,Recent Medium-Value,0
CUST09817,7,336,654907.27,6,At-Risk Customers,0
CUST09818,1,502,1096299.21,1,High-Value Regulars,0
CUST09819,1,359,761347.8,5,Recent Medium-Value,0
CUST09820,3,508,1019865.01,4,Less-Recent Regulars,0
CUST09821,2,467,965154.05,1,High-Value Regulars,0
CUST09822,3,453,866454.32,4,Less-Recent Regulars,0
CUST09823,4,311,746256.59,2,Occasional Customers,0
CUST09824,6,316,676392.04,2,Occasional Customers,0
CUST09825,1,347,781968.22,5,Recent Medium-Value,0
CUST09826,1,454,893079.12,1,High-Value Regulars,0
CUST09827,2,1083,2387312.34,0,VIP / Champions,0
CUST09828,2,659,1409380.68,3,Loyal High-Frequency,0
CUST09829,2,684,1422605.47,3,Loyal High-Frequency,0
CUST09830,1,708,1582143.84,7,Recent Loyal Customers,0
CUST09831,1,357,691596.98,5,Recent Medium-Value,0
CUST09832,1,457,897136.04,1,High-Value Regulars,0
CUST09833,1,706,1481474.82,7,Recent Loyal Customers,0
CUST09834,2,484,1027208.38,1,High-Value Regulars,0
CUST09835,2,1095,2310097.15,0,VIP / Champions,0
CUST09836,1,449,1022633.5,1,High-Value Regulars,0
CUST09837,2,463,1014172.14,1,High-Value Regulars,0
CUST09838,3,347,686716.45,2,Occasional Customers,0
CUST09839,7,315,709102.12,6,At-Risk Customers,0
CUST09840,4,319,666320.63,2,Occasional Customers,0
CUST09841,3,341,718668.88,2,Occasional Customers,0
CUST09842,1,497,977857.91,1,High-Value Regulars,0
CUST09843,1,329,696440.52,5,Recent Medium-Value,0
CUST09844,1,333,640321.3099999999,5,Recent Medium-Value,0
CUST09845,1,462,929885.39,1,High-Value Regulars,0
CUST09846,2,731,1569855.61,3,Loyal High-Frequency,0
CUST09847,2,344,715840.35,5,Recent Medium-Value,0
CUST09848,3,452,956183.25,4,Less-Recent Regulars,0
CUST09849,3,333,695266.46,2,Occasional Customers,0
CUST09850,1,1098,2280691.88,0,VIP / Champions,0
CUST09851,5,452,955926.84,4,Less-Recent Regulars,0
CUST09852,1,456,869461.95,1,High-Value Regulars,0
CUST09853,3,495,1129771.43,4,Less-Recent Regulars,0
CUST09854,1,725,1574660.54,7,Recent Loyal Customers,0
CUST09855,2,472,1047689.91,1,High-Value Regulars,0
CUST09856,3,1083,2141662.71,0,VIP / Champions,0
CUST09857,5,328,730939.68,2,Occasional Customers,0
CUST09858,2,664,1340653.72,3,Loyal High-Frequency,0
CUST09859,1,334,717289.49,5,Recent Medium-Value,0
CUST09860,3,366,758145.08,2,Occasional Customers,0
CUST09861,3,498,1076366.93,4,Less-Recent Regulars,0
CUST09862,1,341,661608.31,5,Recent Medium-Value,0
CUST09863,6,348,710623.8,2,Occasional Customers,0
CUST09864,2,322,681613.63,5,Recent Medium-Value,0
CUST09865,6,309,622512.17,2,Occasional Customers,0
CUST09866,3,420,865186.63,4,Less-Recent Regulars,0
CUST09867,2,334,695705.98,5,Recent Medium-Value,0
CUST09868,1,1053,2289683.14,0,VIP / Champions,0
CUST09869,4,321,703884.18,2,Occasional Customers,0
CUST09870,2,1048,2188362.52,0,VIP / Champions,0
CUST09871,1,440,983903.68,1,High-Value Regulars,0
CUST09872,2,723,1543391.57,3,Loyal High-Frequency,0
CUST09873,3,483,900548.36,4,Less-Recent Regulars,0
CUST09874,1,315,728519.28,5,Recent Medium-Value,0
CUST09875,4,496,977781.18,4,Less-Recent Regulars,0
CUST09876,2,333,698128.21,5,Recent Medium-Value,0
CUST09877,3,719,1517756.11,3,Loyal High-Frequency,0
CUST09878,1,666,1450612.45,7,Recent Loyal Customers,0
CUST09879,1,315,724305.66,5,Recent Medium-Value,0
CUST09880,3,435,949476.05,4,Less-Recent Regulars,0
CUST09881,7,306,594113.91,6,At-Risk Customers,0
CUST09882,5,355,807389.01,2,Occasional Customers,0
CUST09883,1,349,690373.21,5,Recent Medium-Value,0
CUST09884,3,456,923567.39,4,Less-Recent Regulars,0
CUST09885,1,697,1572925.59,7,Recent Loyal Customers,0
CUST09886,2,307,662165.62,5,Recent Medium-Value,0
CUST09887,8,464,966083.08,4,Less-Recent Regulars,0
CUST09888,1,330,740392.83,5,Recent Medium-Value,0
CUST09889,1,439,972229.44,1,High-Value Regulars,0
CUST09890,1,316,694260.03,5,Recent Medium-Value,0
CUST09891,1,333,705839.96,5,Recent Medium-Value,0
CUST09892,5,317,678902.54,2,Occasional Customers,0
CUST09893,3,452,996201.7,4,Less-Recent Regulars,0
CUST09894,1,439,937802.64,1,High-Value Regulars,0
CUST09895,1,350,781228.04,5,Recent Medium-Value,0
CUST09896,6,323,679900.99,2,Occasional Customers,0
CUST09897,1,428,958301.47,1,High-Value Regulars,0
CUST09898,3,456,977260.91,4,Less-Recent Regulars,0
CUST09899,1,331,697457.54,5,Recent Medium-Value,0
CUST09900,2,689,1394790.63,3,Loyal High-Frequency,0
CUST09901,4,455,863700.59,4,Less-Recent Regulars,0
CUST09902,1,701,1484572.11,7,Recent Loyal Customers,0
CUST09903,2,1045,2208122.47,0,VIP / Champions,0
CUST09904,2,440,885342.1,1,High-Value Regulars,0
CUST09905,3,331,618903.04,2,Occasional Customers,0
CUST09906,2,429,949838.96,1,High-Value Regulars,0
CUST09907,6,451,972250.17,4,Less-Recent Regulars,0
CUST09908,3,322,603205.76,2,Occasional Customers,0
CUST09909,1,293,643859.26,5,Recent Medium-Value,0
CUST09910,1,309,616561.1,5,Recent Medium-Value,0
CUST09911,1,426,890380.28,1,High-Value Regulars,0
CUST09912,2,473,1023729.47,1,High-Value Regulars,0
CUST09913,1,1070,2337232.73,0,VIP / Champions,0
CUST09914,2,496,1007272.71,1,High-Value Regulars,0
CUST09915,1,339,649817.57,5,Recent Medium-Value,0
CUST09916,2,713,1505872.33,3,Loyal High-Frequency,0
CUST09917,1,1079,2202777.75,0,VIP / Champions,0
CUST09918,4,479,1004945.08,4,Less-Recent Regulars,0
CUST09919,1,765,1590282.1,7,Recent Loyal Customers,0
CUST09920,3,702,1522886.3,3,Loyal High-Frequency,0
CUST09921,7,318,572563.29,6,At-Risk Customers,0
CUST09922,2,346,680333.05,5,Recent Medium-Value,0
CUST09923,3,453,1006669.68,4,Less-Recent Regulars,0
CUST09924,1,1085,2332659.13,0,VIP / Champions,0
CUST09925,1,341,710088.9400000001,5,Recent Medium-Value,0
CUST09926,1,1019,2146309.02,0,VIP / Champions,0
CUST09927,4,322,668830.18,2,Occasional Customers,0
CUST09928,5,451,997819.21,4,Less-Recent Regulars,0
CUST09929,6,467,961416.54,4,Less-Recent Regulars,0
CUST09930,4,321,713449.6,2,Occasional Customers,0
CUST09931,1,366,765221.3099999999,5,Recent Medium-Value,0
CUST09932,4,343,758874.74,2,Occasional Customers,0
CUST09933,7,352,728811.78,6,At-Risk Customers,0
CUST09934,11,362,766940.78,6,At-Risk Customers,0
CUST09935,1,473,987324.45,1,High-Value Regulars,0
CUST09936,1,491,1085166.59,1,High-Value Regulars,0
CUST09937,5,325,761790.63,2,Occasional Customers,0
CUST09938,4,352,765420.3,2,Occasional Customers,0
CUST09939,1,458,919525.36,1,High-Value Regulars,0
CUST09940,1,695,1411483.07,7,Recent Loyal Customers,0
CUST09941,2,439,964391.49,1,High-Value Regulars,0
CUST09942,1,447,853155.47,1,High-Value Regulars,0
CUST09943,2,337,624519.98,5,Recent Medium-Value,0
CUST09944,1,667,1465105.1199999999,7,Recent Loyal Customers,0
CUST09945,3,494,1040028.5599999999,4,Less-Recent Regulars,0
CUST09946,8,311,633776.53,6,At-Risk Customers,0
CUST09947,5,716,1523384.38,3,Loyal High-Frequency,0
CUST09948,3,334,680406.9,2,Occasional Customers,0
CUST09949,1,334,654602.04,5,Recent Medium-Value,0
CUST09950,1,477,1046317.27,1,High-Value Regulars,0
CUST09951,3,294,566943.36,2,Occasional Customers,0
CUST09952,2,350,741884.1,5,Recent Medium-Value,0
CUST09953,2,487,996645.51,1,High-Value Regulars,0
CUST09954,1,304,684844.87,5,Recent Medium-Value,0
CUST09955,2,328,717862.79,5,Recent Medium-Value,0
CUST09956,1,331,697146.83,5,Recent Medium-Value,0
CUST09957,2,461,978780.07,1,High-Value Regulars,0
CUST09958,1,1073,2388237.6,0,VIP / Champions,0
CUST09959,1,473,947159.87,1,High-Value Regulars,0
CUST09960,1,1067,2158400.39,0,VIP / Champions,0
CUST09961,1,1078,2250657.8,0,VIP / Champions,0
CUST09962,5,690,1413851.89,3,Loyal High-Frequency,0
CUST09963,3,465,1051575.7,4,Less-Recent Regulars,0
CUST09964,3,498,1100603.11,4,Less-Recent Regulars,0
CUST09965,1,472,1019101.1,1,High-Value Regulars,0
CUST09966,9,302,542560.62,6,At-Risk Customers,0
CUST09967,11,354,702334.38,6,At-Risk Customers,0
CUST09968,1,1131,2411509.41,0,VIP / Champions,0
CUST09969,3,465,1026886.19,4,Less-Recent Regulars,0
CUST09970,2,713,1457149.63,3,Loyal High-Frequency,0
CUST09971,3,310,682518.73,2,Occasional Customers,0
CUST09972,1,334,714829.66,5,Recent Medium-Value,0
CUST09973,4,307,654018.92,2,Occasional Customers,0
CUST09974,1,699,1491251.04,7,Recent Loyal Customers,0
CUST09975,6,290,638239.18,2,Occasional Customers,0
CUST09976,2,717,1506707.06,3,Loyal High-Frequency,0
CUST09977,2,699,1486800.66,3,Loyal High-Frequency,0
CUST09978,1,334,764144.88,5,Recent Medium-Value,0
CUST09979,4,321,662324.38,2,Occasional Customers,0
CUST09980,6,514,1064463.6,4,Less-Recent Regulars,0
CUST09981,1,691,1498290.17,7,Recent Loyal Customers,0
CUST09982,2,697,1510687.66,3,Loyal High-Frequency,0
CUST09983,2,422,848108.54,1,High-Value Regulars,0
CUST09984,1,477,1082401.5,1,High-Value Regulars,0
CUST09985,2,1056,2246661.81,0,VIP / Champions,0
CUST09986,4,440,920824.66,4,Less-Recent Regulars,0
CUST09987,2,305,622109.09,5,Recent Medium-Value,0
CUST09988,5,333,674620.29,2,Occasional Customers,0
CUST09989,1,324,685740.41,5,Recent Medium-Value,0
CUST09990,4,322,589424.38,2,Occasional Customers,0
CUST09991,2,717,1634853.29,3,Loyal High-Frequency,0
CUST09992,1,474,974912.78,1,High-Value Regulars,0
CUST09993,7,690,1476123.26,3,Loyal High-Frequency,0
CUST09994,1,1063,2227470.76,0,VIP / Champions,0
CUST09995,1,467,927589.33,1,High-Value Regulars,0
CUST09996,7,721,1551405.53,3,Loyal High-Frequency,0
CUST09997,1,717,1633774.59,7,Recent Loyal Customers,0
CUST09998,7,301,685629.43,6,At-Risk Customers,0
CUST09999,5,331,680356.47,2,Occasional Customers,0
CUST10000,1,296,640955.18,5,Recent Medium-Value,0
